TSNE1,TSNE2,Label
16.210096,26.299524,0
16.83506,-76.17796,0
77.42114,6.5049386,4
28.567987,-79.046776,0
-6.6274905,-22.826937,0
104.57719,0.10319469,4
-4.2753434,9.551788,0
-53.761753,-26.678507,0
-43.822998,-17.774736,0
25.635616,10.986426,0
31.859045,8.517737,0
-36.553852,90.48818,0
-26.441404,81.209526,0
13.484961,21.492489,0
101.82218,-12.309194,4
61.288498,-57.374718,2
17.491718,9.190422,0
69.535706,-19.624718,0
-18.49539,0.37650844,0
69.308586,-9.358619,0
82.39925,-10.320023,4
-9.005186,-74.87442,0
-52.283463,-38.883736,0
-84.58604,-35.157997,10
-4.647224,-18.9128,0
-8.62888,16.90587,0
-71.588196,21.560343,0
-8.582899,23.27974,0
-6.1942325,-62.63321,0
20.96898,-51.728336,2
39.69652,-44.283424,0
-33.535168,-57.352795,0
-86.13511,22.548708,0
49.301872,26.495117,0
87.83289,-0.25730762,4
-59.916626,-48.81943,0
-11.065004,-9.4040365,0
-83.80929,9.430679,0
29.818624,-49.739246,2
14.42369,-69.4217,0
7.676594,77.1131,0
-26.482403,-77.60283,0
37.27856,33.525433,0
-70.71899,20.358093,0
-60.87411,-52.32809,0
13.392623,76.741005,0
3.3335474,-104.1511,10
-51.359184,-13.9612465,0
1.9725325,67.73315,0
-8.4901705,62.17556,0
-81.004326,21.197193,0
2.6596353,68.782036,0
-22.478691,-29.903873,0
-59.932938,-29.67204,0
-60.876534,-52.117336,0
-82.46016,-39.13983,0
-14.9654255,-8.087749,0
-86.84292,-25.510452,10
-1.6344259,-0.8885712,0
58.34635,-46.136154,2
-38.78452,43.473866,0
-62.39517,62.529053,0
41.99406,-67.6269,0
-84.17165,-43.697304,0
-87.850006,0.0023741694,0
-21.899994,2.7517135,0
-31.24749,-59.68045,0
32.125977,-50.27955,2
-63.97485,45.26682,0
-35.111572,-75.51652,0
-3.0863698,-76.85493,0
-30.530895,-60.17865,0
58.50787,18.862425,0
-0.087188,-15.175713,2
-6.9801326,-80.98093,0
32.93047,-15.66648,0
-53.137722,12.914583,0
68.46071,-22.233992,0
58.19505,25.849674,0
10.412438,-34.155083,0
81.85981,-13.0041065,4
4.4030743,34.248104,0
70.76933,-0.7543771,0
-21.444239,-46.02383,0
48.69868,15.802557,0
-48.438763,1.9563679,0
44.99416,-22.951408,0
29.377419,3.587746,0
82.10227,33.295788,4
5.831787,-55.003525,0
-52.080273,-27.83981,0
-17.797031,1.0371886,0
49.678043,13.485492,0
43.952206,8.996683,0
32.801014,-30.631416,0
-60.545082,-51.290672,1
35.717785,38.29482,0
-2.1431143,-43.784813,0
-67.68191,-7.7787094,0
-2.3253863,-44.44472,0
-54.94111,49.703964,0
31.491762,-14.698388,0
58.277245,37.121677,6
9.175709,36.053707,0
-83.87022,-25.753159,10
29.453703,-11.622384,0
15.274081,-74.63102,0
-81.90033,8.865481,0
36.743217,27.87362,0
5.6906233,60.58967,0
-39.292126,6.253867,0
61.044144,33.976963,0
-83.72255,24.328962,0
12.579996,-70.343735,0
-71.2486,6.277886,0
-0.41653565,-38.30542,0
-27.149118,-62.08191,0
-81.22621,21.351452,0
57.563423,5.438258,3
-52.129993,-27.806074,0
29.308203,3.7104335,0
81.423904,38.249805,4
68.82449,-21.300737,0
42.35166,45.429924,0
-3.373557,16.944933,0
-8.947011,62.563454,0
-7.0145016,30.127657,0
-18.995937,58.400917,0
17.100842,3.1705859,0
42.06571,45.481606,0
36.14322,19.027739,0
-16.129576,-45.884144,0
32.304348,33.577744,0
25.97847,35.294117,0
-18.518064,43.780266,0
-15.715813,-52.932163,0
36.755814,35.214462,0
-37.923244,90.12416,0
-70.9507,20.565355,0
105.53193,1.1903647,4
-40.025124,-81.340256,0
29.729433,48.965214,0
-18.086987,5.22243,0
-13.650451,-31.03733,0
99.190346,-10.469188,4
-22.27376,-26.720121,0
19.79361,-65.43661,0
12.049623,-49.832436,0
57.712162,-37.64964,2
27.846125,19.887526,0
-20.004128,-70.21781,0
-19.838326,41.545456,0
56.77406,-14.04858,0
82.68434,-34.729824,2
1.8471589,65.985115,0
2.563434,-96.79103,10
-3.9480891,43.8634,0
39.090626,8.574844,0
-36.57193,11.472185,0
57.29691,-34.929768,2
20.534807,7.3317456,0
19.33574,-16.212011,0
45.64432,16.297232,0
-22.744812,72.935104,0
28.213644,52.52592,6
-0.1550291,-60.661774,0
-56.02929,60.144753,0
36.68765,-24.944267,0
-29.77356,24.945076,0
8.416995,-62.83123,0
-72.42227,-3.4167414,0
-84.243744,0.88836735,0
-87.11457,-0.16316527,0
-52.78804,51.08087,0
41.218876,-68.29698,0
61.17502,22.225319,0
-70.007576,1.1469759,0
54.91404,16.05388,0
-61.77213,46.026455,0
-86.38094,1.3755149,0
-35.978653,77.495316,0
-1.1686835,31.091349,0
-36.51234,79.06575,0
91.17591,-31.493855,2
-4.6339107,-18.903883,0
-7.851365,60.63585,0
57.33315,31.550371,0
38.341034,10.577298,0
2.3316882,68.80598,0
28.01797,-45.59916,0
12.392692,2.8491004,0
-62.235363,33.307827,0
-36.19122,-53.31044,0
-52.771397,-15.217707,0
-27.810488,-76.02796,0
36.731064,61.497612,0
25.351309,48.118427,0
14.895219,16.47283,7
7.9075556,76.831894,0
25.315453,48.45133,0
32.11361,-30.293615,0
-37.98856,78.073555,0
31.510563,-19.876621,0
41.074226,11.820938,0
29.353922,-8.803065,0
10.157206,69.14485,0
-6.026279,-99.25058,10
-72.84272,6.4351535,0
-26.408123,-62.627388,0
-4.486626,59.332336,0
65.507935,-57.892868,2
-34.900455,1.3064991,0
90.11406,-33.46545,2
36.078346,-42.058365,0
-29.234581,27.690792,0
83.04877,40.438427,4
1.7286175,-74.39319,0
7.561473,-63.31146,0
56.441998,11.260554,0
-82.46397,-39.157177,0
-5.114858,-75.61017,0
-60.204556,-49.48554,0
49.952847,12.097445,0
-0.23905148,31.519527,0
5.9143486,-55.029366,0
-76.91847,-58.030983,0
2.2487698,-104.63617,10
79.95972,40.71346,4
-71.21356,-8.854103,0
-61.494446,-52.931232,0
-18.289082,9.343255,0
-50.37186,-37.329693,0
84.05615,39.31125,4
-82.037254,10.080968,0
12.02794,-49.765736,0
-19.384853,6.2285695,0
-63.50362,45.41002,0
-41.849133,-77.52826,0
90.09536,4.8325434,4
-13.435421,-36.134235,0
32.391117,19.803902,0
-20.954422,76.46679,0
-50.697533,55.602997,0
-14.320314,77.51303,0
-21.91278,17.646925,0
-13.218321,6.1602535,0
-18.109394,9.414205,0
-4.4518547,29.24557,0
-26.42654,-62.653454,0
10.497307,74.08656,0
83.11338,40.648266,4
42.907837,70.4338,0
87.052574,1.4001522,4
48.30911,17.229853,0
-8.47202,16.844913,0
32.993538,-30.759068,0
-81.06327,21.354366,0
31.540152,11.524358,0
-2.9440389,-22.930912,0
-54.01054,-56.686054,0
86.51983,0.91376936,4
14.920941,68.35817,0
-5.7413435,-99.33461,10
-59.791157,46.860332,0
59.39527,34.06033,0
69.15777,-9.492244,0
36.680008,-43.107338,0
-1.2952352,-57.82764,0
4.2673016,64.231705,0
65.590065,-44.706245,2
34.523846,37.335808,0
102.935036,-4.1638217,4
56.66495,-46.52667,2
-54.152363,42.675983,0
-34.517643,-56.08542,0
37.87532,62.882576,0
-1.4486699,-19.057806,0
2.2798479,-50.09541,0
-27.751907,81.31869,0
-7.496628,60.55028,0
-8.267401,18.447966,0
-45.110012,5.5636578,0
57.275566,-3.2859864,0
-71.58825,-10.976838,0
14.388291,47.641937,0
13.824252,-5.645794,4
82.180954,37.01115,4
41.211384,-67.67552,0
-46.739048,3.4152913,0
58.652462,19.963638,0
13.573985,-37.31253,0
-81.30558,-52.522438,0
85.308365,23.794588,4
-44.228012,-17.437132,0
-4.4720364,46.65877,0
8.465153,12.3237505,0
23.839832,47.752506,0
-5.045288,59.912663,0
-40.660946,-4.3984823,0
-28.81021,26.48776,0
-61.29736,-28.157173,0
41.290928,38.139027,0
-87.968445,2.5415242,0
12.833736,-8.984128,4
-9.481556,-76.13729,0
5.831788,-55.376396,0
4.8496184,31.863018,0
91.560875,1.0486661,4
-11.823823,83.62932,0
-38.049603,-18.939396,0
-13.380179,-25.490444,0
16.505857,-69.43923,0
-20.266851,16.657986,0
106.32794,1.5647762,4
53.1732,-13.028518,0
30.012798,-79.96959,0
41.1263,-66.93749,0
46.57759,-12.745048,0
5.3249254,-28.659216,0
-74.077866,0.33631864,0
-12.161771,47.440063,0
32.11623,32.444717,0
-49.226936,60.43861,0
5.6013346,-102.520935,10
25.903357,-2.5571313,0
42.908394,72.721344,0
-65.68084,-4.4739656,0
35.225933,19.629602,0
24.910614,-16.5409,0
30.308056,64.464676,0
-3.8507144,-98.01871,10
91.11627,-31.209917,2
-33.443947,-0.017863225,0
76.14402,9.830105,4
-33.72747,-81.15038,0
62.2185,32.24611,0
0.6897385,-12.264863,2
36.397495,-75.17572,0
-19.555258,78.52735,0
70.88776,-0.80217206,0
10.154875,35.601936,0
-83.82232,-43.409664,0
41.39274,-69.78527,0
-15.022799,-12.523472,0
-18.942202,1.5231745,0
8.416811,-62.831013,0
-71.92024,7.232933,0
-70.046394,7.469441,0
-80.61529,8.887183,0
-28.87081,82.34737,0
-60.201252,-49.486492,0
68.50787,-22.601217,0
-0.49425206,-78.44473,0
41.67588,14.152718,0
-7.125778,-56.865456,0
2.2917528,32.762623,0
-47.292908,-65.1378,0
-1.2377862,-57.740047,0
-14.191927,-8.4305315,0
15.649087,-75.72303,0
-12.550292,-9.826458,0
39.063652,-42.789318,0
29.004429,-78.13394,0
49.516216,31.195341,0
-12.874551,6.028952,0
82.85251,-34.94234,2
-82.3654,22.93001,0
36.552723,42.460045,0
0.54236,-49.710346,0
-37.582413,87.08138,0
-19.1581,-53.72412,0
-24.211834,-19.264357,0
42.649395,-70.75256,0
-55.391438,-33.170506,0
48.823082,26.459667,0
6.2189546,-41.989517,0
-86.21086,26.933607,0
-38.02854,-18.926617,0
-7.4669204,61.510647,0
-38.638443,19.950031,0
27.871374,19.509043,0
82.73312,-12.983256,4
53.19542,22.335318,0
12.573018,79.17048,0
36.74821,-41.135475,0
-60.110844,48.50758,0
2.6740716,32.408646,0
-51.040928,55.78587,0
9.536964,42.862232,0
-39.497272,2.5805523,0
-27.857773,86.246,0
-83.82528,-43.413418,0
-70.20684,21.892696,0
38.99377,23.49971,0
-6.81151,27.942316,0
30.53987,12.692703,0
10.986236,45.582813,0
-86.84292,-25.510452,10
-71.882965,-11.055983,0
53.423073,21.089508,0
-12.226127,82.012764,0
16.819502,-76.14911,0
-86.84292,-25.510452,10
-61.68264,39.72345,0
7.730473,-41.708546,0
-30.067204,73.84769,0
36.624546,10.242601,0
-61.600914,32.972958,0
-34.348576,-80.91718,0
-35.272095,-81.8649,0
41.93475,-64.912926,0
29.987242,-52.78926,2
-56.653214,-32.197212,0
-37.964413,-18.867683,0
-48.80994,60.15137,0
-29.094755,-72.6494,0
38.83409,-7.8999124,0
-74.55045,0.9544965,0
49.09922,32.054485,0
16.037165,-3.3850088,0
25.336756,-16.061527,0
8.362554,4.6455708,1
30.651115,64.95173,0
-47.60382,0.89075994,0
19.109465,-51.36617,2
-10.049719,18.04951,0
-35.244553,-80.36617,0
-81.25635,-6.4226213,0
36.29426,-23.898218,0
11.035838,77.73294,0
-82.50571,15.781889,0
-11.713806,6.1806326,0
-3.044846,-76.30073,0
-8.487177,15.906045,0
-51.64145,53.605785,0
10.920949,-36.465256,0
9.373084,77.47142,0
55.884876,-35.22034,2
-19.284805,77.456795,0
-18.805218,0.29454798,0
39.250484,42.86793,0
90.32545,3.4030793,4
-52.999386,11.629978,0
-30.119827,73.595276,0
36.957058,-8.962028,0
87.73266,25.581045,4
-78.6106,-33.698605,10
18.880552,-51.2606,2
-37.49439,-18.813223,0
-3.767633,-97.99542,10
-43.071823,-37.138474,0
-85.59667,-34.519356,10
64.729996,-45.525955,2
7.435625,-100.13013,10
10.630983,45.31071,0
-71.74363,-11.113114,0
51.68824,22.389133,0
36.53306,-42.841133,0
-19.576075,78.10871,0
57.449535,15.288853,0
56.546303,-1.8307847,0
-61.807808,54.597023,0
11.524062,-6.2504845,4
-64.37856,-4.4490027,0
-53.616135,51.108303,0
88.82208,24.122742,4
-87.80987,26.558569,0
29.08817,-50.840397,2
-6.026279,-99.25058,10
-40.618984,-4.4091735,0
-49.838856,44.73638,0
-86.81007,26.223902,0
50.638798,32.152584,0
-19.686546,42.389896,0
-44.873,4.5239315,0
-33.350655,-81.27319,0
107.39152,1.5456283,4
12.777527,22.935764,0
105.45795,-3.3811002,4
-23.582348,-26.579283,0
17.768766,-75.97396,4
-37.7944,44.38172,0
-40.307053,-23.321909,0
-53.434875,12.2611475,0
42.068768,-64.843575,0
40.682083,10.850789,0
-11.777776,6.385775,0
8.417218,-62.83082,0
-54.293392,-40.56187,0
5.4763937,31.797184,0
28.219498,2.5974965,0
-39.394394,87.48819,0
-40.30666,-23.32247,0
-81.45046,-26.206673,10
-91.943275,-24.83095,10
36.246895,-23.895185,0
25.712166,-13.755444,0
-84.76468,6.912862,0
-8.876391,16.720512,0
-50.61566,-63.50256,0
-1.3344707,-57.90392,0
-25.04173,73.62721,0
-62.10537,39.83683,0
45.13548,2.4273334,3
13.607248,-37.091427,0
43.876015,44.572624,0
81.915146,-10.558433,4
41.63642,41.48879,0
61.062798,31.10508,0
34.440166,34.72623,0
11.421687,-35.89397,0
-22.500134,-17.40458,0
88.68279,24.394735,4
0.7157579,-12.149226,2
3.146117,22.902206,0
34.202496,-6.8683333,0
0.875107,37.24982,0
40.95435,-46.71468,0
40.507435,7.463952,0
84.64397,-29.078123,2
37.924885,41.239857,0
60.384373,27.46161,0
-28.688345,71.779785,0
89.80033,1.2246236,4
1.6591423,-74.32396,0
56.19477,-0.3393177,0
56.45236,2.1268942,0
38.517754,-7.580278,0
-50.23294,43.81445,0
40.087234,19.959646,0
35.840313,-10.459435,0
-21.416492,-46.03209,0
5.9341955,35.88679,0
-51.825253,46.72782,0
-11.004266,-6.1583405,0
-24.212654,-19.264761,0
-29.420078,-65.26766,0
-38.88364,78.56513,0
-36.462494,-18.786488,0
10.890482,14.609777,0
-29.781704,-75.4992,0
30.642235,64.96132,0
-54.63569,55.283405,0
-22.259245,1.9308035,0
-35.694096,-0.62014836,0
-22.50012,-17.404621,0
-38.28821,-77.393196,0
0.7510736,-2.7128754,3
36.684452,-25.052923,0
-65.03912,-3.9030879,0
-42.673824,30.148964,0
22.008455,-51.777466,2
-63.12387,62.693275,0
-51.56853,-38.311195,0
33.027752,-0.29876384,0
-44.37401,-37.06789,0
86.72585,27.354454,4
106.37661,1.1042174,4
-42.86869,2.273831,0
68.092316,-22.759392,0
5.3437605,-102.76226,10
-48.198807,1.9677165,0
-84.38442,1.3221816,0
28.746933,-50.956318,2
12.981024,-69.49993,0
-52.626373,-14.849553,0
-6.977369,-80.98265,0
46.848354,-20.247835,0
-2.7450988,-22.75821,0
39.046707,30.276264,0
-4.7730627,-56.163315,0
50.559864,22.727262,0
32.8555,22.391394,0
-70.04334,22.647276,0
63.34546,-54.104645,2
-84.1639,22.801945,0
-52.532497,13.489279,0
24.291737,10.102095,0
-45.20412,-0.30247256,0
58.277992,25.880976,0
-54.262253,40.324005,0
-0.1006055,-97.27798,10
69.742096,-19.490507,0
-58.60528,49.45852,0
26.37468,36.538788,0
-33.392166,-0.25795752,0
-3.0544896,-76.73077,0
-39.253002,90.31067,0
70.8265,-0.77779937,0
41.94488,-48.312786,0
68.43108,-22.786316,0
-20.949106,57.29479,0
-12.577294,47.905354,0
-41.902454,-77.19417,0
-44.262028,-17.589998,0
-74.80997,-2.0388682,0
-16.929575,-14.043459,0
-61.6685,54.642365,0
-77.571266,-57.676083,0
-20.423246,-16.715067,0
25.220278,-14.807886,0
37.73737,60.86095,0
40.12567,-7.9627934,0
69.70637,-19.483263,0
91.167175,-31.403004,2
54.235355,-9.95852,0
-77.24993,-57.79153,0
22.662056,-51.83883,2
51.107418,24.127045,0
-5.7778387,-56.38382,0
-37.5898,91.1009,0
-20.188475,56.33009,0
-73.36378,-2.4572895,0
1.8588133,57.927227,0
5.3437605,-102.76226,10
-42.46665,-41.65223,0
-10.1483345,16.859016,0
-50.55962,-37.506706,0
45.012226,-63.54661,0
-79.86032,-5.202386,0
33.879257,37.542,0
40.0462,-41.967075,0
-23.620518,-26.333569,0
-2.501099,-22.57409,0
-2.0106292,58.569065,0
16.999903,-0.28552943,0
81.437546,-11.435773,4
-3.8818364,30.041788,0
-19.241947,6.641299,0
3.6232185,68.40298,0
-15.709877,-47.0172,0
27.097532,-2.4265776,0
2.1927097,57.508465,0
61.270435,-57.21267,2
-39.08243,6.49962,0
-58.10529,-31.217367,0
80.97497,-9.657939,4
-55.093323,-59.044476,0
-14.515332,77.24216,0
-27.570194,-61.864567,0
70.811676,-0.8543529,0
35.254963,13.968219,0
-41.961315,30.081236,0
-34.07699,48.49802,0
-33.759132,-76.11528,0
55.459595,-4.15159,0
5.280237,34.96448,0
12.292762,12.65014,0
-49.013153,3.3657691,0
17.181566,-31.378736,0
-0.2764092,-1.3505428,0
48.348896,7.2827096,0
54.12157,39.29225,6
-13.63781,-31.051105,0
-90.9101,-24.994198,10
-86.097694,26.868912,0
77.37255,9.134918,4
-59.524452,-27.400213,0
-40.116802,23.408836,0
-50.550087,2.7326896,0
-32.236904,6.4483757,0
16.026155,-69.38005,0
-81.14283,22.721006,0
19.292797,-65.17011,0
25.830118,-20.6047,0
18.744602,-51.806473,2
37.86668,-64.18517,0
1.6227497,32.586845,0
55.559994,-35.102333,2
25.947,-51.623787,2
6.235367,61.974236,0
4.5771046,67.25693,0
-58.97033,49.36058,0
6.9314137,72.74463,0
-32.551136,78.03443,0
2.8638728,67.34875,0
-51.752068,-38.443928,0
-39.111855,7.361653,0
48.838226,30.226484,0
39.16908,-44.721855,0
81.110535,-9.575325,4
-14.60389,-12.254889,0
99.24248,-11.748922,4
-27.130838,-5.937192,0
-19.548513,1.6479697,0
56.221916,-1.0253137,0
29.906326,-50.605427,2
57.430252,15.130775,0
89.10236,24.187452,4
5.8070755,-56.03525,0
57.786285,-44.359177,2
41.98349,41.150852,0
-3.3997674,44.280693,0
-25.83453,78.99573,0
-36.41453,-18.555002,0
9.7978945,-95.69825,10
35.17183,19.028757,0
23.166708,1.0806482,0
28.278782,-46.32024,0
-78.73201,20.961903,0
-3.7952006,29.984034,0
-30.173824,-66.009155,0
-77.37974,-53.4579,0
57.78493,-1.381412,0
-38.40397,-49.276947,0
8.77908,-24.523575,0
-41.64858,9.900734,0
-1.3500502,-57.911438,0
98.38455,-11.201202,4
82.70874,-34.303986,2
-39.215412,20.809246,0
-46.311333,23.526337,0
-2.5782423,-61.221222,0
-52.33763,-11.1672535,0
-61.233788,58.845036,0
-21.01017,55.811752,0
81.12737,37.076622,4
-6.3852715,-62.793137,0
-12.640325,-35.66924,0
-60.318348,40.6748,0
-40.70699,11.575339,0
-18.081705,-26.794415,0
-1.6465458,-72.2827,0
-22.974041,73.76774,0
22.03458,2.6364038,0
-9.048937,60.56465,0
-61.03053,-55.20902,0
-36.27386,-53.369392,0
8.788824,-27.990108,0
55.20325,15.923926,0
31.950825,12.446901,0
6.3463345,74.08687,0
16.658768,27.342148,4
0.7486301,-2.710088,3
29.781002,-15.206464,0
37.116154,33.070488,0
77.224915,31.779346,4
-73.00591,2.03536,0
5.8267293,73.483955,0
92.87333,6.025308,4
35.80759,-49.39117,4
55.960182,1.785424,0
8.914259,-24.623186,0
49.817127,13.710825,0
75.93854,9.305325,4
-29.653446,76.56016,0
4.9294534,70.95353,0
7.738225,72.65497,0
18.928026,-1.7014076,0
-62.269337,32.859035,0
-49.774834,59.88366,0
-60.952698,-52.697323,0
-42.46112,7.7310085,0
-5.9298277,-39.90411,0
2.5576377,57.465797,0
-69.23912,4.0764794,0
54.919933,30.004992,0
92.38209,-12.864276,4
57.99349,36.792366,5
-35.675568,-54.268444,0
18.6334,9.933965,0
-49.69714,4.819463,0
-27.178696,-62.341793,0
-0.5824505,-39.609097,0
43.936523,43.216473,0
-74.8676,-4.2586083,0
-2.6965964,30.843407,0
55.90982,-46.35466,2
-12.38388,81.48248,0
29.433285,48.41047,0
92.55892,6.191151,4
16.159266,-3.57013,0
-6.3345695,-62.776478,0
13.421033,-69.49879,0
53.755516,27.665026,0
41.866463,-63.871403,0
3.4422317,32.186554,0
-20.068401,77.90614,0
-20.84505,2.815807,0
-29.147167,-65.197044,0
18.422894,10.346013,0
30.867397,23.350798,0
-4.9756966,-61.64526,0
42.66576,-70.748375,0
12.091756,64.70421,0
-0.93733066,-60.421993,0
-61.22,47.085876,0
30.878098,-50.376804,2
-42.06901,-3.5191097,0
-38.14345,-76.94857,0
-49.12163,-15.783129,0
18.52991,10.382088,0
-18.48567,45.086834,0
-21.34953,7.6750636,0
-8.3698435,62.370388,0
32.178772,32.461212,0
-51.871952,13.486513,0
-39.010204,-81.07874,0
30.65389,64.950386,0
-4.5454626,-18.871548,0
82.01498,33.33007,4
-72.80939,-10.687782,0
-43.401928,-62.80973,0
-49.031727,-26.981165,0
59.77825,16.885004,0
32.04695,-14.261926,0
-4.3161287,17.970053,0
-83.82527,-43.413414,0
-53.363483,-39.782352,0
-3.0207944,-76.35161,0
-14.683629,-15.54349,0
30.871916,-50.376133,2
48.677197,24.885239,0
-11.692609,85.94928,0
12.2605095,5.400082,0
-23.910568,89.64864,0
-2.1165402,11.885288,4
32.737514,-51.246273,2
61.2028,-54.294586,2
-1.1887746,-18.735415,0
-33.294598,-75.65926,0
2.0771992,58.433475,0
-22.15279,89.37167,0
57.724163,-37.82443,2
-10.965221,-9.329063,0
81.92673,37.285362,4
91.02034,-16.961704,4
-2.003516,-60.77335,0
106.53982,0.52417463,4
29.811485,-75.83262,12
-19.014986,58.36641,0
37.94716,26.458641,0
-78.01821,-52.582146,0
37.01327,35.63551,0
36.83648,0.72708654,0
-63.797344,45.233,0
-25.040668,-20.87113,0
-83.87022,-25.753159,10
-4.914761,-18.352186,0
-81.15425,-53.244404,0
-36.423008,10.608723,0
36.1738,69.87901,0
-5.4506717,-19.493662,0
25.811794,-20.587955,0
-1.8028548,-80.6324,0
7.622214,-43.44371,0
32.99182,-15.691117,0
-63.237194,49.932137,0
65.505615,-57.88836,2
64.120865,-59.98264,2
-59.812923,40.627247,0
32.876774,-1.2217915,0
-80.963776,25.38421,0
-77.73235,-57.57691,0
-6.3081007,-62.79124,0
69.31473,-9.351537,0
-15.012135,92.11293,0
-5.6869135,-56.3505,0
1.2519004,-49.053303,0
2.8661523,-48.793648,0
-53.591797,-26.826374,0
4.4673715,-20.403143,0
44.335133,-62.988834,0
-5.1183596,-75.61151,0
-47.4241,1.506705,0
54.494694,-35.610332,0
-10.677979,-12.746047,0
-20.022072,-70.3141,0
-0.1029191,-15.490104,2
-15.718789,91.328896,0
-18.630274,55.52667,0
37.963097,-64.096306,0
37.91821,-64.13655,0
14.857082,16.482157,7
-14.653673,80.68829,0
-22.268274,-26.73183,0
9.818021,44.780624,0
8.521984,-98.29129,10
38.15398,-1.2939405,11
-6.8069186,61.81756,0
17.514423,-31.16659,0
29.526041,57.845856,0
-12.160252,4.818445,0
45.525845,22.030039,0
2.0236595,66.38278,0
-3.1203115,-76.803055,0
-79.11859,-37.9759,10
-62.46488,40.214993,0
-42.485153,-76.20226,0
-3.0048263,36.127583,0
-41.90492,-80.68862,0
15.605102,-76.15747,0
28.804081,25.105368,0
26.910545,-21.782099,0
35.886944,11.165624,0
-1.7400786,24.786757,0
42.578915,73.11655,0
5.5777683,59.423256,0
8.772002,-24.506416,0
45.102425,16.758572,0
-20.3705,-32.15042,0
12.57143,75.43427,0
-21.078827,90.37118,0
-40.13063,23.48332,0
80.177895,40.90855,4
-49.320824,45.01775,0
-11.875297,46.935745,0
82.77443,-34.686897,2
-38.304245,43.694054,0
-21.371044,57.236046,0
-50.151657,-29.258608,0
64.10442,29.300316,0
3.0271747,57.69501,0
-47.482746,1.8647833,0
105.14074,-3.7090328,4
-60.39798,-29.209934,0
6.8579626,-27.975853,0
13.580364,-5.2925715,4
38.641315,70.890465,0
19.877985,-13.680826,0
5.810236,34.790848,0
-44.668552,6.313349,0
67.91838,-24.41398,0
-70.18851,20.205156,0
-13.150389,84.8879,0
-81.24229,25.219023,0
-81.05917,24.617857,0
-62.84054,-30.83339,0
14.054308,67.35832,0
15.156839,48.59659,0
-80.24591,25.051271,0
6.1189976,-41.801548,0
-81.450516,-26.206833,10
49.51589,24.431545,0
1.034969,-9.550801,2
47.40473,10.023293,0
-33.274372,75.427864,0
-55.47084,13.383794,0
54.471733,28.996668,0
-14.779789,91.906235,0
95.91332,-8.521637,4
42.651287,73.117836,0
-4.256008,98.00467,0
9.327097,-26.58986,0
-73.87403,0.8616144,0
28.73548,-78.35538,0
36.06721,19.865799,0
1.6567491,-9.362062,2
4.5911493,63.322037,0
36.117638,69.82456,0
-48.95403,-15.8385935,0
-42.253822,-2.9292493,0
9.440087,-26.626179,0
39.021194,30.326548,0
-35.021366,-75.620605,0
-15.947192,-46.41953,0
48.4357,-19.091177,0
40.730324,-38.548534,0
19.557472,-3.975616,0
-85.914055,28.569538,0
3.1438346,61.06424,0
-26.47901,77.1743,0
-1.7303429,33.24207,0
-0.21384214,-5.4121604,3
44.739857,10.663047,0
57.066235,-13.024594,0
56.013767,-12.066357,0
20.207157,-13.281316,0
27.850887,20.47357,0
-10.194278,-23.69837,0
14.905426,16.48309,7
-58.730873,41.287186,0
-37.81497,-23.274267,0
-41.494488,22.327642,0
56.401134,-34.143192,2
6.619595,62.72355,0
5.0365877,-103.01309,10
-38.214985,12.336438,0
-37.901875,12.664588,0
9.120191,70.17417,0
-52.13042,40.17757,0
-61.670444,62.32995,0
95.22181,-9.024696,4
25.857132,-20.615337,0
-58.68679,12.040816,0
-43.289684,-37.116013,0
8.707869,75.30216,0
83.14249,-34.864056,2
55.76566,-46.703743,2
-33.35368,-53.93625,0
-15.888679,54.893307,0
66.2532,-42.075893,2
-12.3750515,81.49333,0
-37.913277,-23.307901,0
-50.828903,43.013695,0
-12.151519,18.639084,0
0.30769718,-3.8388903,0
-60.47575,-28.801119,0
28.801327,3.1124954,0
30.962593,25.002155,0
30.966764,22.824543,0
24.380262,-51.595757,2
-12.680279,49.898544,0
3.0244005,64.95743,0
-78.71899,-34.961082,10
-18.401379,2.3968613,0
-52.919304,51.293667,0
-2.0108533,11.839193,4
-34.681557,-75.62951,0
-37.86149,86.84727,0
47.53453,-20.76708,0
55.607533,-44.95499,2
34.87535,-77.12946,6
64.43908,-60.27355,2
36.826298,19.9123,0
-62.27009,57.80257,0
-55.246414,-41.44946,0
-28.240368,83.330055,0
-61.085083,-28.10033,0
32.32543,22.235235,0
-32.66376,6.4643054,0
-25.555302,-63.31982,0
77.548706,9.565479,4
-35.2828,-74.485115,0
31.322657,-14.884248,0
42.435112,-48.182697,0
-54.27512,-59.413204,0
34.514614,-2.445414,0
36.850056,0.40646997,0
56.825134,4.196401,3
-13.242635,86.57177,0
11.434926,6.2252016,0
-11.297108,81.79175,0
46.900158,12.133836,0
40.333984,42.214478,0
5.0293016,-26.607779,0
-78.58183,-34.059864,10
36.066208,61.551517,0
56.0395,-16.199959,0
32.737614,-50.32849,2
0.7486301,-2.710088,3
24.742907,4.597406,0
-20.214687,7.280737,0
0.6252372,-12.549672,2
57.952625,31.637428,0
40.929226,24.456152,0
9.252829,66.23706,0
-29.57106,-72.46329,0
38.41908,8.79605,0
2.0589807,-49.194187,0
-19.32849,-51.301334,0
30.097658,-17.47934,0
-7.29973,-56.933075,0
1.6946263,35.8338,0
-6.348162,-62.770763,0
29.588196,-10.397563,0
-19.641373,41.324764,0
-43.11174,-79.1665,0
-60.144287,-48.92212,0
-55.839108,-41.937077,0
43.152245,17.15481,0
-0.09612739,-15.703001,2
30.632488,64.97008,0
24.189886,10.33349,0
-84.44576,22.382435,0
25.928669,-13.741925,0
8.866407,-97.56833,10
56.940285,5.5940547,3
-82.049774,23.413454,0
-14.024361,80.852356,0
66.330536,-42.075165,2
-20.082434,8.824665,0
-87.931015,-25.40595,10
-31.60479,43.586655,0
-56.64868,-43.050354,0
10.242651,65.924934,0
-1.5042692,37.41726,0
-11.070271,47.229263,0
4.239588,73.69871,0
-89.595604,-25.19468,10
-1.2833098,-104.86636,10
30.089233,-24.778677,0
-44.833866,5.042239,0
36.884174,27.887154,0
8.28509,4.7190194,1
50.112286,24.01801,0
-50.815018,57.298466,0
84.17691,33.070282,4
105.95516,-3.9806194,4
28.290163,-46.36932,0
38.610207,-40.66216,0
-55.45988,13.497222,0
-79.65045,22.358288,0
62.255775,25.510202,0
-8.334332,-38.84984,0
8.962639,-97.34033,10
13.58137,-37.15085,0
-50.49433,50.954636,0
9.9723835,43.93344,0
-12.273706,7.1932983,0
-10.668556,-12.724182,0
-21.502367,89.6929,0
-43.459774,28.09919,0
-0.7726128,-79.70544,0
7.245703,-100.4236,10
19.640514,-64.19276,0
-62.043278,61.553635,0
-18.546923,80.4036,0
-62.000748,61.877937,0
-1.3331717,-26.987429,4
-42.49705,-1.410314,0
45.289093,16.8895,0
-73.1821,19.606012,0
-57.83731,49.351833,0
-19.497587,5.2353606,0
37.63258,62.678204,0
-25.101717,-63.787483,0
37.712997,26.126268,0
-64.30196,-4.5335245,0
-42.039806,1.3032365,0
-72.30113,-3.9876466,0
-59.128242,40.73991,0
13.01231,-69.50108,0
76.861374,8.496524,4
68.197624,-23.416368,0
46.678276,22.185036,0
-43.37018,-57.60196,0
-90.260025,-25.093996,10
-60.963104,-52.881733,0
35.59867,-21.946598,0
-17.748417,9.511385,0
-3.2104478,31.69202,0
-79.93167,21.04418,0
-34.644203,-55.90504,0
18.272346,-28.443523,0
56.48501,-46.237846,2
32.459625,22.01218,0
5.319709,-28.58051,0
-21.020021,82.472404,0
-49.20708,60.390476,0
16.772734,-0.795884,0
-18.728584,-0.32807866,0
55.867924,-46.137863,2
-79.88147,-4.2860303,0
13.763142,-45.51918,0
-8.114946,29.65392,0
-81.61726,24.620296,0
-78.83751,-35.6393,10
-5.7413435,-99.33461,10
21.06349,-12.38097,0
11.256634,75.45248,0
-50.36707,60.29603,0
28.82819,-77.3973,0
-62.107357,53.91431,0
50.721237,32.186836,0
49.842,23.620047,0
36.333427,-23.946228,0
-4.551598,-18.872707,0
-34.345695,-75.52545,0
32.546196,19.265657,0
-83.27636,24.232235,0
38.822598,44.08352,0
-39.39654,-0.0874403,0
37.048492,62.834667,0
56.24174,-3.1948328,0
20.570137,-13.474846,0
21.329588,9.24982,0
-69.39231,-8.664503,0
-9.521502,-76.21298,0
-61.986736,54.062897,0
-8.432787,22.804136,0
-7.2755437,60.23573,0
-28.289066,-78.58392,0
-11.656006,84.874176,0
-52.55287,-27.870115,0
19.717842,7.709888,0
65.65374,-44.550377,2
-34.236187,-0.1715152,0
9.215234,44.210426,0
11.092393,-73.380264,7
37.871296,-64.17913,0
-78.83751,-35.6393,10
1.9807825,23.667494,0
-43.01967,-77.48694,0
90.67983,-16.401545,4
-53.611088,55.566372,0
-34.273212,77.35865,0
-24.011929,-25.078442,0
42.090736,-64.06611,0
6.6833906,-45.744175,0
54.934204,-12.821128,0
12.886151,-4.6063623,4
13.7763405,-36.519314,0
-62.266937,33.02076,0
3.2490864,67.64231,0
-8.269323,16.41148,0
89.42173,2.0159023,4
63.46451,-53.77794,2
-12.787603,89.64554,0
0.12862147,-105.12438,10
40.69955,10.88958,0
-46.212025,-37.029095,0
18.247944,-51.710575,2
-33.129116,75.307365,0
53.395042,21.572527,0
-4.449947,-98.13004,10
30.42058,12.887665,0
-13.916055,-35.957985,0
-53.543304,40.211548,0
56.885506,4.257511,3
30.083046,25.653976,0
-38.210712,-81.64216,0
-15.472578,-7.6547728,0
31.413645,-2.2584662,0
-7.10039,-80.5194,0
42.7754,72.54823,0
-82.19737,10.234896,0
-8.470869,-22.752136,0
34.492455,11.89553,0
-79.902695,13.801684,0
10.689509,-6.658987,4
-40.094097,-81.18675,0
-7.7714353,60.296543,0
-57.989677,-53.926777,0
-18.624691,6.208939,0
-80.93318,-26.58214,10
-0.5980317,-60.3712,0
27.352915,49.24918,0
-72.6012,-8.739472,0
13.8042345,-36.46869,0
-80.86316,-56.026134,0
-4.6290445,-18.900837,0
-82.08284,-26.070938,10
-73.257034,-4.943258,0
-71.47855,8.51658,0
-61.552956,45.78096,0
32.48549,-50.308315,2
105.046936,-2.8275638,4
-54.062954,-59.508865,0
-39.924706,20.696058,0
-16.398666,46.722103,0
-80.67353,-56.06426,0
7.501873,72.34753,0
-34.03759,48.41792,0
-51.568005,13.568369,0
2.8994963,23.647041,0
9.842478,13.4547,0
-84.59095,7.843832,0
72.53022,2.1116278,0
-40.669758,25.042105,0
-79.344826,21.213724,0
2.6865232,22.940426,0
-29.730444,-39.82472,0
91.77321,-31.628372,2
20.06812,-13.096103,0
3.1228447,-48.847633,0
-89.25343,-25.245304,10
21.146324,-5.5123925,0
11.071296,-73.34291,7
-27.732338,82.462166,0
-17.032757,-13.687622,0
51.703117,25.009647,0
-12.55688,89.308815,0
31.268208,29.59425,0
87.88367,24.125458,4
-61.841248,45.412624,0
91.841606,2.9249446,4
-1.6536344,11.738004,4
37.25329,18.201523,0
27.616238,49.621773,0
-63.600273,45.089184,0
37.219654,33.397373,0
82.33264,-35.382915,2
-19.93731,-70.1557,0
-62.818783,-31.018766,0
19.95076,-4.409667,0
1.4508785,-10.11145,2
-44.052784,24.083658,0
-25.831589,79.77102,0
-57.60604,56.225483,0
-79.72472,-6.5875473,0
-45.075275,-60.315933,0
-18.32943,0.2585133,0
45.301514,14.680369,0
16.277634,48.759003,0
48.331783,17.332844,0
4.980575,67.30285,0
-21.36135,57.806664,0
-85.23173,-44.52319,0
15.618776,-43.51689,0
-3.98576,44.15543,0
-52.588757,-14.881148,0
-41.974102,-37.207653,0
-38.4314,43.517735,0
-12.925918,-32.159256,0
88.94592,4.894957,4
-27.797962,86.96631,0
-58.467182,40.958607,0
-4.1574526,97.6162,0
-42.592503,-77.91807,0
37.21986,41.787563,0
-86.82297,26.221952,0
8.874917,72.298325,0
13.26496,76.85349,0
-1.33323,-39.4174,0
-46.1828,26.869081,0
41.87805,-64.898155,0
-40.415573,89.619156,0
-38.152847,-18.992325,0
77.306335,31.784466,4
48.438255,-19.109177,0
85.51439,24.2824,4
-18.220097,4.4527555,0
-57.5779,-44.320232,0
1.0494449,-9.776771,2
-15.527942,-48.701447,0
82.46713,38.94691,4
-21.168964,-46.125023,0
-76.95717,-54.35808,0
-53.590958,49.540417,0
-30.350142,-9.577302,0
-30.21799,25.877077,0
97.7794,-10.334966,4
-35.9826,-53.77853,0
37.470264,11.733576,0
33.558716,11.5508,0
-52.25319,14.899301,0
44.93426,22.205475,0
37.219887,29.062426,0
-13.194526,-25.449327,0
55.206734,23.195698,0
12.009515,71.52835,0
9.178864,44.626114,0
1.7735349,60.108974,0
-38.690983,86.73311,0
-34.516384,80.06302,0
-22.552742,-17.443571,0
-14.203599,77.71606,0
-74.88185,1.3327138,0
55.799606,-3.8446345,0
-48.98995,0.7755165,0
34.697624,-20.860537,0
11.471734,46.125984,0
31.6695,31.89976,0
44.65218,10.377176,0
-42.92065,30.172766,0
-45.0322,6.393099,0
-21.697662,-72.4593,4
-39.870213,6.876324,0
-10.675755,-12.739202,0
3.6586866,68.45505,0
-83.2663,-39.195766,0
19.300884,-13.641051,0
-61.980083,39.97255,0
-59.243565,49.43284,0
-14.194557,-8.435919,0
29.189444,3.6888647,0
-36.67129,-52.544304,0
71.95285,-1.5922543,0
-36.05019,76.924706,0
64.238556,-53.6637,2
-53.569557,53.01107,0
15.003609,16.51313,7
10.669885,77.97896,0
-38.300587,-77.06458,0
-48.90321,2.465416,0
-81.91501,15.624949,0
-68.43628,-4.8915524,0
-93.26522,-24.605892,10
-67.386795,0.10646455,0
-65.96916,1.7002474,0
26.117607,20.311144,0
-74.5707,-0.68147576,0
-37.71611,44.51275,0
6.2122188,-55.054,0
-62.590046,46.686455,0
30.46383,12.777984,0
41.436096,-68.878815,0
39.886772,43.660713,0
10.7775755,72.31512,0
56.43481,13.593428,0
30.37188,-52.642,2
10.82777,-54.74843,4
-62.236794,33.285095,0
36.832733,60.87915,0
71.19223,-1.0005502,0
-51.96178,-38.621292,0
66.11992,-42.504856,2
-85.89097,-34.985096,0
-68.64497,-2.602313,0
-29.17326,-65.006226,0
-38.813225,43.65423,0
41.785366,-65.37395,0
-61.122154,63.0179,0
-40.724598,1.9789124,0
2.4579246,59.513737,0
-79.0313,-36.746696,10
-53.494965,-58.121143,0
64.09651,29.155443,0
-3.957634,29.554708,0
37.911816,29.32373,0
4.0928082,36.660694,0
32.47787,23.6759,0
25.579569,-3.39637,0
82.629715,37.635876,4
-17.839216,-15.113541,0
6.2612505,-101.788574,10
-2.2065904,-44.27877,0
62.08219,32.341747,0
19.118399,-51.371464,2
62.09877,32.229202,0
-19.097769,79.403145,0
-58.092987,49.537193,0
-84.67924,22.27761,0
10.730911,66.4663,0
51.798084,23.54277,0
-70.041,22.650448,0
-45.46882,-59.516464,0
-71.20294,-6.445941,0
13.175143,23.94264,4
85.47965,-29.238445,2
13.835552,-3.7408202,4
-29.072676,-65.05485,0
-72.6293,-8.742185,0
-58.39969,3.5687642,0
44.771324,43.048725,0
9.50324,35.909256,0
69.32363,-9.343804,0
28.470835,20.474915,0
41.33267,46.03852,0
10.135608,9.383142,0
-9.213719,17.480349,0
5.911265,-55.04442,0
25.965239,35.323048,0
42.062954,-64.01221,0
-43.386063,-41.858,0
-66.75097,0.769818,0
104.3111,-2.6761258,4
59.45632,31.630638,0
-44.230885,-17.442001,0
10.655607,79.21332,0
9.679942,69.90551,0
-19.585018,-15.818712,0
53.22502,-13.8610525,0
8.572254,-28.042664,0
53.075,17.769964,3
-0.42928717,39.259842,0
-67.110886,-1.3612597,0
-4.414077,17.686274,0
-81.16231,-53.07031,0
-20.215612,42.513233,0
-3.4428868,32.809425,0
-32.285183,6.6109834,0
-59.440517,61.95607,0
-60.472786,-50.778614,0
-29.9588,-79.50654,0
53.45406,19.501425,0
-29.374794,-75.09505,0
10.51048,-56.051067,4
-71.60529,-3.7833488,0
-58.22733,13.077858,0
-9.508164,-76.17274,0
36.116238,-42.04072,0
-41.93019,-80.630554,0
-46.420425,-21.941046,0
-61.013493,61.284508,0
-36.74823,19.477451,0
40.06891,-42.296528,0
11.223224,79.29871,0
-12.020023,81.91978,0
-71.967155,9.984503,0
15.689479,-36.35524,0
12.085793,-35.307053,0
-33.895977,-56.914,0
16.659328,27.34354,4
-28.780071,-78.252106,0
-86.889565,0.15595478,0
-63.394287,50.209892,0
77.32152,8.85837,4
-37.827587,-77.11432,0
-37.81337,44.074646,0
-2.7367666,25.044195,0
-6.336052,-62.777355,0
57.34673,-0.458512,0
30.222996,-52.705414,2
45.23065,42.979897,0
69.93266,-19.11668,0
11.522064,-6.215845,4
-31.651596,42.87782,0
-87.60392,23.089043,0
37.90026,-7.3826323,0
36.321636,-42.701225,0
37.829338,26.313818,0
-18.485006,-36.214535,0
14.3485565,22.57216,0
9.576144,42.73893,0
29.497063,6.598089,0
41.874844,-64.57272,0
34.254597,37.442913,0
34.46247,24.802166,0
-78.258125,20.63668,0
-38.19527,43.686863,0
51.358562,-13.739165,0
-39.372982,1.9242111,0
44.399902,16.578033,0
55.86069,-3.7809296,0
-14.386044,77.45334,0
-3.9045436,43.665188,0
-28.67478,85.28491,0
-55.199627,39.891167,0
-86.09081,-25.568655,10
-69.02749,1.2427313,0
4.3889804,22.41361,0
-33.57727,77.663445,0
-48.780426,-15.912656,0
-44.28109,-17.584581,0
-44.34291,5.7255483,0
105.405235,-3.3062975,4
32.24839,32.52075,0
38.073845,41.09619,0
55.988953,-33.921722,2
-3.873914,30.039576,0
-18.096582,41.179337,0
-7.7507033,22.80541,0
-35.98307,-53.779015,0
81.3911,-11.2722645,4
83.85729,-36.839027,2
-78.89453,-36.011505,10
43.019806,-8.698968,0
57.05853,30.565426,0
-56.83368,-43.241295,0
36.627476,60.76903,0
56.082367,15.625207,0
6.3574104,35.60316,0
3.9295897,72.887764,0
-51.964104,43.69648,0
-42.10768,28.086622,0
5.212431,71.34914,0
56.645336,13.143133,0
1.6024232,-104.847374,10
-46.031994,-65.0081,0
-39.5898,92.137184,0
-53.22186,12.432834,0
-2.1095116,-44.349743,0
11.209343,79.29359,0
-40.291786,24.435356,0
-1.3319236,-57.884132,0
29.442902,-31.638763,0
50.162285,12.909329,0
-7.938448,-92.925186,0
-3.1376927,38.374386,0
-21.124258,15.780093,0
8.016501,11.311648,0
-59.863644,-49.14058,0
10.922716,-54.63518,4
2.8391476,-104.38898,10
-82.08184,-26.068514,10
83.17781,32.917645,4
35.175064,14.11323,0
64.956604,-45.351562,2
-73.782074,19.459402,0
8.635893,-28.023458,0
75.29481,9.942985,4
-18.771622,18.65389,0
-51.019638,44.822754,0
-65.71304,-4.419662,0
-26.300203,77.122086,0
66.27622,-41.96825,2
-6.289349,-22.780962,0
-23.69379,88.076836,0
-70.65244,6.9301324,0
89.058716,4.446675,4
-52.514282,-57.889385,0
-51.561523,13.557767,0
25.201305,22.7475,0
8.755711,-97.78338,10
91.27402,-17.15667,4
-33.37189,8.266379,0
28.406418,19.343277,0
-18.754457,-68.888756,0
-14.382341,-7.871348,0
-33.821674,79.871155,0
-62.053543,43.922718,0
-56.824215,59.518154,0
-6.2750325,-98.76359,10
20.199093,0.15779617,0
-20.175198,8.281966,0
-38.083874,43.87812,0
-29.959993,25.688398,0
18.60977,10.335951,0
-86.73492,26.567139,0
-41.34758,-3.0239258,0
6.2612505,-101.788574,10
-38.081894,-23.35362,0
36.71059,34.84437,0
15.285171,-74.66208,0
7.955841,11.951225,0
-16.60818,46.637367,0
30.525482,58.26837,0
-1.3860162,32.842518,0
-57.44502,48.024483,0
-67.41866,-5.817531,0
-45.1251,-0.2936118,0
19.002985,-1.6333343,0
-4.7972474,-19.019796,0
4.874676,-25.969545,0
-7.7281165,29.084908,0
-59.913452,54.802494,0
77.40183,6.497152,4
-39.209846,78.75366,0
81.27002,36.788345,4
14.141051,-69.43734,0
58.35394,19.602196,0
41.358536,-70.2685,0
8.011831,73.07459,0
-39.742863,12.451857,0
3.8119655,-49.321934,0
35.46552,65.12935,0
-8.139541,62.734314,0
32.494728,-1.0130986,0
16.871435,-76.256966,0
88.18047,25.899296,4
-40.69487,25.187859,0
15.75965,-36.35551,0
36.23226,-24.001453,0
16.72529,-0.9528239,0
-61.208477,47.40908,0
14.764686,67.80233,0
21.791107,-2.696837,0
39.0806,44.390556,0
91.21052,-17.204601,4
-3.188947,34.604156,0
26.841915,-0.0007333145,0
-20.446495,2.7363791,0
-57.81331,48.47133,0
34.78903,69.69471,0
41.657917,4.1065955,0
-8.775141,22.00362,0
28.430202,2.0000622,0
-28.222351,-61.483486,0
-24.672758,-63.980614,0
40.712067,10.181964,0
32.411186,6.894398,0
-28.268148,70.89972,0
63.362514,-53.89502,2
42.70402,-70.741035,0
9.498812,-26.635542,0
81.692184,-13.219181,4
-26.668043,-77.91666,0
-79.65218,-5.1192164,0
34.743607,-20.873154,0
39.2392,19.91948,0
88.700165,1.1787106,4
-12.776698,6.00473,0
82.82431,-34.95556,2
-51.378395,42.209713,0
-3.1522293,35.643368,0
35.17194,61.79704,0
26.614418,-0.24938439,0
5.899959,-55.041664,0
6.3623476,-94.06616,0
-17.682394,55.908527,0
-25.885809,82.33674,0
3.779435,-49.21442,0
62.16549,25.367945,0
-22.18265,4.3392715,0
-53.8424,54.34606,0
-23.987694,88.89192,0
-67.47245,0.99754804,0
69.22475,-20.355043,0
19.077747,11.207366,0
-87.93688,-0.48369431,0
-27.560732,-61.85405,0
-69.2145,-3.8202245,0
-49.630314,60.051495,0
8.918049,36.651466,0
47.794495,22.746693,0
2.5747755,34.3426,0
54.70755,27.235762,0
-12.987961,-32.063446,0
-39.54227,43.33209,0
-44.722256,-79.43986,0
24.58386,23.74115,0
-1.1599432,30.10611,0
17.88994,-51.600906,2
15.088827,-5.0362296,0
-46.041744,-65.01221,0
-11.910336,83.60457,0
57.859673,11.723648,0
61.770508,-55.120136,2
-5.860015,-19.84691,0
-79.84461,-27.556852,10
-50.880283,-37.754467,0
28.494188,20.592339,0
23.514902,-51.556755,2
-56.204285,60.1144,0
40.426243,-46.173744,0
-3.481033,-22.763985,0
19.248217,-65.18462,0
32.116474,32.169712,0
8.866407,-97.56833,10
82.71171,36.743576,4
46.913326,-22.96415,0
-21.459879,-46.017735,0
26.584549,34.92346,0
77.19711,11.300282,4
-6.6798716,28.517805,0
-49.26365,45.402485,0
-13.438266,78.8307,0
12.814285,-9.082695,4
33.542057,-74.94985,0
-3.0748382,36.036438,0
-39.485794,21.207739,0
-1.1476411,31.090143,0
-55.5866,-41.789604,0
7.61381,-43.484303,0
31.64616,-0.39875752,0
25.461641,-15.646401,0
-13.713728,78.24732,0
-32.34554,-58.576412,0
27.720812,24.137526,0
19.8201,-0.4634359,0
39.174435,-40.009735,0
-11.719912,46.91634,0
-8.202362,17.833149,0
-5.861585,-63.124805,0
0.35279378,-3.5440526,0
44.934273,22.205465,0
-81.45051,-26.206608,10
-82.27957,9.061006,0
25.7281,-2.792672,0
5.29873,34.98097,0
-5.4473863,-19.496843,0
-1.0454344,-60.364178,0
79.75945,38.153126,4
57.613533,-37.665184,2
-82.237114,23.007025,0
1.5766487,59.834885,0
106.47574,0.68220294,4
-20.082022,1.8962353,0
55.61954,18.571264,0
46.66339,-20.501646,0
15.624652,-36.34658,0
-18.462994,5.3747673,0
-13.894332,91.528046,0
-20.88147,76.42136,0
-33.945576,-76.55608,0
-40.85762,-2.1886265,0
-77.787384,-52.89025,0
50.761257,-11.220595,0
-19.991295,78.41471,0
-0.36936444,-39.80041,0
42.62558,4.2767844,0
58.446434,-38.33064,2
26.08642,-2.5767064,0
40.04147,-41.985134,0
36.3669,69.57742,0
12.580014,-70.34372,0
-87.24273,-0.8724664,0
44.489037,-21.744997,0
16.259214,49.00145,0
42.065594,-64.78888,0
16.443485,26.153078,0
4.3437104,34.319023,0
72.005035,-1.6470461,0
29.828514,-75.67094,14
56.638443,13.127481,0
55.489132,30.158958,0
14.99368,-74.07517,0
-59.17642,12.773483,0
-37.734688,27.292873,0
-75.38667,-5.2138786,0
-52.284046,-11.3365135,0
56.21044,-0.5326951,0
15.966829,26.065712,0
46.5976,-12.417687,0
-12.586471,-35.782295,0
-39.559933,-80.83417,0
-18.83184,-50.831596,0
-0.59575576,-60.39075,0
-6.6169744,27.554232,0
9.849206,-95.609085,10
58.94015,26.085274,0
23.102846,-20.3154,0
-5.0733323,21.115213,0
41.13603,-46.715477,0
-26.10557,73.64162,0
-2.6970508,35.163036,0
-51.229683,-38.04571,0
-5.0055456,-75.57907,0
-52.71366,-27.442963,0
-74.03137,6.296715,0
30.121174,22.832802,0
58.39677,31.234936,0
100.20481,-8.162577,4
10.137124,9.374599,0
-35.20331,80.08628,0
7.843451,-99.4396,10
-15.707587,-53.263123,4
32.552765,21.650658,0
-58.770733,-46.529354,0
3.5761566,62.263664,0
-18.04776,57.918358,0
-42.025654,-37.31617,0
-22.552742,-17.443571,0
32.876965,25.957008,0
-51.819008,-57.690002,0
6.0400157,-102.04479,10
8.650221,44.609756,0
-14.0493,-36.03211,0
40.242832,-24.864021,0
-80.830154,24.834639,0
-8.5144825,15.807393,0
-74.15609,19.297556,0
36.745827,34.94647,0
29.9032,-76.98741,0
-20.003725,16.391495,0
-45.505497,4.6180096,0
-41.514694,-3.71775,0
-93.78461,-24.504255,10
-53.429367,-39.83498,0
29.802046,-79.087494,0
-13.636958,-31.05212,0
57.036907,-35.834312,2
56.425266,-1.5807215,0
-69.4174,21.203854,0
-15.569815,79.30052,0
48.90758,13.12805,0
92.27897,6.779,4
29.496748,3.9338696,0
36.827637,39.39329,0
36.879063,-9.367061,0
56.579975,-11.698001,0
-65.97761,1.6434041,0
55.87975,-46.705463,2
-47.481167,22.285221,0
-37.611397,-50.79073,0
107.390564,1.481814,4
-79.94481,-5.1865373,0
-13.61363,78.48975,0
-49.86863,59.744305,0
85.05524,-35.261883,2
50.980576,14.830758,0
82.40648,-35.167976,2
52.227966,21.522017,0
-37.871346,12.841116,0
43.50194,14.273562,0
32.15854,-21.5268,0
5.747476,-28.596737,0
3.7393181,-49.203705,0
70.76909,-0.83338475,0
11.03504,45.63729,0
-25.859903,80.7035,0
-2.7617664,-1.0110887,0
-4.4643517,-2.4244928,5
41.31962,-70.33641,0
-45.486385,-0.05867941,0
25.705338,11.039001,0
19.513426,-3.9621868,0
48.736736,12.708658,0
44.697533,16.544304,0
88.64142,24.473866,4
-0.6079513,-105.07835,10
38.67277,70.9358,0
-1.3259648,58.07164,0
-86.15864,28.411856,0
88.96206,4.52216,4
3.5560691,65.40666,0
37.388855,28.947483,0
88.26176,23.525915,4
-14.493789,91.61101,0
-51.43906,-28.10769,0
31.761187,0.16537225,0
-4.933818,28.675344,0
48.48213,17.07861,0
36.55916,42.42738,0
2.7214696,-49.65376,0
-0.8913186,-79.551025,0
-43.829086,23.832006,0
38.47263,-23.301655,0
-18.782572,-68.94055,0
30.57032,22.594393,0
38.540974,-11.304308,0
79.82157,40.600903,4
-32.37917,44.365387,0
55.684048,15.261752,0
-52.08575,47.71213,0
-52.249523,51.5157,0
-40.292843,-23.326128,0
-47.22953,-65.109215,0
-27.220047,26.164934,0
-35.80912,77.35585,0
10.874822,14.686035,0
32.130657,-30.253134,0
12.639726,22.840923,0
-16.995314,43.722828,0
-37.870243,-50.280376,0
-59.005928,-48.234974,0
46.874916,31.391205,0
-80.33879,24.931787,0
91.28908,-17.13872,4
-42.002094,9.203137,0
-17.88393,9.423693,0
-11.67402,84.95082,0
59.049232,31.183723,0
39.737965,31.167469,0
36.425484,69.63079,0
-14.828162,-8.805372,0
88.22157,25.611301,4
71.26195,-2.2974658,0
-5.225006,-61.75529,0
65.55621,-44.493595,2
-52.377094,-38.96261,0
42.484585,44.688107,0
-31.409325,-39.073242,0
48.822002,26.586283,0
-37.866146,-23.295042,0
-93.26522,-24.605892,10
69.199165,-18.398312,0
-37.14576,-18.550005,0
-56.150658,41.628597,0
-61.7532,61.898945,0
0.7513299,-2.7131636,3
-42.166924,31.124348,0
-21.761286,82.43629,0
14.790643,-0.6312673,0
22.174576,-2.8382273,0
24.315546,-51.057632,2
-1.374281,-57.92432,0
-52.28553,-38.883045,0
55.879883,-12.619207,0
-9.834979,15.674939,0
1.6024232,-104.847374,10
-15.539709,-48.760284,0
-0.8849072,-79.558,0
53.9088,-10.385078,0
32.43399,19.554768,0
8.231503,-98.815,10
44.822533,-63.30832,0
1.6482066,-9.191828,2
32.73498,23.365412,0
3.3529215,66.910805,0
40.708088,-38.327198,0
-47.850887,21.9219,0
-24.215303,-2.2704506,0
-42.10451,8.027439,0
45.564705,-22.305563,0
57.71437,-37.81156,2
8.914807,37.128445,0
10.257798,35.296326,0
-27.294193,-33.607246,0
43.08545,3.1699429,0
-39.02899,-19.01296,0
29.841835,47.547115,0
-40.170616,-81.274414,0
-52.64867,14.648898,0
-58.530117,3.5066206,0
-21.081533,-46.152874,0
-2.521512,24.988977,0
91.167206,-31.403156,2
36.839058,0.6924581,0
54.12213,39.28298,6
25.453209,48.24393,0
38.647427,-40.65698,0
-87.23906,23.281986,0
-1.0245556,66.845795,0
-61.06175,-54.240864,0
-6.1168675,-80.48501,0
-46.948505,-38.03405,0
-43.142334,-41.80178,0
41.401554,-68.866905,0
-26.770359,-62.35217,0
39.14534,30.792599,0
5.7032757,60.05947,0
-73.88178,0.87277377,0
-82.46401,-39.15722,0
-3.9610178,-24.292366,0
11.705861,-49.667915,0
-30.24966,-60.341125,0
-60.962685,37.88604,0
-13.638822,-31.049894,0
-7.0362673,-80.37679,0
-68.043945,3.0337956,0
-34.523075,81.589874,0
-20.748074,82.70981,0
-18.730701,-51.679466,0
-14.268462,77.5679,0
-14.0930395,91.976616,0
-3.0766656,29.705782,0
22.080618,-51.653454,2
-13.638822,-31.049894,0
-15.036163,-53.07226,0
-3.6409457,18.16066,0
-83.498314,9.659119,0
-38.28982,11.824031,0
-34.633827,79.26453,0
33.201176,-15.834625,0
-71.30096,6.305504,0
-61.76316,58.647217,0
9.017231,-32.971767,0
18.980593,-1.6038178,0
20.53229,2.7139838,0
48.42193,6.9137697,0
-8.394517,-80.981544,0
-2.0240953,39.03217,0
-7.13906,28.168558,0
45.2805,14.967317,0
40.69381,-38.583492,0
64.08084,29.237293,0
-1.2878845,57.996243,0
-18.09199,-50.646503,0
10.826293,-54.755405,4
30.17468,-50.539955,2
-18.097702,-26.790113,0
-22.403341,-30.008804,0
-21.421535,-28.97,0
62.30387,25.799168,0
-29.763214,24.766048,0
-87.182556,23.420279,0
54.865604,29.993698,0
-28.54009,85.11544,0
-12.570797,81.03036,0
-15.691115,-52.955387,0
-49.96165,-37.0212,0
-4.091724,43.566055,0
1.6834599,-49.188404,0
14.209237,47.538143,0
-54.77871,49.615803,0
-18.382122,-68.430115,0
19.220245,2.6750336,0
-53.85111,-40.190086,0
-16.249004,55.647068,0
-33.032017,7.942519,0
32.296406,22.181667,0
40.689217,10.721107,0
3.7721002,-103.90369,10
7.773056,-41.686256,0
-14.772597,-53.154587,0
1.4237502,32.190388,0
-5.611592,31.031271,0
-34.968506,-55.42904,0
36.96885,33.251835,0
-54.03123,50.225216,0
38.31419,-23.889668,0
71.95285,-1.5922543,0
41.74142,-67.52642,0
51.763832,-13.791505,0
36.265495,-23.86707,0
54.870823,-34.63786,2
29.243448,-78.441696,0
-14.789425,-12.353821,0
13.582019,-37.20648,0
-6.96335,-79.9048,0
83.48132,41.763073,4
-74.374916,6.918739,0
-35.919315,-75.219734,0
51.3314,19.858973,0
90.43871,3.8235254,4
44.624462,11.402284,0
37.494133,60.29633,0
-77.34796,-57.665035,0
1.7148974,-74.36882,0
6.5718527,-42.240517,0
-34.145767,48.61843,0
-5.05303,-75.5424,0
-61.888405,53.64551,0
-19.32849,-51.301334,0
38.226803,11.434035,0
12.430985,-69.35454,0
51.532448,24.993082,0
-13.040738,49.628906,0
22.19346,2.7188113,0
-28.22202,-61.483273,0
81.953125,-11.192523,4
57.293663,5.153437,3
-45.754574,27.141068,0
38.48812,8.907155,0
0.12881133,-105.122604,10
-7.3196387,20.691807,0
10.771475,76.33315,0
79.7357,35.95097,4
-39.44671,-26.186298,0
-57.826027,47.67607,0
-24.826921,-27.500944,0
-41.40253,-37.430935,0
100.76893,-10.798268,4
-14.205759,-30.389292,0
0.12862147,-105.12438,10
-45.660408,-58.92039,0
35.27229,20.417776,0
-24.946512,-63.755375,0
4.447573,72.05684,0
15.6519165,-36.336174,0
49.377785,14.506622,0
10.500542,-34.123135,0
-60.121563,-52.564655,0
11.91171,78.464615,0
59.74194,16.43508,0
-52.614834,-14.841633,0
-35.084564,-55.237396,0
62.392612,31.434286,0
33.537125,-74.953636,5
-4.700043,18.07229,0
3.6233058,66.5856,0
-49.538067,-14.478083,0
-24.725819,-44.857857,0
-56.34195,60.114494,0
-21.180126,-46.120564,0
-85.327866,26.69103,0
-52.805405,-58.06679,0
33.124054,-30.81959,0
37.795307,41.551113,0
30.940016,-1.1936741,4
-34.69578,0.27689213,0
-79.06251,-6.0643883,0
15.673931,-76.20924,0
5.495641,-28.619852,0
77.045364,8.345494,4
-73.322,-0.71635467,0
30.532421,58.258007,0
32.286263,-2.1739712,0
-20.83827,76.74983,0
-47.509094,5.803458,0
44.69751,-63.26283,0
10.920792,-54.634315,4
92.08723,3.3417532,4
15.590949,67.405815,0
-4.1180167,97.66119,0
5.9274216,-56.495296,0
12.061713,5.2813807,0
-43.9066,28.388046,0
44.297104,3.6094637,0
5.8491116,59.69742,0
30.526012,0.0465488,0
-30.766308,-60.01223,0
-67.32649,0.012461875,0
12.641069,22.840305,1
-82.325966,22.69963,0
6.6792736,-28.366606,0
41.660416,-65.55186,0
-9.199694,-23.211668,0
37.824245,-23.72311,0
-20.955406,16.95469,0
-47.289124,-36.927017,0
-36.449276,-18.666815,0
-13.534596,-36.202763,0
-61.73879,52.407406,0
-4.0077477,-102.31118,10
-3.7749803,33.663353,0
-21.03715,56.452625,0
44.17041,-22.847315,0
-26.192455,73.832954,0
56.1728,-0.675585,0
89.492836,32.744343,4
55.95751,-35.024406,2
49.92883,20.600143,0
39.11442,30.222786,0
1.7768209,40.775917,0
-19.10314,40.86992,0
-46.372032,2.1965501,0
64.128075,-55.564445,2
-86.11502,2.5265436,0
-61.08247,-54.598545,0
30.483223,25.545595,0
50.893574,20.32124,0
-30.904554,43.023136,0
-11.475154,48.692955,0
82.8572,37.986282,4
-71.37868,-4.2279572,0
41.80523,-48.064564,0
-6.3868194,-62.792934,0
-28.019217,-78.69832,0
12.771663,22.935791,0
-30.975218,74.37581,0
-42.775337,-80.10463,0
-63.091114,62.89843,0
-24.725216,-20.060047,0
9.791432,-25.159195,0
-38.376278,12.345238,0
-53.283222,-39.129982,0
-74.9161,-5.3713627,0
9.5810585,-25.1162,0
88.02599,-0.43168554,4
-0.9872886,39.00415,0
-51.254734,-13.194929,0
-91.18856,-24.952084,10
49.183136,14.441134,0
-44.39402,4.203042,0
-60.173653,47.743507,0
13.482822,-6.206861,4
27.957844,10.937263,0
-77.48293,-57.813004,0
-23.536968,-26.991608,0
7.043289,37.79449,0
-88.29091,-25.365932,10
20.72397,-12.898629,0
58.294113,14.398766,0
17.51694,-69.73178,0
67.861336,-24.651161,0
-10.986668,-24.384567,0
-13.962723,-36.535233,0
91.50584,-31.212107,2
44.983646,-23.007515,0
82.412285,-35.163166,2
18.285505,-51.712997,2
-29.252266,84.34278,0
-87.87889,-0.098121166,0
-38.69017,-18.793423,0
-17.511057,42.254303,0
90.84401,3.4435878,4
-38.598854,10.039293,0
-70.72086,-8.027183,0
-78.6022,-34.225147,10
-28.929935,-79.09755,0
101.10228,-10.931999,4
-1.6344259,-0.8885712,0
-61.988598,58.2359,0
48.991665,26.416315,0
31.997288,32.06918,0
88.6655,4.6251764,4
91.59519,2.3641915,4
-85.80568,-34.327667,10
45.6355,-21.820877,0
-18.11282,-26.788044,0
8.379239,-98.55327,10
83.8518,40.609547,4
-93.57249,-24.548454,10
11.900207,-49.893227,0
56.658836,20.739405,0
-7.1029973,-80.49577,0
-81.02431,-55.032757,0
-20.03887,-16.090784,0
-22.13903,-26.977066,0
91.086784,-30.083784,2
-5.9298277,-39.90411,0
-18.719603,44.18533,0
46.709106,-23.38916,0
-53.800865,-40.14758,0
-47.583572,1.3358194,0
-71.297905,-4.613289,0
-30.346416,-9.587675,0
39.43494,-25.016624,0
41.218334,38.16294,0
-15.134735,8.427046,0
36.260475,-7.4413686,0
41.722633,40.4609,0
-51.300854,56.479122,0
-17.938549,5.2929983,0
-19.4237,1.734105,0
-39.573315,-80.95047,0
31.797792,62.700348,0
-34.31252,-81.70964,0
0.34255847,-73.348915,0
-0.8219994,39.060165,0
47.400234,-24.17142,0
-79.12403,-37.727688,10
38.3845,6.2362165,0
-23.51542,-27.154152,0
105.79881,-4.4889483,4
24.965263,-16.54646,0
16.750134,-51.352394,2
11.072311,-73.340996,7
15.64375,72.41256,0
17.281628,-14.615155,0
46.926113,17.86726,0
39.160572,36.492264,0
-26.928427,-62.22948,0
-14.915269,-12.507515,0
41.79887,-66.06332,0
15.977537,49.24397,0
-15.484671,-48.371105,0
0.92862153,23.956984,0
-16.47621,91.0234,0
-61.118427,-54.701645,0
-78.89453,-36.011505,10
-69.993835,1.571211,0
-19.100723,41.399742,0
-47.651363,-36.888313,0
-8.254672,30.006947,0
54.234863,12.8367,0
44.93297,-6.172166,0
-78.71273,-32.470005,10
-20.170662,56.36596,0
43.294765,71.15916,0
0.35698634,-73.35695,0
61.30306,-57.4079,2
-83.215355,-25.837254,10
25.936512,-2.002092,0
-22.425781,16.00384,0
-28.279772,-65.12205,0
32.832153,-50.338696,2
-4.841526,97.22639,0
-32.150375,-58.835228,0
42.34237,37.201614,0
-52.57513,-39.111958,0
-44.943348,-21.844772,0
-5.115616,-75.610405,0
-13.638822,-31.049894,0
31.450481,31.693838,0
4.4021587,74.30472,0
-11.608857,46.864414,0
-12.388376,81.474396,0
22.461826,15.951252,0
-85.60473,1.2932792,0
-17.80294,41.246887,0
-29.337156,83.684235,0
-79.0822,-37.508003,10
65.49445,-57.91233,2
-30.706812,-67.33096,0
-62.165146,62.24964,0
8.416874,-62.830883,0
-73.71826,7.823269,0
-8.63141,16.896908,0
35.643566,1.1392049,0
44.3761,3.833587,0
36.514465,-24.987085,0
42.631683,73.10701,0
-32.086525,44.8958,0
-63.17844,-28.079178,0
-34.92102,1.4098381,0
13.602772,-37.11884,0
4.4662147,-20.395462,0
-60.312008,40.654377,0
91.89535,3.0121338,4
51.711422,18.941536,0
-6.543167,-62.48529,0
-43.53515,24.83101,0
-15.303314,-12.823503,0
-30.227175,-66.12472,0
7.0540833,-100.71136,10
64.92327,-45.218143,2
-53.30345,39.82122,0
10.892733,73.98004,0
-20.446505,6.551253,0
28.766562,2.8124504,0
9.508632,35.911156,0
-59.909504,54.913902,0
11.411304,-6.1023483,4
-21.87577,0.9798742,0
-39.602867,43.340446,0
23.13711,1.0100908,0
56.841934,2.155347,0
-62.268116,32.79539,0
-69.57967,-7.033888,0
-17.74973,-68.42201,0
39.01118,20.530651,0
56.85796,-34.86657,2
-0.14757958,-60.242065,0
-30.750364,44.12126,0
29.198633,6.9555464,0
61.24921,-57.140224,2
-65.84109,-4.5633187,0
9.453342,-25.048664,0
-61.276073,61.796825,0
27.629923,19.377861,0
31.332087,-14.696136,0
4.114036,22.627237,0
18.959114,-1.6332507,0
-8.763938,15.557489,0
-22.500134,-17.40458,0
-30.268251,26.434452,0
32.993282,-30.775272,0
-71.17244,21.490255,0
12.852211,69.7366,0
68.652664,-18.622816,0
-66.3382,-4.45674,0
-76.424286,-4.1796145,0
-62.701218,61.73516,0
5.816707,-55.037678,0
-21.825926,17.250412,0
-82.29097,15.729816,0
-20.016844,83.39461,0
44.16305,3.7943804,0
39.845963,31.433681,0
-87.32452,-0.39509144,0
-40.656223,11.756657,0
29.284765,1.7850171,0
52.394863,20.168707,0
15.390158,-69.37453,0
8.405424,72.61299,0
-19.312561,6.79492,0
-11.236143,47.279728,0
-35.188885,-55.050884,0
-82.50385,15.781667,0
1.6555357,57.70048,0
-40.292786,-23.326157,0
21.2651,0.08896987,0
-25.005423,-20.692198,0
-30.253674,-60.34508,0
16.818693,-76.12317,0
-69.986465,19.885714,0
-86.105095,27.997368,0
-8.295547,18.321278,0
101.70885,-11.458581,4
13.16682,46.90406,0
-79.2697,21.175735,0
12.028177,-49.802464,0
35.555557,61.514324,0
-19.954647,17.7825,0
60.909035,31.002554,0
39.328743,24.1275,0
5.873632,-55.19432,0
-39.546818,21.15272,0
82.10471,-9.420381,4
11.312081,10.449967,0
68.73306,-21.762691,0
-43.359283,-57.586887,0
-49.961212,59.56031,0
5.912729,-55.0402,0
-19.158112,-53.72412,0
-70.035774,22.65363,0
8.000324,11.210366,0
29.535233,-79.47608,0
79.0435,32.149612,4
2.41583,23.868757,0
9.090917,-33.030975,0
-13.614273,78.49344,0
-19.158112,-53.72412,0
72.24332,1.0298136,0
-19.00796,-51.978794,0
-29.377167,-79.416565,0
63.814693,-54.907204,2
-59.557697,13.417386,0
-7.3071957,-56.935234,0
0.7486301,-2.710088,3
8.424495,-62.827045,0
68.14686,-22.428902,0
36.73558,18.3981,0
33.857414,25.330885,0
53.1285,19.483587,0
-80.96038,24.909872,0
-18.545805,44.106255,0
8.765025,76.61981,0
-6.770199,31.629772,0
-38.036236,12.524609,0
41.996986,-63.71576,0
-9.980307,17.967691,0
12.077529,-49.772865,0
78.33003,9.053864,4
10.43962,34.379467,0
-56.454525,56.482754,0
40.349773,31.455587,0
-81.710045,8.585925,0
41.78738,37.39401,0
35.479057,70.58251,0
-50.67093,57.58251,0
-8.652314,59.39381,0
81.71601,-12.975593,4
54.61618,3.372128,0
-79.212364,-52.398415,0
46.919266,-22.990204,0
20.54305,7.3248324,0
8.641274,-31.925062,0
-3.6147966,-24.312525,0
38.899387,41.07082,0
-20.548243,55.54432,0
13.344762,47.00845,0
30.163101,-15.454019,0
25.31045,48.149242,0
-86.958694,24.703167,0
-86.3768,26.725904,0
-70.20693,-8.80792,0
-22.431252,3.5181828,0
85.06326,-29.373947,2
34.13913,37.40978,0
56.50323,12.860549,0
-21.975887,1.5029784,0
-6.5053596,60.342976,0
-61.09574,-55.224518,0
-11.714249,84.24098,0
9.571365,75.672714,0
36.800022,-10.059728,0
-32.53182,45.41513,0
18.70184,-14.4176035,0
-46.400677,-21.96954,0
-47.77359,-16.311356,0
-46.36133,-26.10016,0
28.62499,2.8384717,0
-17.112211,-13.778326,0
38.7714,64.098274,0
-11.345837,4.8839355,0
-35.17573,2.7367842,0
8.026064,11.626021,0
100.80607,-11.031489,4
82.38628,32.29488,4
33.051174,-15.769182,0
34.857357,19.36498,0
29.895481,-12.202292,0
-4.3890333,18.991928,0
18.279825,-14.436094,0
31.052849,-14.775088,0
21.476965,-0.09096158,0
-33.36435,-57.57006,0
56.33624,-2.6433773,0
41.30095,-67.273445,0
-86.868355,-0.90224177,0
-32.425587,-75.46497,0
72.08224,0.133918,0
-45.28721,28.111223,0
14.069751,47.459675,0
17.384577,-14.775878,0
8.671195,-98.03998,10
-34.833843,0.83484066,0
58.559814,36.081844,0
79.63535,38.113033,4
-58.49,48.09095,0
-7.249623,28.344343,0
76.48263,8.624447,4
46.830715,-23.241781,0
-2.757117,-23.017014,0
-78.9801,-36.565727,10
13.683016,-69.4793,0
-43.142174,28.971827,0
-37.087364,-18.776257,0
56.26605,-35.184067,2
-52.96584,-57.997543,0
-41.939636,10.641812,0
34.625256,34.80821,0
-21.410126,15.837942,0
-5.9799314,-56.44888,0
-40.228207,-23.347897,0
-19.266283,40.838337,0
-78.58183,-34.059864,10
23.433447,10.121966,0
14.052211,67.36691,0
37.633846,64.25569,0
-43.698414,-37.093285,0
-2.0976827,-0.9694315,0
-33.765137,47.89168,0
99.28783,-10.008667,4
-55.200623,39.888493,0
48.613026,23.84624,0
-13.304584,-25.390213,0
9.450268,77.56051,0
3.7522151,-49.094944,0
-8.637244,59.966393,0
38.406616,-11.76049,0
-17.771713,-14.624747,0
64.26444,-59.886272,2
24.798904,4.4735975,0
-70.8058,21.595375,0
-61.6651,58.453236,0
53.63537,-10.432933,0
30.330194,-17.640846,0
-37.91842,-23.309404,0
-30.386324,-37.979233,0
10.11785,69.0816,0
-56.816074,59.5166,0
-78.740265,-32.23208,10
-18.808468,-68.93075,0
7.966388,-26.363756,0
40.840504,21.199953,0
89.20511,4.285923,4
13.792471,-36.531254,0
-37.96532,-18.860529,0
32.612316,-50.319393,2
1.7598212,32.50194,0
30.12009,-79.387886,0
58.718216,16.033663,0
36.807453,-9.708947,0
19.381691,-65.058525,0
12.518755,-7.591267,4
1.3848366,31.867756,0
-83.82602,-43.41166,0
32.5272,-50.31369,2
-51.336758,-38.12314,0
37.789692,41.555317,0
81.094864,-11.365241,4
55.965626,-12.693011,0
2.3663769,35.06289,0
11.997324,-49.753494,0
-25.657097,81.4492,0
20.995846,-12.772902,0
-4.7837644,98.24975,0
-48.108036,1.962393,0
48.272648,23.885271,0
8.43957,-28.071863,0
37.10592,41.41829,0
82.68966,39.539597,4
39.32803,43.979866,0
-62.108704,58.010063,0
30.308119,64.464676,0
-71.267334,20.84955,0
-53.432266,40.252544,0
-52.43366,-15.0542965,0
-0.18281327,-15.271605,2
41.759323,-60.059666,0
-3.611294,-81.53045,0
-0.38388228,-102.42115,10
42.67804,42.73555,0
20.678995,0.94344854,0
-38.774868,-23.447058,0
-86.52333,0.079667024,0
91.47968,-15.241135,4
-10.8991585,48.196236,0
68.79537,-21.566442,0
-52.52957,50.936646,0
90.04507,2.851493,4
29.097921,20.168606,0
34.923687,71.277336,0
-4.039462,98.00114,0
-77.033516,-54.074738,0
-86.107285,0.32556117,0
11.641698,5.869608,0
22.527746,15.956409,0
88.99029,23.687057,4
38.89838,-14.385003,0
-5.093207,-75.60425,0
-6.9759946,-80.97969,0
-67.17742,1.5900832,0
-30.10783,26.294342,0
-0.9870743,-15.564291,0
-53.550915,14.52197,0
14.077998,-45.10411,4
8.484852,-28.070322,0
36.32756,-23.884295,0
-40.689117,-19.328669,0
-36.285206,-53.38281,0
42.451366,72.17874,0
6.489071,-28.40084,0
64.0745,-55.43728,2
32.267708,-50.28514,2
33.877434,25.383032,0
21.054853,9.557493,0
-41.705223,10.433331,0
-35.858505,-75.335175,0
-4.317872,97.98034,0
-84.9188,-25.6519,10
30.580801,-50.437317,2
54.693714,29.714602,0
-63.653976,44.53484,0
-28.584486,25.90263,0
-4.251337,98.00672,0
-61.141956,32.667706,0
-39.32691,91.938126,0
64.74128,-45.534924,2
2.779581,37.146233,0
-18.82841,80.09575,0
-13.120342,85.3214,0
-18.089712,-26.79462,0
9.8806305,-26.570347,0
69.98491,-19.059649,0
90.61158,-31.057077,2
92.92259,6.5467496,4
-43.36912,-57.600746,0
1.0591035,-6.241563,0
-18.308424,43.768047,0
11.436229,79.03409,0
32.04759,19.005901,0
-41.228497,10.204065,0
36.32886,-23.961094,0
36.44758,-23.932663,0
55.749866,-35.075516,2
10.2452345,33.429108,0
-10.604185,-8.251362,0
-2.8600097,-23.020575,0
14.46701,68.60954,0
5.708913,72.58277,0
-25.246622,-63.650387,0
5.8262253,-102.29086,10
-1.5688252,11.721733,4
64.697624,28.077282,0
-0.19352168,-5.310959,9
30.303305,64.46883,0
-67.00543,-6.153739,0
-27.146872,25.870481,0
37.833706,-23.702858,0
82.28935,36.960526,4
-41.336296,28.010569,0
-21.277718,82.54755,0
37.80611,63.016735,0
-61.259674,32.664413,0
-73.96695,19.53465,0
25.574423,-15.688555,0
38.605225,70.85385,0
-18.791168,-68.93682,0
30.35687,-12.816801,0
-79.8986,-4.6662374,0
64.47605,-56.107124,2
-6.8394513,61.972137,0
-22.179441,4.0384593,0
-42.18895,-80.51194,0
-13.114276,50.705177,0
-19.689844,76.466606,0
81.136955,-10.321686,4
-7.768508,22.6244,0
37.532257,60.27209,0
-14.53904,91.9941,0
-39.101505,19.780727,0
72.246735,1.0366772,0
-22.397966,-30.0174,0
67.90896,-24.474226,0
-69.48297,7.749046,0
-1.230596,-57.75403,0
30.06737,-77.98818,0
-35.612587,-75.64897,0
-66.910995,1.3852365,0
-73.77765,7.3091946,0
59.41993,34.066483,0
44.99152,-6.2962832,0
10.117946,-95.00114,10
-53.63063,53.390736,0
-78.0553,20.506481,0
-0.5997775,-38.772682,0
-49.960384,-29.441494,0
-40.352894,2.4734864,0
29.022148,-11.539364,0
-71.269005,-11.309249,0
84.933395,-36.55289,2
-70.11344,23.50121,0
9.360363,7.6006427,0
-29.652143,-39.819183,0
31.662813,22.094034,0
55.767292,-14.137085,0
-74.88407,-2.0827117,0
82.64738,36.879517,4
0.818965,-11.635003,2
-71.90853,9.949249,0
-44.286743,-17.577972,0
-56.263077,-59.393272,0
-16.44377,92.40769,0
35.943794,-11.194411,0
26.636202,18.41532,0
69.56763,-19.697128,0
11.962326,73.63565,0
52.541763,24.859549,0
-25.426395,-72.86421,0
-59.37765,49.466206,0
-27.792107,85.98835,0
28.693659,-50.975754,2
-0.2671502,-105.08183,10
28.464663,-77.85935,0
35.638855,27.758583,0
14.310032,47.60858,0
32.341434,62.34912,0
36.2216,-23.892452,0
-54.26229,40.323704,0
56.64447,1.815473,0
96.21883,-7.687963,4
56.640724,20.739305,0
61.268,-57.157486,2
88.180244,23.311325,4
3.3746493,64.7665,0
-84.9188,-25.651907,10
-3.621227,-4.7111135,0
-2.6629696,-39.552265,0
32.112267,-30.252619,0
2.2667537,22.968088,0
-36.036232,78.1416,0
-57.767994,-31.466806,0
105.5569,-3.0404284,4
-91.18856,-24.952084,10
28.2133,52.521343,6
81.269875,36.835423,4
33.537125,-74.953636,5
87.62784,1.1463392,4
19.461695,-65.00251,0
-37.691288,44.738464,0
36.522175,69.34142,0
-32.066505,44.03773,0
-78.86947,-35.821815,10
-93.87277,-24.488369,10
-53.59755,49.542545,0
44.933983,22.205921,0
37.206306,12.375883,0
91.23423,-31.58814,2
11.006427,-5.1547184,4
-73.66647,0.15729302,0
25.831926,-20.603601,0
65.9475,-41.265858,2
37.487896,41.826225,0
-71.781006,-11.105992,0
98.95095,-9.459809,4
8.922424,36.654755,0
36.35055,-13.753161,0
8.936752,75.0855,0
62.204094,25.392593,0
50.918945,32.099514,0
26.28336,36.31043,0
-71.91257,9.956375,0
101.271126,-3.8221364,4
44.934425,22.20615,0
-12.897012,-10.4245205,0
-18.056067,41.966534,0
-7.6442647,22.67087,0
-25.482409,-64.23696,0
65.68707,-46.779404,2
95.168045,-9.519744,4
82.901596,33.290485,4
-18.892412,0.7904829,0
3.3046002,66.93029,0
4.940112,-26.809969,0
26.56988,47.876526,0
-5.9500647,-98.457146,10
-59.162514,12.910234,0
62.10191,32.24733,0
-4.068082,44.401054,0
28.720736,24.746561,0
39.867584,-41.166805,0
67.92765,-24.334307,0
20.541134,7.3288045,0
83.45957,41.77153,4
9.40662,43.116203,0
-53.450912,40.25167,0
53.54646,-12.9065485,0
91.409294,-15.461267,4
12.627645,6.1334734,0
-52.665577,50.513775,0
0.3394506,-3.7310424,2
-37.368862,-18.802814,0
7.2801204,74.838234,0
57.64368,-44.301743,2
-24.932117,-20.495462,0
-17.838202,-50.297314,0
-86.31487,1.170898,0
56.473312,-46.57934,2
45.75673,-21.608027,0
2.5408616,-49.668316,0
-1.243093,24.65239,0
-87.14034,-0.5764461,0
2.592177,67.53867,0
98.59418,-11.270136,4
-16.289572,91.58643,0
6.6700425,-101.24052,10
-45.81306,27.173237,0
65.55471,-44.540024,2
52.7116,19.08034,0
-78.02758,-52.594074,0
65.667076,-46.613537,2
-39.181324,6.5415087,0
-78.014565,-52.57992,0
58.265514,31.770426,0
4.6624737,-103.28765,10
-3.084692,-44.5194,0
-63.178734,-28.079353,0
-3.3927166,58.86146,0
-4.9491224,-24.234457,0
-4.2536955,97.54062,0
18.70674,-51.80075,2
77.119484,8.316945,4
40.24824,-40.482777,0
57.232048,5.0853744,3
-84.37855,-35.342537,10
-60.6424,48.024498,0
-35.131805,76.654434,0
1.4364445,-8.572031,2
-0.27959085,-79.30122,0
-25.952847,81.86551,0
-4.1088986,42.07474,0
12.638627,22.841602,0
3.7721002,-103.90369,10
-70.11095,1.0310067,0
-34.850876,1.0944624,0
11.160571,66.32396,0
-54.29413,-40.561604,0
-12.6023035,-10.350766,0
37.80232,-64.255585,0
18.595358,-14.949208,0
10.51158,68.5238,0
40.056595,-42.0165,0
-11.004238,-6.1582885,0
4.5301714,73.83178,0
12.631136,3.6843185,0
41.84288,45.70086,0
-6.96164,-79.89551,0
32.187794,14.844557,0
21.205462,-51.682774,2
-5.1162868,21.218006,0
91.20717,-15.358817,4
91.542725,-17.07356,4
29.269106,-8.863632,0
-16.35304,91.3898,0
-71.687775,8.099008,0
81.45755,-11.441222,4
1.3270483,36.773563,0
81.75435,-10.547476,4
55.38579,-8.564535,0
-81.962616,15.535682,0
55.07231,23.837614,0
25.704609,-3.0901022,0
23.226023,47.942844,0
-79.090324,-37.371952,10
33.02607,25.63646,0
-4.756273,97.322174,0
-29.891623,25.49788,0
-51.59825,56.12743,0
-35.505226,-0.24970908,0
-83.17083,9.5511675,0
-44.031372,5.8482585,0
-18.037651,56.36608,0
-58.472836,40.860256,0
-14.956081,-12.534532,0
-38.446598,10.23708,0
89.41405,32.696243,4
-0.9111441,-79.53187,0
2.8493123,-96.61625,10
58.15647,-46.00413,2
-53.81573,-59.357056,0
-54.73814,-40.98565,0
-29.200533,23.988205,0
18.997663,10.689084,0
-13.802871,80.42773,0
-83.45941,9.574865,0
34.17699,14.767037,0
64.80404,26.962671,0
-6.022716,-19.996368,0
-16.87673,-13.513226,0
-42.21805,1.1452087,0
84.31132,33.090508,4
-57.21479,-43.5512,0
-38.149624,-23.369787,0
8.671195,-98.03998,10
-74.75898,1.1265725,0
28.52454,20.378359,0
82.6799,-34.653713,2
64.10994,-59.717964,2
-29.489786,27.541489,0
-59.103687,55.472794,0
85.41465,-10.198111,4
64.11332,-59.582687,2
-25.360914,-28.943266,0
-52.234146,53.926674,0
-38.115128,43.826862,0
28.922184,-53.073997,2
30.905766,57.69494,0
88.671555,24.444649,4
57.440372,-46.985096,2
-57.56091,41.4025,0
64.11226,-54.844646,2
37.8586,-64.19152,0
20.2536,-13.230949,0
-86.09081,-25.568655,10
-49.966835,5.0463953,0
9.830347,43.7466,0
-3.850353,30.224451,0
32.44905,19.59504,0
21.853146,2.5992131,0
-42.835205,-37.13958,0
-9.631023,17.66474,0
-17.897057,0.8726578,0
-41.963707,-37.212803,0
39.013268,16.208546,0
66.29667,-42.179123,2
72.50619,2.111049,0
-18.528347,-68.63512,0
0.096829854,32.656525,0
28.943546,-50.88751,2
-57.279057,-31.781479,0
47.825752,22.83599,0
87.199066,-28.944792,2
32.946983,18.766193,0
13.752938,-36.541985,0
-40.201077,7.05673,0
-30.84296,25.974558,0
34.773903,61.787045,0
65.50711,-57.93005,2
38.096874,-15.2953,0
-22.138437,1.173305,0
-56.003548,59.28616,0
-79.689995,-27.832712,10
107.461334,1.5222522,4
-13.643926,-36.51389,0
-3.6211023,-4.710873,0
42.002514,41.219913,0
12.466615,2.76656,0
-11.709954,48.943886,0
-28.58313,24.086327,0
-37.725613,27.32852,0
-78.15787,-57.357452,0
25.680857,4.7002254,0
-29.518566,-74.606064,0
-41.237103,-19.307734,0
89.54821,32.756927,4
32.227867,29.64305,0
0.5958525,40.97547,0
-7.460569,61.513546,0
-18.145655,41.289715,0
19.033632,-13.609698,0
-19.87012,42.520355,0
-35.879375,-53.932945,0
-71.21019,6.2471423,0
-60.86219,-52.327423,0
-0.080747016,39.823135,0
-22.492575,-17.398182,0
-8.376033,-22.253103,0
-35.977505,-53.1257,0
-70.07502,22.739042,0
6.3620467,-94.06647,0
-24.119896,-24.597002,0
45.993675,17.636772,0
-86.0905,27.873674,0
-57.23728,13.267974,0
-60.466145,-50.78189,0
-67.67977,0.050497305,0
3.017513,-49.494797,0
41.812122,37.373962,0
88.260185,23.542847,4
-70.77828,20.492002,0
3.8455372,-47.970703,0
105.963806,-3.9839487,4
6.962359,-28.322624,0
-10.882174,-24.303991,0
-46.499157,-22.095064,0
7.362897,-28.24065,0
-29.922304,25.493132,0
-28.803162,25.554201,0
1.7702016,40.772305,0
28.859894,-6.968239,0
-66.550255,-5.8045278,0
-16.014,55.60984,0
-19.546492,77.63117,0
-44.220863,-17.440928,0
-26.211529,81.37194,0
-44.933598,-60.849606,0
-19.27756,9.15419,0
37.899303,28.739185,0
-79.090324,-37.371952,10
1.559032,35.749554,0
4.2883873,-19.513647,0
-36.180786,77.64778,0
34.875175,-77.129036,6
-27.294199,-33.607006,0
106.455284,0.0939942,4
38.147285,-11.9033985,0
-76.94302,-58.047714,0
15.016464,16.515924,7
-86.06161,1.6707577,0
54.122654,39.27938,6
44.73935,10.913207,0
-74.91923,-4.2558846,0
-77.90936,-57.48231,0
-19.020092,44.44553,0
-67.97934,3.2999651,0
57.22401,15.720339,0
-53.12411,-27.138725,0
26.419422,36.3774,0
91.9396,2.883531,4
2.8365192,60.3613,0
-1.2028016,-57.690525,0
19.032097,48.340073,0
1.0526258,-6.0025635,0
83.89052,-34.32877,2
-80.87867,-55.44423,0
10.626275,14.415234,0
91.41457,-31.637875,2
1.053407,-9.427142,2
-4.833769,33.373466,0
-22.326916,74.429855,0
29.734938,48.977085,0
-15.310936,8.505743,0
18.316559,-51.02333,2
27.799824,24.127464,0
14.529513,68.59503,0
-57.28012,-31.781685,0
-23.681183,88.45805,0
-14.815356,-8.735764,0
22.863293,-5.2531123,0
-42.63459,30.720999,0
56.00075,-42.78314,2
28.572283,-80.94512,0
-0.20399296,-1.4028124,0
9.936987,-95.4493,10
-85.18277,-44.473217,0
4.427488,67.06101,0
52.8464,21.085495,0
-18.584682,-68.68566,0
34.021633,-1.9123825,0
9.511444,43.025406,0
57.792656,12.477732,0
-61.732574,-28.302671,0
55.883007,-14.060945,0
6.6991053,36.041534,0
3.7690082,-48.89676,0
2.696793,-96.99711,10
-84.75665,9.773085,0
-28.86839,-78.66571,0
-35.015385,0.861594,0
-28.191008,70.79058,0
14.541997,-44.342556,0
-41.351868,-19.284618,0
-2.8669596,-23.016788,0
-7.957652,-39.252594,0
-61.238895,47.76247,0
-11.104597,48.131004,0
-43.507557,-37.10794,0
-7.91046,-80.7777,0
20.04723,-13.082341,0
30.487864,58.23354,0
-60.775826,47.456764,0
35.991436,-7.3803453,0
5.9560547,-23.666977,0
52.532272,-13.779898,0
43.713676,44.73328,0
-39.990685,-81.31788,0
88.37271,25.56281,4
31.307566,-0.815199,0
-61.145256,-28.03167,0
-54.223255,42.943226,0
3.3234465,-49.34706,0
-38.10944,43.83107,0
-32.22842,43.99963,0
10.024485,-95.25821,10
-49.936207,-38.543564,0
-40.96116,1.603793,0
1.7573416,59.873837,0
88.08006,23.866425,4
-85.10519,-44.420536,0
48.682545,26.401617,0
-77.546745,-57.545948,0
-29.413517,27.41553,0
35.445686,-24.344032,0
100.82775,-12.770919,4
10.397777,35.21718,0
-39.47351,90.9452,0
39.8392,-41.31898,0
23.372086,48.10125,0
-42.290558,27.83683,0
-0.49716854,39.599613,0
-33.635002,-0.22890377,0
-37.697735,27.270992,0
25.642765,-16.097647,0
88.69236,22.282515,4
-31.245998,-59.678318,0
64.00787,-55.20339,2
35.964977,-49.31539,0
-42.296978,29.822023,0
71.238914,-1.0948026,0
-29.182348,-76.44311,0
15.528961,67.711296,0
-1.3761892,58.052032,0
91.07371,-16.95146,4
-10.799641,-24.260052,0
106.45232,1.0584302,4
-19.291515,-51.222668,0
34.047115,-1.8748207,0
-5.7642303,-19.763039,0
-29.30082,76.548325,0
-3.1177247,38.084282,0
9.674342,-95.90359,10
7.245703,-100.4236,10
-1.7076865,11.736462,4
-72.934456,-2.10717,0
107.362724,1.5414001,4
-21.288872,76.74321,0
37.180656,62.24712,0
-14.548871,7.710673,0
-41.693985,-37.895084,0
-60.243332,39.41764,0
-38.142338,-76.97093,0
6.0229006,62.83237,0
-6.978351,-80.96492,0
-14.04776,-36.028793,0
5.938198,62.890038,0
37.53043,64.09313,0
42.972282,72.47321,0
-7.304394,-56.935135,0
29.675686,49.20885,0
-25.98989,80.75282,0
56.098373,-14.442356,0
-45.698856,26.447912,0
-3.6110492,-81.53361,0
-6.829549,28.44147,0
13.35159,-69.50291,0
-79.69,-27.832708,10
-61.56752,39.84582,0
29.4033,25.85902,0
87.210815,-27.972765,2
-0.5901349,-39.599037,0
-18.71335,55.781754,0
-55.926678,-42.23133,0
-3.639602,33.439957,0
-12.965615,49.75502,0
54.67352,-8.496715,0
37.038254,-12.677761,0
67.8367,-24.75067,0
5.9267893,35.89274,0
106.382614,1.1228453,4
90.81633,-16.91288,4
8.938442,8.485771,0
-12.199795,82.03236,0
-70.320946,20.100317,0
-14.291462,-30.288572,0
41.576084,-47.31641,0
-5.6800523,-99.535255,10
-46.856068,2.4397607,0
-39.27351,91.72792,0
-24.832592,-27.531599,0
-10.8374605,83.0267,0
35.335854,20.41954,0
5.6013346,-102.520935,10
-51.866554,42.06384,0
38.111153,-1.2817582,11
17.013887,25.345577,0
-1.9542788,-61.46438,0
-41.087353,7.7489944,0
-7.7723055,22.66188,0
25.830965,-20.602976,0
45.656487,-64.8254,0
92.82034,6.094253,4
38.775955,9.888854,0
-22.711786,-29.582531,0
-0.3102914,-97.3118,10
-36.410267,79.32581,0
-18.48632,-36.210266,0
-34.11276,48.557457,0
-76.927216,-57.419228,0
46.87748,31.389587,0
59.699482,16.294876,0
-85.89341,-0.64532346,0
-81.47942,15.484935,0
45.83623,22.061941,0
-38.525864,-48.954548,0
8.29254,-96.41007,10
-21.9639,88.01402,0
105.71744,-3.272017,4
36.43221,-42.817978,0
-17.902851,3.637329,0
-32.666626,44.157593,0
-50.23299,43.814434,0
5.805231,-55.577137,0
1.3211542,40.522335,0
9.195944,-33.21667,0
49.099777,21.738766,0
44.600372,16.452215,0
12.68381,-70.49626,0
-24.685598,-64.553055,0
-28.55751,85.53539,0
33.83644,34.783745,0
-44.190674,-17.44634,0
68.97582,-21.066925,0
25.731773,-51.63407,2
29.555422,-78.75015,0
3.1436386,22.901608,0
18.1169,9.7070465,0
3.1064138,32.489796,0
84.75516,36.932945,4
77.4517,6.262542,4
-50.550777,2.7431755,0
-69.7277,22.07023,0
-30.006485,73.98864,0
9.543573,-26.630285,0
-20.480162,56.639717,0
33.054825,25.741138,0
-23.51542,-27.154152,0
88.65276,1.1355801,4
11.377488,12.954733,0
-57.15251,-43.67564,0
30.61896,-2.778849,0
44.661987,-63.16239,0
-47.188957,0.35638738,0
-15.490183,-48.491985,0
-14.0493,-36.03211,0
-49.431114,4.106887,0
-71.601616,-3.9517415,0
57.708115,-37.80578,2
33.537125,-74.953636,5
28.609453,-10.983995,0
12.769873,22.936337,0
-28.816055,-75.07581,0
-2.0729225,-104.41697,10
-52.362083,-11.091532,0
-74.38065,1.2681087,0
-18.486334,-36.210266,0
95.46249,-10.116161,4
12.469983,75.54223,0
95.002205,-9.586902,4
-30.383194,-37.986496,0
89.72082,-16.447567,4
-42.169884,29.763256,0
-5.1559534,-24.215998,0
-62.488247,40.169888,0
-43.751194,-41.80978,0
-69.90808,1.3354388,0
13.753529,-36.541664,0
44.20513,70.55611,0
-34.802193,-0.07236916,0
19.469654,-64.972725,0
-49.65146,44.966892,0
-26.06987,80.2139,0
-44.206444,-37.07025,0
-49.446465,43.590675,0
15.696236,-75.8232,4
15.628072,-75.70368,0
-37.585903,-50.84081,0
-5.785418,-98.71263,10
-25.853554,80.92581,0
29.696377,-28.35531,0
-36.302876,78.971306,0
98.60909,-11.796077,4
-14.210834,-30.383194,0
-33.89305,8.790059,0
-11.004407,-6.158035,0
-10.907722,-24.32312,0
-67.965706,-0.901047,0
57.43238,-44.66521,2
17.677109,-51.54487,2
37.219925,1.4311422,0
55.05985,-10.078677,0
-18.561789,-68.65719,0
-86.60497,27.63253,0
105.04938,-3.6996262,4
-40.202286,23.223028,0
8.589349,-28.0383,0
-52.93963,13.178988,0
13.008611,-7.104988,4
16.693855,-69.46976,0
59.502728,31.075323,0
81.34869,-11.321998,4
-51.62351,52.970665,0
-45.42433,-62.74714,0
-12.197486,81.43355,0
18.189684,-51.68509,2
-5.478593,59.288944,0
55.588604,-14.007063,0
-57.90742,13.341513,0
87.88835,25.927328,4
-18.28568,45.30243,0
55.850967,-46.63233,2
-24.534254,87.78484,0
-3.8939857,-19.536276,0
-2.366166,-43.447433,0
8.953124,44.514633,0
10.893825,73.97837,0
-30.379953,-37.993828,0
-54.628147,42.348568,0
-18.886663,-0.36189744,0
-4.0266175,97.99194,0
-11.687462,46.88195,0
-53.440563,-27.122948,0
69.01948,-20.960506,0
82.54146,-11.190676,4
-39.18508,7.106196,0
-19.161913,-53.721394,0
36.95392,12.617903,0
-37.52334,-18.921003,0
50.4735,13.599925,0
-24.805426,-20.205372,0
-44.780403,28.411634,0
-0.6911338,39.52802,0
26.690022,0.16098663,0
25.817886,-20.59258,0
53.372833,21.190092,0
-26.408123,-62.62739,0
4.3959446,74.66155,0
27.025145,-11.240655,0
12.683869,-70.49618,0
-35.473732,-75.44164,0
-3.9108303,-24.293043,0
81.73587,-13.113256,4
4.4729776,-20.394447,0
2.2881627,-49.1843,0
41.499546,-47.4515,0
30.867785,22.652773,0
56.636463,13.050229,0
-17.801844,-67.71805,0
27.967352,-53.217834,2
-76.91303,16.602066,0
23.690184,47.798157,0
-8.283224,31.647654,0
-1.1816472,-39.22048,0
-44.324238,-59.141872,0
-84.71098,1.2131572,0
-18.486351,-36.210255,0
15.620016,-75.69819,0
-51.084747,-14.218335,0
2.32408,57.532124,0
7.2040224,72.781845,0
44.964775,-22.94667,0
-50.791615,-28.541615,0
58.51074,19.35118,0
0.31077862,23.881134,0
-60.756702,59.074844,0
43.4436,14.209044,0
-3.0749705,30.889275,0
-73.57048,0.007870639,0
4.46741,-20.406046,0
4.9813585,-26.75582,0
106.93041,0.9835943,4
64.09249,29.188593,0
23.785166,0.10760074,0
-18.25615,0.7196375,0
-24.793287,-64.11924,0
32.380394,-30.383865,0
34.605022,61.690655,0
65.48836,-57.915665,2
53.604473,17.137756,0
-38.828003,91.41964,0
-33.149055,-59.613472,0
-41.190613,-75.898155,0
-62.036686,61.542885,0
32.91259,-30.710007,0
-4.875728,60.187664,0
-14.4065275,-12.091721,0
56.49441,12.668696,0
21.191315,-14.141949,0
-30.383194,-37.986496,0
-41.929153,-76.74316,0
19.916962,-51.531376,2
-72.68697,-2.902641,0
19.5526,-4.1999073,0
72.005035,-1.6470462,0
-76.41446,-5.475459,0
-19.25088,9.325907,0
-6.2750325,-98.76359,10
-21.635942,-72.451935,0
-49.985733,-29.418318,0
6.93731,37.933357,0
-14.268421,77.56788,0
37.109364,60.79472,0
26.909079,18.991404,0
33.084038,-15.752308,0
15.184665,67.165085,0
-33.36422,-57.56975,0
5.5408897,63.648273,0
7.5454936,-24.583061,0
-22.50012,-17.404621,0
82.13134,36.267536,4
-31.24749,-59.68045,0
-10.937486,-6.165751,0
-38.901688,91.47835,0
-29.271097,-73.200714,0
-15.49245,-48.577843,0
41.645924,-66.82211,0
-45.58674,-0.05527907,0
-3.0519147,-76.280205,0
-56.855305,41.338776,0
-9.2025,17.486195,0
12.050223,71.460464,0
33.437912,21.327597,0
-70.408615,6.978803,0
23.800724,-19.6076,0
91.498825,-31.239382,2
-16.447573,91.540436,0
11.40638,6.251224,0
-46.239716,-65.100044,0
-13.015888,-10.801998,0
35.355164,20.064692,0
44.05913,-62.822514,0
-45.43124,-62.76495,0
36.6086,-24.911722,0
-29.461412,27.652132,0
-26.779148,-62.362705,0
-41.49141,1.1431763,0
1.6024234,-104.84738,10
-22.397966,-30.0174,0
5.085459,35.28034,0
8.72387,37.28455,0
-82.45972,-39.14314,0
28.904215,-50.900925,2
85.13605,22.994623,4
45.298344,-22.468472,0
-26.314323,77.128975,0
-86.12176,22.450806,0
81.169685,-10.477466,4
28.413298,18.989138,0
-39.847946,-0.26806107,0
-13.152929,84.64143,0
36.41957,-42.704483,0
-39.28601,20.735386,0
-79.11703,-38.033768,0
20.50319,-12.658487,0
7.7371287,-41.70224,0
-3.3145547,-22.79225,0
-64.47084,-5.5302386,0
68.32758,-23.082087,0
6.6700425,-101.24052,10
-76.27179,-3.996059,0
88.91001,4.735738,4
-39.44897,-26.222664,0
-33.965374,-80.9387,0
25.43168,-2.9613035,0
-17.690216,4.9515605,0
8.521984,-98.29129,10
57.878544,5.1986036,3
-66.00266,-4.678265,0
-19.361206,-51.432663,0
-42.08873,-37.229088,0
39.308895,-24.8823,0
-7.7223496,22.609219,0
-18.791143,-68.93683,0
25.653254,4.771486,0
83.05434,-12.6861,4
88.424484,1.081127,4
-21.3049,16.94043,0
-71.8508,7.218741,0
92.736145,6.569865,4
68.40961,-22.412472,0
-18.784916,-68.94027,0
-5.3583407,-39.810955,0
-6.0715613,-40.001316,0
-45.193325,0.69924647,0
101.18764,-10.557294,4
39.71446,-44.26671,0
77.45572,11.948859,4
1.6435903,-9.136892,2
38.781063,7.107692,0
18.009295,-30.746935,10
40.70047,-38.56839,0
-62.24111,61.921555,0
62.078655,32.33448,0
-81.23198,21.733746,0
39.21019,-14.769274,0
-51.695522,53.049454,0
-58.403255,13.110202,0
9.120144,33.75375,0
-37.622353,91.38548,0
-81.48598,15.493659,0
0.60304475,-49.7248,0
-79.907,-5.4941626,0
-39.93236,-0.29628143,0
12.81104,-51.549847,4
8.655082,74.49149,0
-92.47368,-24.739908,10
19.577555,-4.2206516,0
-6.9853387,-80.912964,0
-58.27398,49.772545,0
81.43658,37.5018,4
-18.759241,40.35087,0
52.82453,-12.805553,0
61.092255,-54.1198,2
43.24644,72.77115,0
-4.135007,41.909683,0
8.032854,-42.96879,0
8.741072,44.987453,0
-28.042713,82.5236,0
39.1821,44.23763,0
43.51745,36.856228,0
77.47036,9.297365,4
84.45635,32.86413,4
-0.71835005,38.65305,0
11.351896,13.581832,0
35.43931,-22.71416,0
30.954838,18.49542,0
106.25203,-0.42857993,4
5.343759,-102.76225,10
15.020236,16.514666,7
-1.6344259,-0.8885712,0
-50.937485,-64.150314,0
-19.862194,42.302647,0
-67.21771,2.3687751,0
71.20696,-0.64950645,0
8.061513,33.881905,0
9.516771,11.088512,0
-57.95051,-31.333168,0
-7.8462715,31.542938,0
-18.9768,18.696077,0
-18.22294,8.237201,0
64.695274,27.938852,0
-11.648297,47.02499,0
8.2976,65.93099,0
-61.74035,-28.280455,0
-51.806515,-27.963783,0
23.782269,-19.57894,0
38.426704,8.847161,0
57.310238,-37.23973,2
16.16389,49.20613,0
13.710104,-45.6044,0
54.76989,-7.9721923,0
-17.286543,-45.295162,0
-38.17528,-49.70266,0
25.843153,-20.617596,0
46.526157,-12.511713,0
-86.36703,28.07752,0
40.47178,10.011203,0
-37.495144,12.640946,0
-61.799232,39.70341,0
61.812508,32.102863,0
-73.06131,-4.957657,0
43.864418,70.87591,0
-18.040075,41.711082,0
-7.10039,-80.5194,0
-33.418453,-76.04442,0
-56.681522,-42.990597,0
-52.26902,53.88526,0
30.673328,-13.245485,0
-62.38967,39.036785,0
43.77474,7.2101974,0
-37.796562,-76.95982,0
18.284058,-28.438694,0
-47.096447,3.6505172,0
10.020061,43.742786,0
0.7486301,-2.710088,3
64.23397,-59.90376,2
-4.9687924,33.60327,0
-83.87022,-25.753159,10
-91.943275,-24.83095,10
-52.808815,-60.80726,0
38.79265,-19.225845,0
-74.81175,-3.8599455,0
57.990982,36.78673,5
-36.41383,-75.580124,0
43.491447,72.632355,0
36.397644,-75.17669,0
91.58353,-17.093,4
-18.730701,-51.679466,0
5.725104,63.102066,0
-50.984272,55.939426,0
-38.91442,-47.667435,0
3.3335474,-104.1511,10
-5.115606,-75.61015,0
69.15901,-9.491864,0
10.720001,79.80992,0
-15.541577,-48.762543,0
65.01726,-45.262672,2
77.581566,11.908363,4
54.874035,30.413248,0
-5.0055456,-75.57907,0
-59.549473,48.90659,0
69.72688,-19.448189,0
42.06421,41.133934,0
-7.8258877,60.60652,0
-52.960278,-57.98952,0
-15.484908,-48.37544,0
-1.3377205,38.241287,0
-90.26,-25.094166,10
-85.0725,28.436129,0
60.942936,-56.670616,2
44.795757,-63.345592,0
32.416325,-51.511578,2
50.59798,32.249916,0
61.19018,-56.962086,2
-80.67856,-56.06326,0
88.04773,25.866768,4
-3.9846826,-18.750841,0
-17.613518,-14.515882,0
-4.78438,-55.693867,0
15.582999,-75.67565,0
54.772366,-8.189334,0
79.173515,32.072636,4
31.520224,-29.855513,0
3.7829058,35.6878,0
-80.93318,-26.58214,10
7.7029176,72.672195,0
-27.301805,-4.8710995,0
-62.3263,58.00327,0
-75.76753,-3.8454843,0
-39.331127,90.107414,0
-84.90121,-44.248417,0
14.396769,22.577847,0
6.66942,-101.24005,10
65.41461,-44.3913,2
54.122494,39.29252,6
28.373508,-80.793365,0
-39.622223,-0.19563922,0
-19.159815,5.9258957,0
-84.11265,0.6736619,0
-16.038246,55.54656,0
-38.386337,-49.3405,0
69.62493,-19.335178,0
-49.14566,3.341206,0
-42.859085,10.212459,0
105.21225,-3.708725,4
58.975464,28.608679,0
-30.346394,-9.587926,0
-33.19005,7.9361057,0
-28.83197,-65.169945,0
-55.10826,-32.788525,0
-63.166992,-28.07955,0
17.178902,-69.58471,0
-81.44934,-26.203293,10
55.589214,-44.88999,2
-50.957916,-34.625103,0
-40.649143,6.57779,0
-73.41388,8.413486,0
26.56312,-51.548042,2
-13.648383,-31.04011,0
45.66065,-64.82491,0
53.038498,22.866991,0
-11.420894,4.1679416,0
-8.345125,30.297571,0
-54.44507,55.775047,0
-44.20018,-17.442616,0
14.112054,47.450066,0
82.66575,41.325527,4
-10.7996235,-9.079613,0
-62.23367,32.613266,0
-87.26482,23.554193,0
28.884003,0.068940915,0
55.843708,-10.332944,0
45.03013,-22.939741,0
-15.735676,-53.313175,4
-27.294199,-33.607006,0
67.886154,-24.553782,0
29.442137,-31.639194,0
-3.6686707,-24.297777,0
-52.615047,-14.840897,0
101.43359,-12.134162,4
42.504936,-70.766556,0
-30.648787,-39.89272,0
31.75894,18.676315,0
-83.246475,9.867142,0
37.766197,41.665718,0
-8.336841,-38.886257,0
35.985855,61.223515,0
-72.08742,-8.698091,0
16.229235,26.44799,0
-6.116614,-75.36225,0
-39.18259,19.434643,0
51.55556,-13.550219,0
35.23524,19.55665,0
-14.207749,-8.496996,0
15.257908,-74.591125,4
-80.786095,-56.078693,0
34.973087,15.744005,0
-28.952774,85.18523,0
31.06674,-19.583464,0
1.0635998,41.376633,0
29.740646,-10.402903,0
-17.806528,5.1256065,0
-17.873,-15.112545,0
28.889786,48.012295,0
-76.69796,16.77606,0
-86.9163,26.250156,0
-3.4221308,-103.06498,10
-54.74129,-40.972763,0
-39.60018,87.20676,0
6.2579694,-55.270348,0
48.1767,-18.911854,0
-15.710616,92.460464,0
-35.28371,-76.08264,0
-32.92068,7.6110716,0
-86.45762,-25.542141,10
12.244267,-6.2949696,4
33.098328,-13.366502,0
-70.24429,-7.008994,0
58.15882,31.219357,0
90.068535,-33.421383,2
-0.047067508,-97.270004,10
-20.403246,89.94975,0
-56.798992,-41.48318,0
-2.6177719,41.085453,0
-1.035472,32.33395,0
37.561806,63.916622,0
54.132988,39.217964,6
-77.63889,-53.088947,0
11.353427,75.77823,0
-69.605385,0.75713646,0
-85.751396,28.5685,0
-13.889293,91.507195,0
31.53624,-0.6568124,0
-83.23977,9.187029,0
15.584266,67.651794,0
-58.362347,3.5408165,0
-20.492281,56.519165,0
-2.676342,-44.522312,0
13.259227,-69.50365,0
-13.339781,-25.445206,0
-74.49938,0.74216205,0
1.4790958,24.916054,0
37.058903,60.87176,0
-4.6148853,28.898094,0
-27.874645,-61.689045,0
29.451399,-31.657421,0
-53.74791,-58.18497,0
28.763796,-77.50459,0
18.07699,-30.447206,0
68.061905,-23.781275,0
8.386362,10.061461,0
-31.886337,79.54186,0
-14.269764,77.65598,0
26.30401,35.208458,0
-39.608784,90.517395,0
51.588856,24.991133,0
-13.631489,-36.485374,0
-24.388546,89.855415,0
-57.57677,-44.321053,0
35.93821,61.149456,0
87.45739,1.1199794,4
0.18862145,-41.58137,0
32.2139,-18.97898,0
12.336077,-7.463734,4
82.60379,-10.725689,4
-0.1817427,-15.2341385,2
-54.067627,-59.531654,0
-0.90219873,-79.54035,0
-8.764336,16.430864,0
89.93622,-30.557205,2
11.005654,45.631203,0
22.091982,2.6705031,0
-38.169262,86.903336,0
-4.79599,59.43597,0
31.8092,23.281406,0
22.958235,48.123726,0
31.155405,-52.246635,2
-5.8950562,61.176365,0
-30.011326,24.165138,0
-80.97603,-55.959587,0
18.462889,10.4029,0
-53.202,12.136798,0
1.6415272,-74.308334,0
11.235462,76.378105,0
-62.226967,32.59441,0
28.96608,-50.88043,2
10.791666,-71.99673,4
18.02505,-30.74355,10
-30.38935,-37.972023,0
13.606738,69.14501,0
37.165195,-24.98151,0
-18.79293,-68.936775,0
82.14374,-11.607531,4
98.80046,-10.206141,4
-53.862457,40.59134,0
-50.132996,-29.279474,0
-24.997456,-20.669064,0
31.05679,-13.947393,0
-38.64623,-81.54436,0
44.93451,22.206118,0
29.791279,-75.73724,12
-33.20599,45.793125,0
89.01237,23.523214,4
-51.864758,13.510974,0
-4.6046467,-18.887745,0
36.027397,69.91231,0
-38.913246,20.385908,0
50.49668,13.375762,0
-33.107086,-60.62804,0
-55.57328,-41.804733,0
-22.852886,87.79849,0
9.199189,66.6637,0
-78.63988,-34.536972,10
15.98949,-51.19827,2
10.919716,-54.638992,4
-86.54969,26.156893,0
17.055164,-69.55095,0
16.323051,7.9789014,0
-58.474552,40.84576,0
-56.18254,40.901955,0
-11.626382,-5.8561783,4
12.431789,2.9722455,0
-16.308178,55.07094,0
-23.536968,-26.991608,0
64.77121,-45.601303,2
-44.376606,23.463638,0
41.923336,41.555447,0
1.7210448,-74.3814,0
-22.500134,-17.40458,0
24.380766,9.762605,0
-46.656414,-21.828392,0
32.49453,33.98068,0
0.2282823,37.69326,0
81.36642,-35.503643,2
37.884224,29.270935,0
33.076057,-0.5153167,0
0.3079182,-3.8430572,0
93.975,-16.036234,4
18.004076,9.59602,0
-14.029871,-36.53343,0
-18.515358,-51.24659,0
32.724697,31.88016,0
28.796255,-77.2924,0
-33.182915,79.064926,0
33.42654,-54.12307,0
-29.65564,-39.810684,0
29.830107,-75.47235,0
12.905053,77.213585,0
14.30629,22.75918,0
43.46523,71.86828,0
10.178608,-56.558064,0
-86.03263,26.37228,0
30.30801,64.46476,0
-71.456406,-8.665849,0
2.5972018,25.110006,0
-1.6344259,-0.8885712,0
-38.015312,-18.704096,0
2.4990408,-49.741486,0
-32.009884,24.239498,0
1.0458331,-9.461469,2
-46.36834,-26.099016,0
15.357839,-75.99795,3
39.363014,15.899361,0
-83.979004,22.226862,0
-4.6049914,20.021236,0
-42.759697,-80.004524,0
19.38576,2.7748532,0
10.261887,35.288292,0
-6.3345695,-62.776478,0
-91.943275,-24.83095,10
28.291641,-46.387154,0
-32.46761,43.31963,0
-39.148132,86.96987,0
42.02597,-48.39179,0
84.693375,36.780178,4
-81.51241,15.49195,0
-21.730976,17.652107,0
91.510254,-31.245134,2
16.770258,-69.487434,0
17.66035,-51.54394,2
-27.393932,-78.29574,0
55.295097,-8.719301,0
43.05862,72.32263,0
-30.631271,45.986206,0
-59.529564,55.219975,0
-25.487621,-28.123066,0
61.796387,-55.751488,5
-46.781208,-36.99004,0
66.19828,-42.1468,2
-18.07869,-26.791885,0
1.8604555,57.92351,0
84.71734,36.79808,4
-20.666231,1.829298,0
-37.794014,-19.016863,0
45.386967,42.89444,0
27.613672,49.662376,0
-44.15095,-17.466312,0
52.99348,21.251732,0
-28.532549,25.75467,0
-24.617205,-64.050316,0
-86.74197,25.484056,0
-37.98892,-77.003044,0
-59.93144,-49.132706,0
56.444935,-1.8633146,0
-28.619286,-74.9403,0
11.1270895,-73.42669,7
-82.4654,-39.155056,0
13.94533,-45.347385,0
-58.460476,56.135586,0
-52.191185,-27.773577,0
-40.032883,23.151936,0
-27.95718,-75.52407,0
-53.953766,-40.27276,0
-18.335081,78.72549,0
-52.43777,-15.049251,0
90.681625,-15.4108095,4
38.29355,-14.744882,0
-42.457745,-76.90447,0
83.55715,-36.524635,2
-47.267082,1.2128115,0
-21.380308,77.62692,0
-84.962395,-44.308376,0
-86.60609,-32.790646,10
-61.74809,-28.233818,0
1.920414,36.349594,0
79.15943,32.086803,4
-27.289299,-5.065032,0
-82.650276,-25.94645,10
-84.385376,1.1434809,0
-46.87114,-36.981083,0
-0.1675165,-97.28714,10
-82.25825,23.078764,0
33.542057,-74.94985,0
-18.100994,41.708817,0
-22.128399,-26.997402,0
-33.23448,46.55722,0
-25.948605,-63.029934,0
101.200775,-12.628193,4
24.440018,-14.965616,0
15.036506,-4.1769996,0
38.087624,-24.10604,0
2.3509243,66.97376,0
-28.50018,71.73631,0
-62.23548,33.3061,0
10.2515745,76.410385,0
-4.7039638,97.38352,0
-19.18938,-51.121952,0
56.065926,-35.03686,2
-52.771393,-15.21771,0
-52.578808,41.362553,0
-67.699814,-7.2876344,0
58.549793,19.477795,0
36.539997,42.448666,0
23.091543,-51.93875,2
-42.197464,-37.139225,0
-23.702297,88.40571,0
-56.98595,41.995346,0
0.6817736,37.23818,0
35.547966,14.854812,0
38.322014,-11.482602,0
16.196499,-2.1092868,0
-12.363085,81.50244,0
6.4566016,35.127514,0
86.27534,0.20334047,4
32.897808,62.57005,0
-62.22854,32.601017,0
-20.668196,17.953165,0
-71.41588,-3.9184241,0
-18.457794,-36.224186,0
83.850334,-34.352577,2
-62.215958,32.53519,0
17.003752,-15.118939,0
-43.415295,-62.778095,0
56.443256,-1.7975167,0
-45.66961,27.350925,0
-7.985957,59.174545,0
18.44835,-51.758232,2
-41.08895,0.010501197,0
-16.461683,91.69987,0
-79.69002,-27.832737,10
-34.775406,80.469055,0
100.51182,-12.093486,4
-38.37894,-49.36145,0
69.76554,-19.213427,0
52.833035,-12.818966,0
-27.289408,-33.608955,0
-7.294027,-56.94865,0
-39.755524,92.19748,0
36.39341,-75.18382,0
-0.78451127,-60.449917,0
-68.46441,18.535082,0
-33.994507,48.34783,0
15.610806,-43.52285,0
-53.6952,-26.738592,0
-32.61358,77.9696,0
2.9889207,-97.18319,10
-52.215427,14.953143,0
-55.772114,59.278362,0
-63.404716,44.89088,0
38.53816,8.945337,0
-35.110138,2.3578258,0
-86.780334,24.62396,0
45.300972,43.036606,0
10.259659,35.296665,0
-37.61131,27.26298,0
-64.51491,-4.1789317,0
-83.33887,24.05358,0
89.60815,32.985558,4
-37.294407,-81.14405,0
53.35795,21.17862,0
90.545166,-29.552235,2
-37.19137,91.248405,0
-30.770838,-60.019157,0
-22.385206,1.0947566,0
-23.289642,73.62598,0
43.739506,15.559163,0
-37.10536,77.13338,0
-8.391187,-81.01484,0
-8.135769,31.618687,0
-14.198465,-30.397764,0
6.00846,-41.72287,0
54.916348,29.981777,0
91.150246,-15.4789505,4
-30.379953,-37.993828,0
-82.45972,-39.143154,0
13.159317,3.76597,0
5.396932,-28.644205,0
-34.968224,-55.429028,0
-9.7489195,17.778275,0
43.53313,-18.042171,0
-33.3079,-81.432076,0
19.48629,-64.98591,0
9.830032,33.802208,0
8.470737,65.68385,0
33.2173,63.45067,0
-67.90875,-6.7224026,0
-13.466905,-11.196092,0
-4.469077,18.392307,0
11.755198,80.02932,0
53.51844,17.219496,0
92.95803,5.9798913,4
12.179706,-34.61488,0
89.34346,1.7148919,4
-50.68214,13.277412,0
-53.06244,-27.184597,0
-1.3726338,30.738958,0
10.04658,-95.20805,10
77.92312,10.186604,4
-53.978256,12.581636,0
-10.593348,82.31925,0
-63.452057,40.490177,0
-80.1518,-4.9339967,0
3.401963,66.21722,0
-44.753677,-79.44495,0
31.105862,-50.33948,2
44.930687,-66.87368,0
-11.154511,47.925198,0
-33.010845,7.8896675,0
-77.391304,-57.703075,0
-40.7953,-19.333227,0
13.5055065,-6.232556,4
-42.142735,-77.67624,0
-46.953987,-36.97335,0
-12.639628,-35.6701,0
14.11584,-50.80993,2
-3.1229002,37.8917,0
64.10075,29.605806,0
40.061638,6.8870378,0
-31.17658,26.634745,0
82.365456,-34.99602,2
38.09705,-15.297477,0
-19.366411,9.815769,0
32.34697,15.385372,0
-72.750465,-4.3607903,0
-21.045088,18.765913,0
15.888818,-0.1697841,0
-68.002106,3.5096176,0
10.920879,-54.634167,4
-39.997402,-81.32168,0
36.183105,69.854744,0
33.578194,-21.382498,0
55.4389,-4.1496572,0
-62.818634,-30.898252,0
-39.268818,-81.31126,0
-4.8301477,-101.02365,10
-23.551064,87.1566,0
-13.536386,-37.004345,0
14.4004545,22.577845,0
52.36775,-13.699876,0
18.165487,10.380462,0
106.31198,1.0400769,4
-3.331983,32.887135,0
-83.24049,9.057697,0
54.66521,29.223366,0
-83.81779,-39.212265,0
-84.82515,7.998465,0
-14.213461,-8.455058,0
-15.2561455,-12.717909,0
57.31094,15.680046,0
-52.973118,51.477375,0
-13.308737,83.43187,0
-56.989735,-43.48078,0
-49.094604,-63.258415,0
2.3914316,57.783516,0
-36.09625,77.73497,0
1.0097423,-3.6407766,3
-83.24509,9.073222,0
-85.53339,-34.793114,0
38.685165,70.93825,0
27.492725,23.81556,0
89.07093,4.5525126,4
57.667957,-1.0188005,0
31.468204,21.895403,0
80.279045,41.01282,4
-0.2998979,24.949295,0
29.694786,-28.350298,0
2.076286,41.20412,0
54.860664,29.88718,0
37.841755,29.186888,0
-2.740892,31.008934,0
48.390476,30.38867,0
38.01042,-7.3025184,0
-34.60187,0.44893628,0
37.856457,-64.192116,0
35.00959,-12.267771,0
90.07681,-33.4262,2
-73.94536,19.546648,0
-19.047989,78.622955,0
9.015625,65.498566,0
9.896692,44.83637,0
-6.1688213,-98.27157,10
-28.048077,25.209297,0
77.48311,11.93967,4
5.1173534,58.308567,0
87.44895,1.0971216,4
-68.27856,1.6992574,0
15.659596,-43.482197,0
3.1421258,22.897789,0
-36.42687,-53.119045,0
-20.368488,-51.62161,0
-70.27644,-8.033497,0
33.537125,-74.953636,5
56.34287,-2.6669922,0
45.333313,-22.297571,0
3.771979,-103.9032,10
-57.556858,49.408806,0
-32.90511,46.11471,0
23.946323,-52.286613,2
11.446364,6.0912848,0
89.288574,32.463543,4
-61.265163,52.157913,0
57.71244,-37.81425,2
-4.25535,98.00481,0
7.957147,-28.157425,0
-20.452114,15.755387,0
-7.3043303,-56.935158,0
-13.764994,-36.203064,0
-81.53021,-26.381737,10
-4.0773687,17.942656,0
32.100327,-15.283268,0
-0.77652234,-79.69902,0
5.262969,-25.588331,0
-3.0139692,-22.860731,0
-29.428322,27.759748,0
-14.813456,-8.725474,0
-55.549294,-33.0388,0
43.36996,3.9893093,0
-29.573935,27.296165,0
14.2252245,-50.81533,2
59.27128,31.312021,0
-6.11841,-24.220472,0
-41.065617,1.1187593,0
-22.582962,16.089317,0
-1.9804567,11.825369,4
-39.530376,21.45268,0
-40.01346,23.128876,0
64.10241,-55.550232,2
29.817333,-75.577995,0
38.893883,-14.3640995,0
98.47099,-11.273542,4
15.306449,-44.00356,0
-21.444242,-46.02333,0
13.674108,-6.427355,4
12.013106,-49.764156,0
24.69493,-51.623264,2
11.874771,-7.941577,4
-11.47282,83.41883,0
7.993047,72.077194,0
-44.584026,28.198355,0
-8.44458,58.534134,0
-29.843748,-79.65019,0
-3.5643501,-22.751127,0
15.023701,16.51238,7
81.7289,-12.840959,4
32.835876,25.386024,0
-23.59104,-26.516361,0
15.679725,-76.244095,0
-84.373245,1.157364,0
29.871857,-52.82871,2
-80.93097,-52.188587,0
-41.965736,-80.64613,0
56.84279,-14.042772,0
-64.45355,-3.7854347,0
19.280031,-65.15413,0
17.83402,2.3554208,0
-41.91577,8.851271,0
7.790361,11.765886,0
32.485306,9.552915,0
81.65341,-8.37777,4
-44.545624,-37.06601,0
-18.488522,-36.21149,0
-70.317444,-7.9723663,0
-47.835087,0.39351875,0
82.76662,37.747025,4
25.781406,-13.69968,0
2.881867,22.895168,0
-51.04306,-37.89487,0
-78.68242,-34.798756,10
47.942375,-18.918386,0
-81.27175,-6.392367,0
-13.638214,-31.050623,0
-71.80162,-8.192502,0
22.169373,46.9715,0
-28.463057,-78.88165,0
82.902885,41.965282,4
42.28235,-48.064674,0
-42.406406,-41.62866,0
90.858665,-29.816914,2
-24.764513,-44.67898,0
-43.182056,-37.124615,0
54.126617,39.25166,6
-22.52285,-17.375721,0
-40.16322,2.5703747,0
2.954516,60.120747,0
-17.583408,56.072872,0
65.05403,-45.336704,2
-53.863007,40.591198,0
-50.096348,60.36625,0
-69.794785,19.44909,0
-24.497328,88.17215,0
11.133278,-73.43997,7
-61.06902,-55.230076,0
-8.227915,60.66189,0
35.07519,-20.303331,0
-20.382769,17.782785,0
34.139927,37.424316,0
-53.627758,-25.806923,0
50.309948,22.394346,0
-30.769176,-60.014935,0
18.050024,-14.264273,0
-19.56071,51.535797,0
5.6011114,-102.5208,10
-40.936897,-19.337677,0
-77.04917,-54.035583,0
-2.3763406,40.53581,0
10.393886,34.660057,0
41.35362,-70.341606,0
-38.724483,12.966857,0
-79.506996,-36.119316,10
3.7820144,-49.320854,0
-59.576286,-48.18912,0
-52.249454,-15.50027,0
87.04218,1.2971466,4
51.244514,21.34079,0
-17.824848,56.367485,0
65.37896,-44.376472,2
8.830032,62.55034,0
31.229256,18.473412,0
-37.19716,91.25123,0
40.898357,40.753178,0
46.711067,-23.383135,0
87.02076,0.25106493,4
-54.21914,42.94369,0
24.969372,-16.311975,0
12.291158,3.1194448,0
-32.54812,-81.06665,0
1.6479647,-9.184753,2
-37.083866,-81.81788,0
-91.463615,-24.908947,10
-64.58397,52.52638,0
31.093422,29.351778,0
25.242962,47.468727,0
-84.11987,7.5564413,0
-79.12381,-6.053895,0
-45.099033,-21.835379,0
53.285313,-10.83002,0
-1.5626748,-26.558508,4
25.423304,-51.64927,2
30.878616,-13.61,0
-33.984688,-80.82265,0
11.496419,78.13821,0
-4.198606,44.63657,0
-61.09287,-55.230488,0
79.049774,32.149956,4
32.35283,-21.330755,0
41.37398,-67.65956,0
-39.55999,21.031727,0
-52.17945,-1.1905226,0
36.132843,-42.07899,0
4.8646984,69.819855,0
-53.577145,-26.839539,0
27.66642,49.55045,0
-6.116986,-80.48361,0
-72.46153,-9.511945,0
-20.196463,16.984186,0
42.830208,72.16495,0
-35.244183,48.69849,0
-47.929317,1.5225136,0
-2.8475373,-23.025915,0
-23.6382,86.00358,0
-3.9062295,43.666386,0
32.995174,25.243107,0
6.457174,-42.18128,0
-2.0729225,-104.41697,10
-40.219597,-23.350447,0
-43.477524,24.030998,0
-30.822908,-67.68326,0
-32.74758,5.389844,0
-15.486659,-48.064613,0
-45.126465,22.84656,0
-62.058514,61.56765,0
-21.958244,83.24692,0
-4.488263,46.794357,0
-60.97493,-28.619856,0
64.85792,27.035086,0
-33.78217,-80.069305,0
83.08233,32.960815,4
-78.62399,-34.418724,10
-84.9188,-25.651907,10
34.115368,-16.437784,0
-38.02722,-18.934464,0
39.90002,-41.468605,0
-19.27841,56.40707,0
35.458958,-14.9358225,0
11.767739,66.23543,0
-38.422142,-49.232227,0
15.205069,-44.17667,0
-53.770046,-58.215015,0
35.662716,70.04675,0
-88.92037,-25.289608,10
-62.26929,32.858776,0
3.724635,-49.312294,0
69.32524,-9.342337,0
95.21085,-9.583035,4
45.21784,16.542437,0
27.607025,-10.596622,0
-6.731251,27.690723,0
-53.711346,-58.202637,0
35.334793,14.248964,0
9.533074,-26.632359,0
-44.200493,6.578026,0
9.413181,42.92095,0
44.925983,-66.87092,0
-51.69206,53.050915,0
-39.58381,21.224201,0
-17.89752,44.526836,0
-18.092009,-50.64649,0
10.82759,-54.75824,4
9.1199875,-33.02247,0
-6.785857,61.322704,0
9.85024,-95.60932,10
-60.652763,39.54741,0
0.35702235,-73.357765,0
-38.032543,86.82885,0
-21.396456,-29.351837,0
-86.17597,2.5640166,0
60.893444,-54.081753,2
89.95782,28.907858,4
-80.82139,-55.986908,0
10.974387,45.590824,0
15.301361,-3.844073,0
38.12314,-1.2876236,11
62.312523,25.990822,0
-36.43223,-52.950676,0
-14.241767,91.79043,0
-21.597406,90.06125,0
39.057796,9.45671,0
-10.995279,-6.163816,0
-36.743908,19.485838,0
-11.85798,47.48637,0
-85.80174,26.71084,0
20.162455,3.5222182,0
-28.472115,74.35288,0
0.12862147,-105.12438,10
-32.540695,7.0262704,0
-2.7618399,-1.0110925,0
-1.1799825,-79.94408,0
-78.9802,-36.565636,10
-34.842136,-55.59985,0
-6.9801292,-80.980896,0
-25.692158,80.66424,0
24.736006,4.3662524,0
-7.9413853,60.753094,0
-8.020403,-39.287586,0
-3.251861,-103.26339,10
2.653558,32.39213,0
-85.89347,22.547325,0
-40.854183,-1.5540577,0
91.07056,0.21559158,4
42.83886,43.899544,0
-28.36611,83.34409,0
-51.88663,40.73337,0
-60.97784,38.003437,0
83.80054,40.618153,4
-30.829903,-67.64971,0
62.79297,-56.282402,2
1.6389638,-9.059109,2
-13.744586,80.727005,0
-85.958824,-44.054653,0
13.68242,-69.46313,0
-0.60795134,-105.07835,10
69.666145,-19.442469,0
-51.36292,-13.983006,0
-25.760435,-63.194942,0
107.3851,0.96198004,4
-60.648525,-53.600872,0
11.699699,10.29873,0
43.73306,44.82068,0
-50.440395,60.28569,0
-61.94588,39.941177,0
-91.73274,-24.871668,10
25.637486,-2.6510172,0
24.351265,10.27789,0
-51.843227,-27.949497,0
4.7821274,73.42728,0
-34.99412,-76.05694,0
-39.7945,87.616776,0
32.303406,29.026617,0
-22.256392,91.05086,0
40.100456,-41.11556,0
83.019905,40.35563,4
-41.966255,29.961962,0
-19.156178,41.11246,0
-32.533546,44.688824,0
-19.47767,51.551556,0
10.444833,68.24455,0
79.06666,32.15322,4
-17.205896,43.87112,0
-1.6459733,-72.28263,0
-53.61735,-26.804539,0
68.34971,-23.036142,0
3.975368,64.58844,0
87.176445,-27.94386,2
-19.472067,1.4154191,0
30.30801,64.46476,0
29.741356,-10.535879,0
36.44772,69.48457,0
37.99231,29.442202,0
-14.096541,91.20405,0
25.303543,35.2631,0
-17.748995,9.5125,0
-53.503185,14.328166,0
-57.464634,47.625317,0
25.174675,10.82918,0
-1.1350799,39.345284,0
-38.486694,-49.01869,0
-42.626717,21.968176,0
47.680965,23.538692,0
37.801926,25.873772,0
-81.16545,21.200766,0
-72.49159,10.024138,0
-44.428745,24.478905,0
59.61854,16.389282,0
-0.20399293,-1.4028124,0
-68.25367,2.9703248,0
-61.39883,55.004253,0
-32.11667,43.41748,0
87.46943,26.057863,4
-22.684307,-29.620893,0
-77.69594,-53.00602,0
-15.388395,-12.837492,0
32.965015,-0.69977444,0
-11.178475,-6.1356225,0
-70.309944,-8.302016,0
-2.3375158,-43.011803,0
-17.291824,-12.349608,0
32.963596,25.81262,0
-21.701683,1.3138144,0
28.213192,52.51714,6
81.95039,-13.094536,4
4.4462466,-20.347023,0
91.71301,-17.115759,4
33.42988,-54.155308,0
-0.56182384,-39.605106,0
14.074255,-45.108067,4
-38.23327,-49.592167,0
-46.427376,-21.937302,0
83.09366,40.549576,4
83.9221,-31.188686,2
37.070972,25.820036,0
-13.18764,6.164316,0
-73.682945,19.45438,0
11.828355,64.17601,0
-73.7008,7.0905085,0
-38.703903,12.577813,0
-21.053585,76.77773,0
46.64745,-11.979529,0
38.688385,44.50827,0
91.2815,-15.776581,4
39.282406,27.469717,0
-1.2702776,-27.109556,4
29.121222,-79.106445,0
19.065926,-1.4968498,0
52.41594,-13.696926,0
-38.95362,78.60106,0
1.4144247,36.254875,0
-3.877918,43.39954,0
66.247444,-42.06841,2
6.3517838,34.130985,0
-64.38497,-0.37890074,0
35.755596,32.608135,0
13.439796,68.16007,0
35.683666,-12.652951,0
36.538654,-1.2652229,0
38.832638,-14.457717,0
-17.798086,5.2597303,0
84.28372,-30.478657,2
2.817451,60.932533,0
-52.29032,-1.2988926,0
18.104637,-51.66594,2
-5.8492527,-63.091072,0
-4.707948,-61.677116,0
40.15497,-42.572968,0
-60.08809,-52.40455,0
58.38431,32.028614,0
56.840412,4.411618,3
-81.254585,10.594291,0
4.1520953,36.652794,0
-4.351337,97.96705,0
65.48756,-44.39687,2
-6.2078695,-98.247375,10
-4.55279,-18.873148,0
10.579695,-34.128307,0
-53.0772,49.954453,0
90.06628,32.887188,4
-68.75229,4.0345488,0
11.19637,45.75558,0
40.151024,-40.84618,0
-86.44238,-33.19154,10
68.609436,-22.23842,0
-25.461958,-63.391094,0
-47.19037,-66.713615,0
38.604965,9.30723,0
9.329021,36.160435,0
77.82885,8.281396,4
-3.621159,-4.709572,0
2.1846728,22.931213,0
9.895005,-95.52569,10
-62.81928,-30.897936,0
29.863724,-77.07911,0
-0.9452952,-104.98643,10
28.292847,-46.380184,0
69.3742,-20.056828,0
32.49081,7.1145883,0
-41.605694,10.193971,0
52.89036,-13.928457,0
49.13088,20.786518,0
-21.049631,81.85814,0
-79.031395,-36.746674,10
38.793232,-19.225508,0
-4.243735,-24.285446,0
-33.944016,79.76517,0
11.100588,-73.35953,7
0.7486301,-2.710088,3
0.7486301,-2.710088,3
-1.5155307,-26.639,4
-41.88462,-3.5503387,0
38.792645,-19.225634,0
-25.487545,-28.109184,0
-69.01879,-3.716857,0
-1.0652632,-57.291813,0
-57.815926,47.612873,0
32.467453,62.18377,0
-67.03221,0.9794561,0
-49.099648,-26.949026,0
-11.278384,4.9577546,0
-61.08069,-54.93326,0
-45.944168,24.347807,0
41.451496,-47.409378,0
-0.8576345,-60.30163,0
-70.754845,21.019527,0
-14.809603,-8.682213,0
17.287949,-69.632515,0
88.12523,-29.273663,2
30.37981,-28.663792,0
105.8584,2.361324,4
-35.939823,-53.746555,0
-4.4542418,29.285494,0
52.03785,-13.267216,0
25.301283,23.515966,0
57.764595,15.081185,0
37.342155,62.192394,0
17.423925,-14.632661,0
-5.346855,-61.396976,0
27.983027,-53.216015,2
-56.506214,-42.667645,0
37.39117,42.046955,0
12.20488,75.84402,0
-83.82284,-43.407936,0
40.17936,19.299274,0
-53.803024,51.412567,0
-2.8035424,-23.02278,0
29.70782,6.418414,0
77.21253,31.921825,4
-0.096074775,-15.685589,2
-27.184486,79.17775,0
30.046446,27.034885,0
58.272373,-44.500412,2
-24.746384,-20.099072,0
45.90401,18.045742,0
-39.817646,-0.2605462,0
0.22465926,24.633938,0
35.7184,34.34361,0
52.740566,-12.641488,0
-6.2750325,-98.76359,10
8.490696,75.037575,0
7.0540833,-100.71136,10
41.417328,-68.32412,0
-39.885155,87.032616,0
6.942873,33.418148,0
98.77538,-9.0314665,4
42.70634,-70.74066,0
83.52636,41.728405,4
26.819162,-21.740332,0
-30.637676,46.024693,0
33.507996,8.639102,0
-6.6542516,27.781883,0
0.7175789,-97.16961,10
42.180656,-47.79591,0
-3.5594342,-102.89394,10
-49.72647,59.942535,0
-60.98643,-28.744236,0
68.92182,-9.687866,0
72.20849,-2.002902,0
7.815031,69.82871,0
-19.976637,6.9685564,0
-80.67353,-56.06426,0
41.358364,42.0566,0
-52.14409,15.01625,0
56.11084,-13.801012,0
61.26972,33.840954,0
37.331085,-12.651022,0
88.698074,24.36958,4
44.43391,9.977307,0
4.3389435,57.802227,0
-47.72039,-36.87913,0
11.9048395,78.43965,0
-26.933521,74.1186,0
1.7149143,-74.36892,0
-18.486538,-36.210342,0
-45.861423,-64.9093,0
-61.252644,61.783745,0
79.73992,35.98454,4
-86.20488,26.399008,0
53.79486,27.761257,0
-52.265453,51.508335,0
51.731216,19.57897,0
-5.6308894,32.447117,0
16.748274,-69.48224,0
-9.172948,60.58621,0
91.26891,-15.49353,4
-10.923145,-24.351261,0
8.559931,75.1758,0
6.658923,-28.383932,0
-24.054543,89.5532,0
45.354107,12.046396,0
37.645405,-64.2779,0
-46.927204,-36.975056,0
-77.09089,16.462395,0
-4.2118278,-102.02383,10
-55.71877,-31.566462,0
28.609606,-78.06923,0
-19.39849,6.9760857,0
-27.838068,86.93302,0
64.789825,26.764784,0
83.4301,-36.34581,2
-54.554783,-40.808186,0
-19.029009,9.115708,0
1.7567861,66.957794,0
-60.579716,40.960037,0
-13.113428,49.837418,0
-42.6609,28.456184,0
54.919502,-14.037536,0
-44.682995,-79.413536,0
23.22981,47.84611,0
62.11016,32.393536,0
31.485483,25.79234,0
-62.73109,61.778236,0
-38.77573,9.227707,0
-51.079857,-14.222844,0
-29.489826,-72.81442,0
41.905563,-64.635635,0
8.961454,-41.17329,0
-13.902357,80.33251,0
-13.6039505,-36.426357,0
10.046614,-95.20814,10
-11.65281,85.42899,0
-53.532253,-59.248993,0
-6.117737,-80.47461,0
-9.570712,-23.42135,0
-27.369587,79.528435,0
-42.529015,-77.851,0
26.711262,-0.0871795,0
58.792038,30.301039,0
-37.840084,91.422066,0
5.4379826,58.565998,0
57.63636,-46.325462,2
-12.596134,-31.813248,0
29.104042,-11.251365,0
88.498085,24.817148,4
40.91152,-21.831396,0
-61.642635,33.254055,0
39.506527,31.053268,0
16.761095,-0.83045393,0
-84.64606,22.418606,0
-8.146624,59.328506,0
12.8076725,-6.8517427,4
30.977346,-13.793491,0
-29.940338,83.055534,0
-51.504,42.4438,0
28.478497,2.7141938,0
-0.7712094,-3.0514646,0
-71.95794,8.047875,0
-45.853947,26.970562,0
-41.505096,0.6414598,0
-61.692123,55.469875,0
-21.415339,-29.016556,0
-61.642437,33.25313,0
-53.56021,-26.851885,0
-0.5883648,-39.59516,0
32.570835,15.171468,0
47.858505,20.528986,0
-54.27512,-59.4132,0
-53.71381,51.25767,0
10.9699335,-5.186694,4
41.795742,-68.16172,0
37.25818,-12.569461,0
-79.02685,21.489737,0
-83.93394,7.6335106,0
40.762226,43.417946,0
55.63909,-44.504765,2
-31.247276,-59.67859,0
93.02522,5.9694195,4
-60.932743,-53.22625,0
-51.095882,-14.173879,0
-22.351765,-30.077484,0
-30.010365,73.993515,0
48.399586,14.196384,0
-30.933289,43.020107,0
-14.933106,-9.089337,0
-26.991863,87.24924,0
27.588202,2.5690584,0
-84.790245,25.97068,0
-81.45695,-26.221624,0
53.596657,27.413267,0
53.256916,22.065083,0
39.783936,-24.8625,0
62.716084,-56.11207,2
16.429802,-64.4541,0
83.099106,33.239372,4
-40.645355,10.037131,0
-89.25343,-25.245304,10
89.09906,4.3617334,4
11.183761,66.86934,0
77.411644,6.4620056,4
-45.3979,-0.18155545,0
-40.521416,-81.19966,0
-57.63775,-42.140064,0
54.493877,3.375899,0
10.435613,8.525998,0
10.924312,-54.632374,4
1.0568708,-9.410644,2
36.1831,-11.837375,0
41.841377,45.940334,0
-43.16809,28.573404,0
4.9096355,-26.211473,0
-27.294191,-33.607018,0
-60.28477,44.936646,0
-18.488522,-36.21149,0
-21.225574,-46.10429,0
23.625717,48.012318,0
-1.9399608,32.477367,0
46.871593,31.393251,0
-77.120964,-53.917534,0
44.178864,-62.893944,0
-60.110176,48.50488,0
42.8449,72.618256,0
13.027506,-71.07247,0
-15.100937,8.359434,0
-22.093033,-27.06178,0
61.08222,31.143675,0
-71.24546,-11.440639,0
-59.934692,-27.633177,0
88.85109,21.81233,4
34.597977,-7.132279,0
-0.8710133,31.3426,0
88.57839,22.82925,4
-22.279472,17.572857,0
-47.57614,5.7559557,0
-51.125206,60.301243,0
-4.4620233,46.68952,0
16.604046,-51.321873,2
30.348059,-28.58532,0
-78.01619,-52.58364,0
6.957108,35.306118,0
55.652065,-14.031628,0
-3.4221308,-103.06498,10
-32.309296,8.485032,0
48.72229,30.824347,0
-45.07191,5.037985,0
41.54947,-68.729996,0
-38.45689,-18.639551,0
25.61001,-15.628106,0
-44.309235,-17.65373,0
-6.14872,-99.08908,10
-17.782604,45.209644,0
0.45795977,26.027117,0
34.373474,-1.715598,0
35.856056,-14.068172,0
-25.204897,-63.59149,0
-85.98277,28.601135,0
-4.7590213,97.33641,0
-30.383194,-37.986496,0
15.456706,-75.18496,0
23.610996,48.030342,0
-53.268246,50.674774,0
-18.68305,-51.579414,0
-6.044162,57.82023,0
-70.33637,21.510315,0
-73.953804,6.687614,0
84.69613,36.73454,4
91.17359,-17.23268,4
-71.35576,21.296999,0
-24.725819,-44.857857,0
28.21276,52.507267,6
-47.232605,-36.93418,0
-60.840214,-51.91801,0
33.537125,-74.953636,5
-44.953167,24.13906,0
-21.562954,89.40507,0
-82.46048,-39.14148,0
56.46491,16.256323,0
1.4971567,36.76272,0
19.414982,-1.059996,0
10.507464,69.79736,0
18.185291,-51.69157,2
11.944997,13.015216,0
41.710644,45.863625,0
-82.651115,-25.948948,10
-26.510307,-62.56749,0
-44.138084,21.267502,0
-5.7413435,-99.33461,10
33.89657,-1.8484701,0
-18.185116,2.4987013,0
-25.470793,-28.5444,0
25.92187,21.636986,0
-32.59205,43.075546,0
58.332405,31.771238,0
83.76657,40.61816,4
33.93341,8.697716,0
-49.66156,4.572799,0
-62.517765,43.985218,0
-24.289333,-64.3474,0
-73.743065,8.2095,0
-60.798252,-28.496391,0
16.399622,48.77275,0
-12.726998,-10.427145,0
-20.21418,51.583973,0
-52.253334,53.898613,0
43.037476,3.0739865,0
30.214598,-79.00066,0
-62.098602,48.307716,0
55.599953,-44.923298,2
-2.4851913,24.99231,0
-85.38463,-44.706623,0
-73.499886,-2.0717702,0
-47.00863,-36.966732,0
1.4639636,-50.114475,0
29.527746,-10.420901,0
-78.9809,-36.56576,10
28.411247,-10.652254,0
11.788068,66.70926,0
-9.00465,21.927889,0
-17.275553,44.356075,0
-18.79293,-68.936775,0
30.082823,25.655296,0
-43.72328,23.315218,0
58.584656,19.44665,0
16.760637,-51.355053,2
-51.365227,42.242252,0
12.868531,-9.13737,4
-37.58258,12.442797,0
38.644566,6.7751784,0
-39.814693,7.0878577,0
58.23774,5.2291555,3
-23.451918,87.75319,0
-14.821887,-8.774755,0
10.370382,33.927174,0
-53.31007,-60.232647,0
-22.402979,-30.00928,0
3.9169075,22.579508,0
11.13553,-48.88985,0
-42.905064,25.973743,0
-7.033825,-80.34002,0
5.910698,-23.600643,0
-51.87679,13.484757,0
-36.717983,-18.876999,0
-29.305437,27.784204,0
81.96034,36.014046,4
16.868444,-0.63690275,0
-81.09095,-53.348087,0
51.90057,24.162914,0
14.257149,67.90905,0
39.283703,23.944567,0
-52.30123,-11.281708,0
55.679157,-14.013106,0
-28.176638,-74.75603,0
54.877953,-8.5573635,0
-57.301273,-43.892128,0
45.399258,16.529049,0
-78.16159,20.562296,0
37.23031,1.5108199,0
-52.613308,-14.861506,0
-54.45738,-59.941673,0
12.273468,75.53862,0
20.322395,8.436929,0
-42.749947,28.84401,0
6.470961,73.49696,0
10.135855,9.380713,0
-24.256287,89.91231,0
71.43424,-1.2231286,0
-51.07288,-14.231471,0
-86.43746,24.567738,0
8.901745,-26.47265,0
-12.927226,48.50467,0
-52.570126,-14.879354,0
49.454647,22.096348,0
47.65631,-21.025415,0
89.879845,28.67595,4
-44.90629,-60.646133,0
-21.180227,16.94879,0
12.868411,-5.671786,4
-50.69684,55.600346,0
-77.20181,-58.19772,0
-60.674744,-52.3835,0
33.427696,-54.134464,0
24.775404,4.7670784,0
-23.913017,-25.39695,0
27.384783,-54.672882,0
-70.54294,6.868609,0
-19.748386,56.777496,0
-18.864841,-0.03377374,0
-7.054614,-80.42849,0
57.664963,-37.75536,2
106.39578,1.3431846,4
-0.85546035,-60.331463,0
-22.507053,16.059202,0
-42.973038,30.358664,0
71.95285,-1.5922542,0
-50.03966,-63.098457,0
-36.405117,-52.92904,0
2.315611,57.67905,0
31.746046,22.421114,0
-43.39794,5.077505,0
-29.211643,27.5301,0
-19.276989,5.8911695,0
8.962639,-97.34033,10
38.152565,-11.896549,0
28.213306,52.529003,6
37.02141,18.156462,0
-32.605793,77.97045,0
2.4798205,34.284065,0
31.037369,-50.338463,2
68.849335,-9.7404175,0
34.559883,-1.6575086,0
-82.651115,-25.948948,10
6.2898126,-28.43473,0
-15.487043,-48.437286,0
-32.758926,45.291798,0
-48.689087,60.108482,0
39.308258,-39.963825,0
-7.289256,60.624058,0
5.0362234,67.334335,0
90.08106,-33.434593,2
-40.157475,22.705803,0
-87.070015,24.054558,0
35.75948,61.511044,0
16.977478,-69.5337,0
-19.730192,78.0461,0
-18.790768,-68.93687,0
52.509884,19.447897,0
8.6836605,12.607048,0
64.68273,28.299809,0
-18.522625,9.170769,0
-33.02181,-57.95139,0
-42.122242,-77.90909,0
3.132186,23.217375,0
-1.019786,31.5878,0
-13.972063,-36.521015,0
102.07468,-10.848873,4
-34.875465,-76.246284,0
-24.327726,-19.41744,0
35.529663,-22.816406,0
55.78015,-14.040546,0
-0.6002052,-39.59839,0
41.35959,-70.24319,0
-15.715629,-46.99886,0
83.76693,41.65203,4
34.7277,11.535544,0
55.858658,-35.12424,2
-19.36286,-15.66979,0
-22.878382,-29.290127,0
-0.027822347,-14.879947,2
-71.5717,-11.175764,0
-72.722176,9.924718,0
-46.538624,2.8298542,0
88.98121,-29.84327,2
36.050182,70.020874,0
-30.643587,46.028393,0
37.38912,64.065704,0
65.385445,-57.923573,2
37.3368,-12.633638,0
-8.449196,-22.406597,0
64.646484,28.218447,0
-39.047836,5.557792,0
-2.1509209,-44.434498,0
-7.645971,31.163912,0
-47.798798,-16.294611,0
2.4830823,24.875822,0
11.072152,16.662872,0
33.793354,35.389393,0
-62.23544,33.306446,0
-26.439041,77.15121,0
-12.679275,-11.106757,0
82.90974,-33.611965,2
-15.481203,-48.274284,0
-68.86295,-7.928506,0
-49.831173,-63.195847,0
89.49336,-33.128643,2
-82.46397,-39.157173,0
-86.21776,26.153172,0
0.35684758,-73.357605,0
5.1740737,-56.59286,0
-31.0173,-59.85734,0
-59.847996,39.352253,0
92.09658,7.0219116,4
-12.435612,6.3009667,0
13.284766,-69.50615,0
60.634624,34.091938,0
-49.68762,44.832226,0
41.3616,-70.20403,0
-20.224232,78.2263,0
54.509136,1.4801311,0
57.88778,25.657461,0
-5.4310656,-24.20459,0
-34.32877,-56.271847,0
64.0829,-59.84929,2
-60.81178,-51.937107,0
55.309696,4.327444,3
-8.0913105,22.338028,0
-50.603466,50.80828,0
101.181015,-12.638136,4
-7.664238,27.45364,0
45.90196,-21.399529,0
19.324003,-51.447227,2
37.93534,41.252827,0
22.699127,-51.84503,2
-66.16122,-4.035103,0
-91.463615,-24.908947,10
29.69457,-28.35014,0
70.75504,-0.74277747,0
-68.06777,3.1736424,0
93.68361,5.32344,4
-86.97554,-0.7384386,0
-59.500187,55.26188,0
82.483955,36.899704,4
69.30007,-20.236784,0
-80.74956,23.006327,0
-36.427288,-52.946274,0
-45.958374,-64.97366,0
27.679653,49.562023,0
-80.634315,-56.146324,0
10.91253,66.616196,0
92.71867,6.591969,4
39.041515,16.242146,0
38.91124,-19.16653,0
41.79061,45.784794,0
-49.68288,44.822983,0
-0.18830167,-97.29016,10
-39.081142,19.678413,0
35.83904,-10.518116,0
27.84447,-51.24321,2
79.762344,36.390923,4
-61.233437,58.845272,0
-54.5486,55.793102,0
41.33828,-47.386257,0
17.174252,-31.382458,0
-2.486246,38.680588,0
-18.484629,-36.214638,0
32.30277,62.56237,0
-43.483997,-25.8469,0
-1.1817027,31.074083,0
-42.310387,-0.2881935,0
98.49939,-11.68203,4
-27.079967,-78.24335,0
-24.981781,-20.62512,0
-66.49005,-5.25913,0
-69.67914,21.937618,0
40.31472,-7.8734274,0
-25.844124,-63.088017,0
-82.46537,-39.155308,0
25.86661,-2.5472233,0
46.86676,-20.296822,0
56.294033,-35.74068,2
-41.880604,26.064255,0
-74.906876,-4.725525,0
41.2997,41.83106,0
53.243347,19.360437,0
-19.032568,41.081272,0
37.27022,63.52092,0
-80.23763,14.606442,0
35.336945,20.465452,0
13.909986,67.85187,0
-21.975409,1.0485015,0
-40.23764,-23.358595,0
-18.081764,4.9685197,0
14.757041,67.80262,0
-52.727234,52.34177,0
91.8855,2.659997,4
-38.425674,-49.22075,0
26.57178,0.26482102,0
4.820133,-28.757511,0
26.933186,17.465439,0
-11.67484,84.944595,0
25.425493,22.204235,0
59.9423,34.308186,0
53.472157,17.113928,0
-3.6656964,33.482666,0
-84.44303,1.134543,0
106.58936,0.6462362,4
-71.1848,-7.58908,0
83.002396,40.30325,4
10.847177,72.22856,0
2.3350608,-96.7113,10
-22.067791,-27.110973,0
-22.500134,-17.40458,0
-39.56195,7.5112762,0
35.030945,21.583242,0
-25.074495,-64.24354,0
-25.487154,-28.098759,0
-36.66282,-52.535,0
-17.966406,90.9623,0
-28.328638,23.839058,0
-54.263103,40.323463,0
-27.176947,-78.29885,0
2.8391476,-104.38898,10
-13.602907,-36.42541,0
-43.476486,23.14382,0
-72.369995,-10.841588,0
-55.627403,-31.726913,0
-69.51586,21.979256,0
98.8846,-10.324497,4
-54.906395,-41.12561,0
-79.69001,-27.832739,10
46.53732,-12.777703,0
35.49583,33.884945,0
82.039276,-11.100811,4
46.698784,21.720282,0
55.1941,-34.700714,2
-35.10198,-74.6771,0
25.613781,-51.635593,2
-33.438953,0.53966343,0
-11.672205,48.839184,0
85.15416,-35.190468,2
-24.39415,-64.2304,0
-35.98205,-53.781345,0
-44.16846,27.948553,0
-4.469663,-101.61919,10
-53.197754,12.139486,0
-42.271675,-80.4653,0
36.67085,33.288383,0
-12.196825,5.9503655,0
-87.129425,-32.4133,10
27.659973,47.228344,0
17.914425,-30.811638,0
-38.43156,-49.20481,0
-50.589367,-63.660606,0
-80.49409,-26.911394,10
12.450344,-7.425002,4
6.6700425,-101.24052,10
-56.645657,-43.0546,0
-60.030323,50.37892,0
-84.45353,-25.69509,10
70.81654,-0.7760885,0
11.438184,79.028534,0
76.108315,10.00207,4
30.127775,25.659388,0
53.515377,22.076408,0
-33.184906,-60.644463,0
5.648452,60.2657,0
-38.395172,43.382103,0
-15.285887,8.414445,0
26.915148,-21.783705,0
-1.1312953,-60.38305,0
56.892086,4.4433165,3
25.468012,-15.692559,0
-52.665104,50.5111,0
-85.34315,-25.620815,10
16.239079,26.258575,0
15.761001,71.87426,0
-29.638939,87.25465,0
-29.892834,26.160519,0
28.980623,-15.917692,0
-21.287905,57.071526,0
55.103844,-34.730515,2
-80.6925,24.839436,0
-69.60143,-9.131494,0
-21.931425,73.318665,0
34.03794,-1.934247,0
42.10654,-63.163063,0
-1.6344259,-0.8885712,0
-3.9932666,-19.592264,0
12.442969,2.8420389,0
27.873058,2.7894697,0
-41.895634,29.883259,0
27.149763,47.098774,0
40.826565,31.457682,0
41.479885,-66.99812,0
-37.157475,-81.63602,0
18.863241,-15.227139,0
-39.410908,87.9121,0
4.4358225,34.36953,0
-37.55311,87.08786,0
28.751757,-53.10736,2
-19.343115,-51.350945,0
106.32305,1.2913623,4
8.334877,72.60431,0
-35.27211,-81.86488,0
-41.35147,-1.754485,0
6.7445326,62.478607,0
22.839,1.2743093,0
-7.092614,28.250408,0
-17.988464,3.5811024,0
83.49102,41.758617,4
30.651115,64.95173,0
30.514988,58.195644,0
30.973875,-12.828495,0
-6.123462,-80.42568,0
-44.601093,4.99585,0
12.46536,-7.384374,4
18.05081,-30.511929,0
-39.466137,22.235416,0
19.33955,-65.10682,0
38.658337,-7.8702564,0
-83.82528,-43.413403,0
-27.072578,86.236916,0
37.27556,28.357956,0
36.653576,38.775673,0
-36.973892,27.127686,0
25.565134,48.18424,0
-15.592121,-10.954999,0
-5.115606,-75.61015,0
10.854593,-7.0835705,4
-43.955723,24.284586,0
-0.21100676,38.258286,0
-27.361708,-78.39845,0
55.438114,-4.166397,0
65.51161,-57.922726,2
43.506927,14.392712,0
81.0818,-10.185133,4
-62.104553,62.638107,0
10.413578,68.07741,0
-36.6712,-18.554617,0
-21.412613,-29.038694,0
12.670814,12.989061,0
56.851112,-34.866222,2
4.472649,-20.386732,0
5.175825,-56.603058,0
-1.0100788,31.513756,0
15.646487,-43.49387,0
-38.086334,-23.355572,0
-55.65571,-31.672094,0
42.00584,-63.791008,0
8.378207,4.628755,1
-43.42131,-25.830133,0
-62.22713,32.59485,0
-21.561264,83.363976,0
-38.570805,10.055943,0
63.650936,-54.91103,2
5.4781475,-28.598848,0
12.789853,-51.70187,4
38.79455,7.103789,0
38.76679,30.775229,0
-34.371967,-56.278477,0
-93.439415,-24.572666,10
-47.22746,-66.214424,0
-25.853292,-63.113457,0
56.466278,-1.9120073,0
51.871128,-10.096021,0
38.860027,-13.917457,0
-21.426388,-28.917648,0
1.6530883,-9.250749,2
3.8764448,67.838905,0
-91.463615,-24.908947,10
-31.359,-39.012268,0
28.42214,-79.03066,0
27.528748,50.938152,0
49.099777,14.413505,0
-79.03147,-36.746628,10
5.7293587,-28.594898,0
44.852627,-63.3385,0
4.792435,71.42806,0
50.490993,32.186295,0
-80.97023,-55.96113,0
38.74963,70.95665,0
-19.622,-51.908573,0
30.632734,64.969925,0
-18.772074,-51.734116,0
-21.963799,81.61071,0
8.583919,70.71328,0
-10.969806,48.31355,0
55.943874,-46.626057,2
-11.523382,5.2439446,0
-5.7479696,-22.748554,0
-60.299534,39.291546,0
28.855516,-79.46411,0
27.62667,2.7816496,0
-1.1888328,24.75897,0
-18.369146,-51.000313,0
52.27163,22.874369,0
38.99865,-42.676655,0
64.01477,-59.70435,2
91.657265,-31.309149,2
-4.773584,-56.401875,0
-52.66914,51.124294,0
55.5995,-44.872147,2
55.98508,1.4902067,0
-13.688716,90.21136,0
45.308876,-22.445623,0
-84.10617,7.53763,0
40.08903,-42.333042,0
97.01879,-10.551626,4
69.33886,-9.330494,0
-28.620811,-78.10072,0
1.6024234,-104.84738,10
25.013535,48.247833,0
-26.123423,77.148384,0
-7.4075365,28.286526,0
39.923214,6.170513,8
-5.813918,-98.649185,10
34.21628,7.9257016,0
-39.46282,89.16488,0
-0.8639795,-79.58152,0
-1.5235784,31.352905,0
34.67291,-20.838776,0
12.805962,-51.55869,4
82.85251,-34.94234,2
-66.83475,1.2422843,0
-51.33731,-14.013889,0
-24.92337,-20.472198,0
-53.39211,50.97858,0
6.570711,-42.239742,0
-61.043724,-28.515427,0
5.7587943,58.417774,0
23.985422,1.5880933,0
-47.384106,0.16951069,0
5.827408,-55.087395,0
28.708458,-10.911855,0
56.88506,13.569471,0
38.141094,-1.2904353,11
-17.94585,4.948885,0
-1.1659441,-27.298306,4
-81.46245,-26.233349,10
-59.498882,47.95807,0
-87.65767,-0.5336365,0
98.82535,-10.654471,4
-43.370193,-57.602276,0
-30.755455,74.134094,0
-46.203648,-37.031708,0
33.389668,8.63446,0
18.288935,-14.547806,0
30.57282,58.210224,0
-36.938263,-52.072685,0
106.40308,1.0833795,4
-41.635204,9.668181,0
19.263962,-16.078596,0
4.153824,36.65061,0
69.84107,-19.021093,0
-22.892303,-29.259104,0
0.9728115,40.349163,0
89.87629,28.671503,4
45.524574,22.029922,0
-67.02136,-3.1880317,0
-37.91182,87.28155,0
-53.252937,-59.15435,0
45.170666,-7.410435,0
34.886345,21.56802,0
-40.795303,-19.333223,0
28.892586,-53.078724,2
-42.052837,10.672921,0
-31.190205,75.90192,0
88.09195,-29.261164,2
56.17484,-35.025955,2
32.115967,-30.248741,0
-58.957176,-46.901203,0
-33.73133,47.813,0
82.13805,-11.578941,4
-56.04849,-59.38777,0
9.968534,44.83174,0
-15.48679,-48.442604,0
-41.72975,10.551034,0
-5.316486,28.968908,0
-60.794975,47.537693,0
-3.9874284,19.098837,0
-12.644369,-31.672049,0
-91.943665,-24.831299,10
38.05933,10.989538,0
-14.685209,-15.544711,0
12.087596,-6.919514,4
107.54037,1.2624236,4
-29.760658,24.768099,0
32.174618,20.75865,0
40.967472,40.795403,0
16.299479,26.907267,0
-49.259796,1.2392268,0
1.0079368,-97.116196,10
13.421512,23.582205,0
90.88605,3.4280405,4
40.568764,27.954914,0
-38.465836,91.67053,0
-15.193295,8.448423,0
-62.114605,52.46333,0
-24.660597,-19.939665,0
87.989395,21.42934,4
3.790599,-49.22741,0
43.463272,72.14471,0
105.12134,-3.5898294,4
88.13978,4.3852534,4
42.651287,73.117836,0
-40.753925,1.6778755,0
-7.9381986,-22.424307,0
101.7294,-12.6481,4
5.0365825,-103.013084,10
85.415405,-10.198385,4
84.74175,36.37654,4
9.585634,-25.118689,0
12.813976,-51.549313,4
101.26518,-3.8283696,4
34.046085,-2.2659457,0
29.183651,3.7013743,0
64.66416,28.127556,0
56.409363,-2.5506303,0
-53.54325,49.66396,0
-28.733416,83.77346,0
8.325687,75.15146,0
-32.10628,79.338646,0
30.36486,-17.67335,0
-79.69002,-27.832758,10
22.818737,1.2798882,0
43.37895,3.5513015,0
-1.1294256,-79.29094,0
40.096985,-42.31824,0
-16.584303,44.38564,0
-39.763336,89.607,0
5.1963754,60.43891,0
-46.42811,2.5894327,0
-84.24075,9.686708,0
-39.882862,-77.2761,0
33.423927,-54.130627,0
11.911049,-35.4189,0
-2.989572,-76.39801,0
85.068344,-29.367218,2
17.734047,2.2822914,0
23.103725,-5.129115,0
-60.186695,51.626453,0
-70.531746,22.233004,0
86.96158,0.2876219,4
-21.156654,56.874573,0
-37.895084,-81.56525,0
68.76881,-21.65435,0
1.2831062,33.867615,0
38.64704,-19.046999,0
83.07478,36.67609,4
46.455986,-20.757504,0
34.896996,-16.941975,0
105.13437,-3.6478806,4
-80.93276,-26.581575,10
64.73084,27.690653,0
-93.99669,-24.461916,10
-8.928979,61.084957,0
-37.54721,43.43707,0
1.776796,40.77592,0
-17.90512,-67.84678,0
65.51509,-57.89595,2
62.44787,25.96983,0
0.81145,32.568172,0
-78.64624,-33.21545,10
-18.784922,-68.94028,0
-27.766693,-75.61121,0
30.552248,-28.767815,0
-3.4912395,-18.71897,0
-45.874607,4.4648576,0
26.838205,-21.731688,0
-43.250748,2.6754553,0
-19.361235,-51.43264,0
57.937805,6.297353,3
-67.004005,-0.7433275,0
101.03663,-12.850817,4
10.154157,35.593807,0
35.27667,-22.607244,0
-1.1327081,-79.28646,0
-13.019919,6.3181944,0
55.291527,4.1206827,3
-82.46019,-39.139584,0
-19.630829,-51.934807,0
-17.111267,-45.25865,0
-74.31964,19.344484,0
-10.845422,-9.236008,0
-53.81592,-58.24882,0
76.24749,8.808168,4
-33.828293,79.57569,0
48.273228,7.1229515,0
-41.339783,-37.81466,0
-41.76355,28.228905,0
-73.44489,6.6765056,0
-73.07905,-5.7278714,0
-38.371967,-49.37092,0
-60.005867,51.84316,0
-17.617498,3.860046,0
-2.0396364,11.851895,4
-25.809721,82.33988,0
16.337187,26.94224,0
-60.811016,-52.920914,0
38.857735,43.071938,0
38.79861,43.159016,0
-13.305489,83.57922,0
45.525406,22.02993,0
-80.67353,-56.06426,0
-4.0392857,97.99545,0
81.18507,-10.551046,4
35.904907,-23.90278,0
33.537125,-74.953636,5
-18.815073,9.158962,0
-51.27507,54.95167,0
23.063963,48.179176,0
-25.01981,-20.744411,0
72.208496,-2.0029027,0
34.793674,26.525623,0
-51.28339,-38.08299,0
-55.767853,-32.876415,0
85.162094,22.995007,4
-11.910518,83.60468,0
-27.561455,86.06326,0
28.356432,-79.20695,0
-30.346394,-9.587926,0
29.967855,5.605102,0
-28.518011,25.477655,0
-49.750256,-15.096174,0
0.7082266,-12.217928,2
32.377422,63.964073,0
26.830769,-21.737759,0
88.933174,4.7394943,4
-31.482824,-59.48256,0
-18.149494,2.6449857,0
-1.37096,-57.925133,0
-20.673624,77.92744,0
35.182728,20.898819,0
43.195526,73.05767,0
-61.66778,60.085487,0
46.920414,-22.957386,0
57.367634,-0.51602805,0
38.375813,-23.405546,0
-18.486347,-36.21025,0
-49.59017,-15.204702,0
-36.204155,-81.87354,0
82.77756,-34.818165,2
-57.21751,13.274479,0
98.78338,-9.003686,4
-19.218258,1.4877074,0
-73.03236,-5.200693,0
25.314156,35.265926,0
38.857876,61.757927,0
54.6044,-14.036058,0
-1.6344259,-0.8885712,0
-25.564886,-72.50727,0
88.95752,4.806997,4
45.32329,-22.41537,0
-42.3633,-0.55566126,0
40.710686,24.143362,0
28.729668,-78.97209,0
43.154667,45.08365,0
2.5498753,24.885223,0
107.28214,1.5935671,4
-86.909004,27.537762,0
2.2594974,-96.92113,10
0.22591835,24.522556,0
-64.473236,52.44852,0
-33.885395,48.12952,0
-51.6943,-28.008379,0
26.841312,-21.733255,0
2.763718,66.811615,0
-7.910172,29.923302,0
-14.079646,79.85813,0
41.50674,-47.289135,0
54.290676,3.4532995,0
35.913998,-23.01023,0
8.416704,-62.83111,0
-27.304184,-4.905562,0
8.030665,11.635557,0
47.619255,31.154833,0
28.120642,2.7788038,0
-40.64051,11.765746,0
-34.610023,-76.22686,0
53.318737,0.86347836,0
-61.073074,-55.30283,0
-60.124237,13.61865,0
-5.543886,-56.283447,0
-24.239906,-24.057953,0
4.185946,35.973267,0
55.816647,-46.2119,2
-27.130436,-5.9229417,0
-9.536261,-76.22079,0
-5.3570232,-39.81082,0
55.85768,-14.0526285,0
-15.552,-10.835595,0
-19.749495,42.06648,0
-86.10021,22.780508,0
42.69965,-8.777542,0
8.618382,77.49913,0
-3.1394486,35.628857,0
68.50501,-22.604319,0
-16.129467,-45.883644,0
-30.771212,-67.55768,0
26.601055,18.61156,0
-39.446873,-26.188868,0
-1.8616291,-26.056765,0
-47.421284,4.329404,0
37.957867,29.395586,0
-43.671436,24.659262,0
15.821298,-69.275856,0
-19.618406,78.08735,0
-13.130465,79.53044,0
-53.07772,49.955406,0
89.07759,5.228269,4
26.831814,-21.731346,0
-17.786526,-12.644114,0
6.4735603,-101.52361,10
10.672875,-34.284454,0
-69.93542,20.244448,0
37.239212,-12.559999,0
42.07996,-48.12017,0
55.606678,-45.069187,2
11.660156,78.74857,0
8.566702,12.420035,0
49.504017,19.24276,0
-17.942616,4.950826,0
90.05609,4.6485143,4
34.355663,-16.35743,0
10.520008,33.343533,0
-24.725819,-44.857857,0
-62.04572,61.513046,0
-51.30507,-13.58267,0
36.43296,61.80525,0
0.79342514,-11.848779,2
-61.399227,54.90148,0
-3.4517193,18.428284,0
8.039023,11.649962,0
48.36879,7.4145412,0
-74.74323,-4.748478,0
-55.83137,-32.829464,0
37.16412,12.238326,0
4.710571,66.875015,0
47.455914,6.412142,0
-36.648117,-18.864695,0
4.4173164,74.44099,0
-46.84225,1.9003477,0
-52.982113,-39.459366,0
-55.470657,13.382234,0
-82.08284,-26.070938,10
-20.592445,17.161577,0
-60.44079,-29.212524,0
55.90372,-46.611744,2
59.14828,-45.892067,2
-26.509916,83.38241,0
85.15847,-29.326735,2
-59.913498,-49.318943,0
-51.04437,60.233864,0
-15.527199,-48.69674,0
-69.96333,20.278166,0
76.7548,8.579256,4
26.672173,24.35483,0
0.86223155,-105.01091,10
61.619698,23.67919,0
-1.083125,24.467024,0
-49.662502,-36.81276,0
36.827682,-11.2232,0
-51.66378,50.4463,0
2.3162286,57.528107,0
37.71674,63.047676,0
-38.49571,19.97481,0
18.398775,-51.74907,2
52.006844,13.170005,0
-36.31908,-81.92209,0
36.874218,-12.579493,0
16.429728,-64.45573,0
66.26439,-42.245056,2
36.13671,-23.904736,0
37.355198,25.519983,0
54.506546,-10.069827,0
-41.883724,-2.3755429,0
43.227978,71.08299,0
15.1458645,-69.37579,0
69.14768,-9.500479,0
-4.9410295,97.52757,0
-19.956238,-44.148952,0
31.542503,-19.915918,0
-44.20191,-17.446726,0
-2.2903676,40.877193,0
15.286226,16.60216,7
-55.926765,-42.234985,0
1.6831717,35.89036,0
36.66527,34.940636,0
-83.215355,-25.837254,10
49.221245,21.878328,0
19.921757,-0.31949404,0
-38.431423,12.483546,0
-38.758793,19.948584,0
2.853975,60.414307,0
-4.4251823,29.415188,0
30.762867,-2.4953423,0
-40.22925,-23.347733,0
29.442064,-31.639145,0
45.08357,12.249116,0
69.131805,-20.619987,0
68.488205,-18.142847,0
-22.786594,73.687904,0
-79.073524,-37.231018,10
85.05733,-35.30483,2
-18.097206,-26.789885,0
32.37935,-51.531963,2
-38.416027,12.559031,0
-61.407555,62.942017,0
-4.9410105,33.641655,0
45.117012,12.5596895,0
-58.766296,-46.517136,0
-30.453316,76.831924,0
-0.42501396,39.25145,0
38.8887,6.771825,0
-60.438477,-51.33964,0
-18.809715,-68.93074,0
6.3857374,34.133274,0
-37.226494,78.10296,0
16.249418,49.01457,0
50.287327,22.607998,0
-43.157574,28.889328,0
-59.278015,-47.351665,0
-86.112366,2.427566,0
20.618885,-51.680145,2
87.53031,-28.93329,2
-73.720116,8.307658,0
57.548237,-1.5686938,0
-23.58112,-26.589745,0
22.266253,-5.6455684,0
25.64359,48.378887,0
-48.288483,-0.38449684,0
-51.572742,-38.302505,0
-44.501995,28.602745,0
91.15191,2.270144,4
83.124535,36.798157,4
34.724255,-20.766888,0
7.697863,69.81128,0
-2.6068997,25.007534,0
32.38386,13.285049,0
-43.005287,-78.13325,0
62.404903,25.466513,0
-34.800735,-80.712494,0
56.07838,0.48547125,0
-38.9201,90.68475,0
-58.79703,13.378051,0
-37.05734,77.07581,0
4.053449,33.14662,0
-26.931936,-62.234566,0
-21.452503,89.91511,0
-40.838505,28.246874,0
51.399635,19.90292,0
-81.12427,-55.888485,0
8.954949,9.927493,0
-23.526636,-27.0799,0
33.11846,-30.814728,0
-8.463735,58.42108,0
-92.32013,-24.768877,10
41.361244,-70.24694,0
-3.7086592,-24.2995,0
-12.703537,80.46528,0
-37.93545,-50.166996,0
-60.75085,-28.965527,0
-81.05829,21.431221,0
-8.141004,59.3303,0
-89.90589,-25.147652,10
31.894352,8.517603,0
56.227028,12.606083,0
-27.087511,-78.172066,0
31.949665,62.40779,0
9.1743965,-33.24229,0
2.4304478,22.311316,0
-40.494003,7.5523233,0
-22.97198,73.77851,0
-5.119294,21.240765,0
29.441835,-31.639381,0
-84.02664,-43.57839,0
-46.006382,-64.99236,0
-13.335733,50.614784,0
27.523052,50.966106,0
-23.549381,-26.876987,0
-60.328194,-50.21189,0
-10.703035,-12.78845,0
107.53662,1.3023634,4
1.0166382,-10.054226,2
-20.237486,78.230835,0
61.27064,-57.38869,2
36.31109,10.5833645,0
69.16965,-9.482885,0
-17.18177,-13.855879,0
30.472506,58.239323,0
-81.39898,10.562285,0
41.689156,-64.42494,0
62.720444,-56.05861,2
18.513474,48.513504,0
-4.047811,44.232124,0
28.63701,20.656624,0
-20.029688,-70.25326,0
-8.275646,62.560932,0
93.11497,5.3244767,4
-17.1865,9.910023,0
-16.389399,-10.927585,0
10.343604,8.728007,0
34.149887,-1.794758,0
-21.473495,89.459816,0
-23.05889,88.31733,0
-77.09202,16.463074,0
41.30892,42.862827,0
-44.49719,28.602705,0
1.6293963,24.805256,0
46.412014,17.640442,0
-38.388634,-49.328747,0
8.539196,-28.058012,0
101.63915,-12.042105,4
-4.433901,32.666527,0
-71.90433,9.98338,0
38.07636,41.106606,0
-71.52267,-11.199548,0
-42.165394,10.572512,0
6.8662457,74.32955,0
0.34255892,-73.34894,0
35.3113,70.79081,0
9.051413,33.404194,0
-40.66081,0.8345107,0
-58.63097,46.589035,0
9.115037,-33.302067,0
36.239784,69.89407,0
91.2985,-15.555359,4
-23.51542,-27.154152,0
-55.156513,44.08909,0
79.7055,38.16613,4
56.507637,1.9618396,0
13.15457,76.991684,0
-15.801733,79.19475,0
-44.167725,24.128262,0
67.98635,-24.159874,0
-19.05126,0.59505504,0
82.863106,-35.13034,2
-33.36822,8.175333,0
31.81275,62.336082,0
-44.769623,4.655696,0
9.455546,42.749577,0
-54.061546,-59.51432,0
-40.722942,-19.323177,0
-3.0537524,-76.73102,0
-69.88028,-7.798412,0
-21.172817,-46.123642,0
-7.093739,-80.46944,0
0.3340647,-3.6886232,0
77.55802,11.080946,4
1.631515,58.15014,0
20.716467,1.2783275,0
12.766697,22.936293,0
40.03072,-41.742386,0
-21.160244,76.605064,0
28.930614,-14.42791,0
-19.250864,-51.15275,0
15.540337,-75.56591,4
-52.490486,-14.9887495,0
-43.078384,-78.34504,0
-30.383194,-37.986496,0
-7.934292,-92.93707,0
25.430626,22.48014,0
57.468147,12.386536,0
-50.5322,50.909134,0
-40.21351,1.7348166,0
55.642277,-46.252037,2
-40.230927,-23.347181,0
-57.39336,56.13974,0
-86.450516,-32.666122,10
-89.25344,-25.245293,10
-23.536968,-26.991608,0
0.35736316,24.065783,0
44.934055,22.206161,0
10.642349,65.38116,0
-51.423344,-38.172043,0
-25.08374,86.96046,0
-3.737266,-22.731234,0
-20.0019,-44.226196,0
-5.679552,-99.53626,10
2.2462785,58.747086,0
-11.1924515,5.6183863,0
-19.553339,56.121746,0
-52.382862,41.132664,0
-20.21238,55.957897,0
39.83601,-41.255806,0
38.9246,-13.70262,0
85.39031,24.031616,4
5.9915147,62.942066,0
-6.3480377,-62.77072,0
-34.971485,-55.42903,0
25.01692,35.153435,0
-8.179881,-39.502552,0
5.861834,-55.235134,0
-6.348559,-62.77111,0
39.93319,-41.215504,0
42.077244,-63.307854,0
-25.360327,-28.937222,0
29.915112,23.521173,0
15.794854,-69.363365,0
-4.9413505,27.221165,0
25.017998,-51.644566,2
-30.379953,-37.993828,0
27.317095,49.251404,0
-14.054352,-36.034,0
12.638846,-7.416993,4
83.833435,-34.375675,2
-43.35242,-79.74742,0
2.0862541,65.913475,0
-22.811773,87.48318,0
-48.79747,-63.97085,0
30.43135,-14.963567,0
38.228977,-11.816296,0
-66.90968,0.9834587,0
-3.694917,-102.72355,10
29.23474,-8.895772,0
90.18494,29.255306,4
-15.470925,90.30906,0
33.19522,25.115942,0
47.84604,22.48177,0
23.583193,47.9462,0
-31.185581,75.91354,0
-68.218796,-2.0839908,0
-35.466103,76.96503,0
41.929638,41.489967,0
-43.460495,-25.840246,0
-45.253067,-59.97383,0
-3.2397196,-44.525875,0
12.709778,67.30619,0
1.053793,24.575365,0
1.8326529,59.60784,0
34.204876,37.39895,0
17.680399,2.3685486,0
95.02276,-9.580508,4
55.96025,-43.019638,2
-24.672714,-63.980118,0
-8.177965,-39.49979,0
1.2499241,-3.3340435,0
-64.24267,-4.68911,0
-60.11684,-27.456005,0
29.834444,-76.38939,12
33.826923,-24.999975,0
1.0358912,37.964256,0
52.42163,22.263058,0
57.83845,-46.301323,2
40.2669,40.847694,0
-34.888584,78.75804,0
-80.27232,-6.891399,0
57.70885,-37.816303,2
17.616755,-69.84038,0
-16.727297,55.84106,0
10.205101,-56.42469,0
29.694899,-28.35043,0
10.721095,2.0699914,6
5.44934,-28.644676,0
38.80116,-19.218544,0
35.25674,20.760487,0
15.910786,48.74603,0
23.11468,1.0388458,0
-42.886044,27.834646,0
-71.78056,6.435054,0
32.56156,63.648087,0
-13.889379,91.50335,0
30.443016,58.217484,0
-31.339342,24.58275,0
-15.875199,-12.045048,0
-0.27234507,-105.137825,10
88.15574,-29.301651,2
-38.36842,12.341137,0
31.16243,-9.739506,0
46.06348,10.345145,0
38.176476,-11.854774,0
36.857544,-13.262757,0
52.082012,-13.535026,0
-30.388786,46.215946,0
10.459703,44.91895,0
-2.0108988,11.8392315,4
87.58615,-28.966885,2
33.99586,8.886588,0
-30.347084,-9.573451,0
-42.14711,-37.1894,0
40.114174,-42.448093,0
-20.247446,83.4114,0
-76.448875,16.972498,0
-33.04033,7.1743755,0
-53.710278,40.624588,0
8.978529,8.665767,0
-27.776508,-75.99817,0
11.06955,-73.34448,7
-51.95462,52.354473,0
59.1966,31.161438,0
-38.45461,10.280948,0
37.015366,-40.987186,0
0.08724949,-41.393696,0
-85.34315,-25.620815,10
59.475956,-46.444542,5
46.731308,-11.610274,0
-53.949036,-26.926838,0
-2.7617662,-1.0110887,0
99.28616,-10.008733,4
-1.3064045,-57.87778,0
25.312685,35.265343,0
91.275,-15.735692,4
19.87881,7.709968,0
88.08837,23.706804,4
-51.17963,42.7487,0
-80.8634,10.735407,0
41.45271,42.551777,0
-60.30184,40.636303,0
-56.0515,-32.60747,0
28.150831,24.349234,0
-28.73232,71.88192,0
95.89879,-8.532013,4
-36.04535,78.158,0
-27.697721,85.993454,0
-51.74966,41.803886,0
-83.82284,-43.407936,0
-38.09748,43.873833,0
-38.69538,19.873034,0
-21.453558,-46.020348,0
-55.400898,13.545718,0
-35.43017,-54.656456,0
55.82665,4.3065095,3
7.5333753,-24.579817,0
-36.64679,78.985725,0
-8.88613,15.888228,0
-51.46049,15.407168,0
31.041937,-9.842052,0
-47.832645,-16.125622,0
56.03973,-16.266388,0
-87.718796,0.39798316,0
4.7476144,32.021076,0
55.834858,-36.11019,2
-59.447933,12.881065,0
36.22162,-11.810555,0
-31.706163,-59.271194,0
-82.72248,8.822471,0
65.52782,-44.1198,2
-19.605984,17.002905,0
-68.32952,-1.1723175,0
-17.847342,4.264621,0
-80.55351,-56.170944,0
55.811817,-34.902676,2
-18.623192,-50.711735,0
2.6686954,67.73242,0
81.81304,-10.279107,4
13.755489,-45.55554,0
90.73332,-16.537102,4
-63.390602,45.29571,0
-32.57404,42.775112,0
-92.12963,-24.796684,10
12.854016,-5.631691,4
-14.614987,79.87054,0
-26.527071,81.205574,0
-25.229479,-63.625576,0
29.44716,3.8305664,0
-7.2160664,27.534672,0
-6.0242357,57.825603,0
-34.517754,-56.085476,0
-53.177547,13.620707,0
32.567192,13.346202,0
-6.9977174,62.17908,0
-32.30029,44.36229,0
54.229523,-10.342214,0
4.3477893,74.10181,0
-52.05385,47.497932,0
63.91806,-59.59082,2
11.350143,12.946388,0
54.146275,-14.0627985,0
-40.477306,23.051657,0
33.020367,11.745285,0
-51.371452,-13.985938,0
55.76635,-13.586076,0
16.198305,26.297277,0
-55.503574,13.469509,0
-55.02284,49.120598,0
-0.9452952,-104.98643,10
13.6637745,47.234665,0
32.156403,-30.250586,0
19.393766,-65.055,0
10.799741,73.605385,0
-37.834156,-50.354225,0
32.047344,2.2868493,0
8.161093,9.509952,0
0.48876342,-49.78668,0
-70.306854,22.620846,0
-4.2118278,-102.02383,10
-29.527927,87.26972,0
-13.452645,-11.298388,0
35.73861,-10.66054,0
-77.90936,-57.48231,0
5.911691,-56.73971,0
-61.397285,-28.600994,0
-21.0594,18.1457,0
19.580128,-4.2344565,0
55.90485,1.6291871,0
-63.231396,50.273018,0
32.41993,-1.0105438,0
-38.16146,91.51437,0
5.9201145,61.13324,0
-77.78732,-57.539436,0
40.885647,31.414825,0
-31.728373,24.97696,0
91.22044,-15.9366865,4
3.3058105,22.737423,0
-69.73355,19.441984,0
-61.588417,32.787373,0
-50.423595,-37.3897,0
88.094894,-29.26264,2
42.623543,-70.7555,0
-32.43459,44.34964,0
-20.684473,17.102205,0
37.329567,34.28808,0
-54.57809,-59.245926,0
-80.10604,-27.264685,10
-86.25265,1.3807838,0
31.601814,31.863728,0
1.6024264,-104.84733,10
-28.21552,-61.48079,0
-5.1874304,-75.61194,0
-34.1383,48.604435,0
20.988499,-5.546936,0
36.772823,39.260582,0
-0.48901826,-39.620213,0
56.9681,-42.893867,2
78.22288,10.615851,4
86.60043,0.3636839,4
5.59829,74.5455,0
34.394203,-21.985079,0
-19.192926,-15.555112,0
-51.0998,-14.195583,0
38.129128,41.011337,0
13.752496,-36.535423,0
-81.047485,-52.063915,0
-0.16462862,-15.454866,2
-11.418883,4.729044,0
-51.088516,-14.212668,0
-42.70554,12.068162,0
-74.03285,6.2904124,0
-43.471256,-25.842806,0
0.5636445,32.860058,0
91.25119,-31.626173,2
38.221737,63.645824,0
-1.8336674,-104.576225,10
84.72316,-29.850431,2
39.221317,-24.824224,0
40.87461,-8.021421,0
43.28886,72.62839,0
-21.951632,0.76508456,0
-22.986614,75.24265,0
-24.212046,-19.264473,0
-46.007343,26.388573,0
-53.162594,13.435632,0
3.4089577,-49.3212,0
-15.821892,-11.580472,0
-26.719124,83.351425,0
-80.49424,-26.911633,10
83.19536,-34.832397,2
11.910955,-49.890022,0
-52.40654,43.465168,0
-19.728859,42.614098,0
-31.465172,-59.42502,0
27.221222,19.370714,0
-12.532255,6.027268,0
-33.644897,79.654015,0
28.883232,-10.79289,0
19.492275,-4.4672985,0
-77.90936,-57.48231,0
20.130987,-51.70372,2
14.074161,-45.10858,4
28.246498,-1.7687073,0
-28.38649,24.225086,0
-15.11323,-9.460075,0
60.012684,16.211391,0
-31.745705,24.988804,0
21.650383,-12.824447,0
82.26183,35.329536,4
-49.409206,44.905018,0
-62.042267,47.80612,0
39.93307,-41.372955,0
38.76491,61.989304,0
-17.658674,-67.50289,0
-24.997244,-20.668432,0
26.899895,18.874401,0
-19.105396,58.410378,0
-26.731695,-77.91119,0
-49.790123,4.790846,0
-20.818691,77.735275,0
-25.036783,-20.825735,0
31.301384,-50.312595,2
-59.526924,48.00332,0
89.80233,1.5056143,4
22.594475,-51.831417,2
-0.7780067,-79.69685,0
-15.557704,42.622456,0
51.634304,-11.551245,0
-43.92115,29.1114,0
45.666275,-64.84899,0
-36.193672,78.32822,0
58.861145,30.096245,0
-60.990227,61.631573,0
13.586282,-37.144215,0
-24.051489,89.56962,0
-57.502,-31.61118,0
50.30818,24.969803,0
-43.550953,-41.880783,0
43.42645,72.21129,0
-7.192338,18.903023,0
-23.166655,87.48333,0
50.951218,14.314976,0
-51.09668,-14.17904,0
101.52411,-3.8691692,4
58.319862,-46.152622,2
-18.13119,56.432007,0
-70.91379,6.141812,0
-29.782673,73.30741,0
1.7264372,-74.3914,0
1.262992,-8.91923,2
-38.60578,-23.439209,0
-1.6344259,-0.8885712,0
25.016983,35.15348,0
31.550533,-13.975601,0
82.41312,36.820435,4
26.851906,-21.751434,0
29.849346,-75.81628,12
-63.12138,49.996204,0
-56.941666,59.379513,0
25.3355,47.734154,0
-54.27379,-40.54696,0
-39.456474,6.4602513,0
18.24713,-14.409975,0
33.38336,22.920794,0
-73.12157,-5.2152123,0
-32.457535,44.36302,0
81.59532,-8.382726,4
12.119304,5.0455303,0
-53.823296,54.32782,0
38.76767,9.563914,0
0.56606483,-49.722927,0
-70.8062,5.7654815,0
4.4705625,67.82755,0
-39.27847,91.62445,0
57.522804,5.157579,3
-0.6079513,-105.07835,10
-24.011929,-25.078442,0
87.50365,1.1420523,4
58.574863,30.883581,0
-2.8092148,-23.024092,0
-9.167488,18.08118,0
2.1252668,69.431404,0
-69.609024,21.801672,0
1.6024234,-104.84738,10
37.542866,62.67889,0
-52.362698,-11.090408,0
-28.835838,85.668495,0
17.2181,-51.44974,2
12.214198,-5.375436,4
87.181,-27.72868,2
11.251121,65.056564,0
5.958212,35.859035,0
-1.6344259,-0.8885712,0
-37.47042,-81.76746,0
-63.81816,40.74302,0
-13.646316,-36.508846,0
-19.532991,1.4890889,0
-37.237114,-51.504963,0
91.19105,-15.702903,4
8.723578,37.282585,0
34.384884,7.554592,0
43.8042,7.0701003,0
9.049253,-97.14109,10
-71.48938,-3.320839,0
27.899754,10.8078785,0
-44.01916,21.34166,0
65.94085,-43.55588,2
-2.9424305,59.079243,0
-82.853134,23.499825,0
-27.690525,87.13318,0
28.285446,-46.34975,0
30.301363,64.4724,0
-41.995296,-37.316452,0
33.030384,63.120583,0
6.2749104,-28.437735,0
56.404194,-35.371746,2
8.866407,-97.56833,10
84.68393,36.79777,4
9.048998,62.35519,0
-29.736206,24.800402,0
-82.79213,21.607578,0
66.30194,-42.078316,2
-29.652143,-39.819183,0
-69.93183,0.7964014,0
-4.2224493,59.22004,0
25.63353,-20.128654,0
-59.894928,54.835842,0
12.117271,5.057507,0
-0.42451262,39.255985,0
-60.530495,51.809505,0
-40.381958,25.0264,0
-38.383606,-76.36773,0
21.33081,10.258711,0
-21.300344,82.54849,0
90.727455,-15.605457,4
10.446759,69.21056,0
-37.177067,-18.935678,0
-11.188221,-6.13084,0
-27.862576,86.13451,0
-61.904636,53.01735,0
16.77014,-0.80343413,0
-6.2750325,-98.76359,10
4.5375943,22.39213,0
53.838024,-10.557495,0
-18.52519,7.7947645,0
-57.38631,42.152218,0
8.416179,-62.830875,0
23.022928,-20.826519,0
29.357273,-79.19961,0
-16.078297,91.436584,0
-50.139328,-62.950104,0
-41.53627,-76.75916,0
38.130497,-1.2878627,11
56.34484,-1.6674901,0
-60.97036,-54.61741,0
-23.560905,-26.752321,0
20.490608,-14.674334,0
43.83666,72.531334,0
-15.224439,-12.759325,0
68.77271,-21.661846,0
-76.239746,-5.187253,0
-71.82881,-3.8237987,0
-17.219707,-12.301907,0
-84.4145,9.630355,0
65.99953,-43.019295,2
90.15975,29.224167,4
-11.28686,5.345217,0
82.67487,-34.70957,2
10.459403,9.793723,0
-3.319831,58.76111,0
-68.30908,-2.2993822,0
-12.054814,-10.197871,0
-49.495865,57.075222,0
17.387539,-14.768844,0
2.8399277,-48.72242,0
-18.436708,44.47301,0
-2.8950474,-22.995686,0
-2.3603818,-39.53069,0
-68.937904,-7.023529,0
-26.028055,-62.923695,0
-34.225082,-0.1816449,0
-38.431614,-49.204414,0
15.731511,71.94221,0
36.355484,18.84075,0
15.775502,48.385517,0
30.523464,25.610153,0
-21.360527,88.411,0
7.139584,71.89326,0
-27.294193,-33.607246,0
25.462555,48.24138,0
-60.435276,-51.077347,0
58.19955,31.186192,0
-27.294193,-33.607246,0
76.980034,9.498294,4
14.070256,3.6917863,0
-61.12856,55.243244,0
52.594944,19.261604,0
-12.504259,48.129032,0
-58.444157,12.239823,0
37.37747,28.921476,0
-33.12378,45.65995,0
-3.1520364,35.64335,0
83.75859,40.21001,4
39.03673,-14.63499,0
-34.940685,1.835001,0
-35.688686,-0.3351154,0
-23.571045,-26.697552,0
11.504421,67.35341,0
-69.99926,0.98003435,0
1.6415272,-74.308334,0
54.933594,30.045488,0
-2.8306875,-23.023167,0
3.7721002,-103.90369,10
-23.89021,-25.45679,0
11.957581,65.816666,0
-12.735854,-10.433433,0
61.606125,23.753345,0
72.53177,2.1146922,0
28.562326,-81.11674,0
-3.6201813,-4.712037,0
105.117355,-3.7275488,4
58.898922,-45.87654,2
29.717012,-28.393398,0
-62.817852,-30.874369,0
56.38297,13.186959,0
76.005936,9.978943,4
8.379239,-98.55327,10
101.094215,-12.810166,4
-41.476948,-2.0762799,0
32.30318,29.60545,0
35.459583,61.277153,0
55.132347,-34.898956,2
-63.439312,45.193497,0
105.77898,-4.179027,4
16.23754,49.017826,0
57.8627,-2.1991339,0
-52.19571,-38.80665,0
15.559613,-75.63614,4
5.758718,59.81846,0
-6.3480506,-62.770725,0
52.415997,-13.748011,0
-30.781755,74.10365,0
-66.79778,0.985671,0
76.120575,9.162375,4
-18.473291,42.87406,0
30.093575,-76.87362,0
33.09876,22.890837,0
33.426556,-54.123142,0
-13.789558,-11.621942,0
32.518887,-46.398514,0
25.682774,21.991064,0
-45.2666,22.912828,0
90.175285,29.266382,4
7.6143107,-43.47731,0
9.5927515,33.682957,0
-86.287155,26.679283,0
10.12578,9.807548,0
-6.8538704,18.824097,0
-59.603924,59.26291,0
-83.522675,24.23118,0
30.190302,-50.538437,2
48.85053,16.022423,0
90.96357,3.350362,4
57.28872,15.644338,0
-3.2696936,44.52805,0
-80.10604,-27.264685,10
87.11906,2.0953743,4
-4.4637847,46.7241,0
45.004322,-6.4494286,0
56.965176,-2.5409327,0
12.800915,-51.34823,4
-48.797485,-63.97031,0
-5.75361,-98.77769,10
-19.539341,18.247625,0
48.33011,14.166074,0
8.213202,35.465992,0
-49.57985,-63.262306,0
79.75964,35.981857,4
-46.512493,6.6244774,0
-19.126976,-54.054913,0
-8.535101,58.41254,0
89.27217,32.453865,4
84.03514,-30.931097,2
-6.349335,32.225155,0
-56.983696,59.010838,0
40.03456,-41.981964,0
-72.12789,-10.953695,0
-30.679344,74.02494,0
38.69541,28.030607,0
-80.20537,-56.35331,0
-52.217587,53.914593,0
-69.049644,-0.9435464,0
-5.3672266,58.407036,0
-84.48757,9.661783,0
18.17811,-76.01621,4
-56.57557,-51.745342,0
-18.875185,42.97831,0
-5.115606,-75.61015,0
29.723238,-12.194704,0
-62.447414,57.45887,0
-5.2458663,60.597496,0
66.265236,-42.659985,2
-85.21362,-44.503643,0
54.22393,27.456766,0
-50.84782,15.895022,0
-36.61941,-18.949026,0
5.798763,34.791607,0
106.388725,1.4326878,4
10.281406,79.225945,0
-18.784445,-68.94027,0
-18.678003,0.7510046,0
12.5353155,-70.289856,4
7.322028,77.18572,0
13.970042,23.625166,0
28.54537,-80.485725,0
-13.595953,-11.353144,0
4.2900534,64.402016,0
-32.810837,-58.170177,0
25.369299,48.104443,0
-18.264048,43.306538,0
-12.52579,49.826344,0
-6.8704853,-22.857803,0
49.656467,13.367389,0
-41.733353,11.011601,0
-56.825325,14.533027,0
-86.392494,23.350431,0
38.78496,40.56805,0
-78.9801,-36.565727,10
88.07559,-0.49238187,4
-81.1841,22.045471,0
51.819923,22.521206,0
-33.918335,79.04368,0
1.1383157,55.905888,0
-51.673668,46.67819,0
46.311417,25.821934,0
-57.038364,-51.585506,0
-50.457783,55.40497,0
30.291481,-52.676804,2
13.124135,76.98587,0
8.622625,63.285942,0
50.96018,14.342224,0
9.61788,35.622314,0
-85.623245,28.366638,0
20.521648,7.3429947,0
12.135229,65.53442,0
83.5135,41.749992,4
6.483552,73.93684,0
-27.304401,-4.9050393,0
82.45048,37.011814,4
5.219948,58.450565,0
-40.307083,-23.321892,0
62.068233,-55.206688,2
-22.710691,89.45814,0
36.39864,69.484886,0
-31.96402,43.210903,0
44.95711,-22.99805,0
-6.337166,-62.77767,0
-77.07028,-57.915977,0
43.624275,71.695206,0
-87.00305,23.49417,0
-30.874031,75.19256,0
-21.786787,2.7542584,0
57.171104,6.5315137,3
-67.97336,-2.108626,0
-51.3622,-13.977791,0
33.16915,24.539974,0
38.78727,43.11155,0
36.39757,-75.17739,0
-7.282504,27.880978,0
22.194159,2.7544074,0
-1.577426,-104.72721,10
61.220024,33.989655,0
-30.383194,-37.986496,0
61.773403,24.079216,0
54.827915,-10.403457,0
18.728264,-15.261815,0
0.35722104,-73.35789,0
-44.816185,4.1376057,0
-21.417667,-28.993334,0
-45.905422,4.348573,0
10.097611,-95.06267,10
-81.33971,-6.2858505,0
16.771353,-0.80619293,0
-8.894312,18.083008,0
-8.342302,-57.0073,0
-5.09025,21.098177,0
-1.4187471,-18.770569,0
-37.64075,27.260227,0
0.12862147,-105.12438,10
-40.22801,23.348742,0
-2.097692,-0.969433,0
7.6497355,-99.791435,10
33.398243,63.414433,0
-56.127747,-32.603542,0
31.766972,8.585668,0
55.906982,-46.06764,2
41.470478,42.18297,0
13.711035,-3.735794,4
-76.888695,-58.02127,0
81.91504,-10.718302,4
-39.544735,87.444695,0
-69.93118,7.5085626,0
-87.168884,-0.5734848,0
-14.198689,-30.397814,0
13.929107,67.337364,0
32.936844,-51.08053,2
1.6503631,-9.520602,2
-2.3942306,40.302334,0
54.862926,3.0742939,0
-20.503986,83.28102,0
-21.097366,81.822136,0
-55.220676,51.396603,0
64.08118,29.241957,0
56.4337,-3.3830867,0
8.866407,-97.56833,10
-19.966476,43.035805,0
10.32865,34.982292,0
16.396122,-64.42726,0
-13.640729,-36.5149,0
58.867245,-45.99348,2
-4.613897,97.63467,0
32.04823,62.040638,0
-12.586882,-35.7816,0
-29.74346,24.477066,0
-67.94633,3.219921,0
-4.753903,97.339455,0
2.6078544,-49.163387,0
-13.24606,90.70199,0
-79.71167,13.40096,0
-16.336107,91.39366,0
30.837912,-18.503073,0
-68.832695,1.0727282,0
-35.213577,-81.355316,0
-1.5965645,37.952892,0
6.060006,61.220776,0
46.41466,39.138287,0
-38.289253,12.494213,0
-23.525341,-27.087181,0
11.632689,-48.986145,0
-1.1850052,30.552765,0
12.229848,78.1201,0
26.810862,-11.529901,0
36.825745,-40.996216,0
-34.813602,-81.808075,0
-39.45097,20.08043,0
36.14513,34.72187,0
-11.9328,-9.957906,0
-61.215717,-28.426443,0
-24.776247,88.43811,0
19.309978,-65.20799,0
41.041832,31.384176,0
-19.191568,55.52415,0
13.126345,5.438002,0
28.858217,2.879596,0
8.748576,12.65043,0
-56.997795,-43.46759,0
78.01663,10.685508,4
28.437431,-79.877304,0
56.131294,-12.82336,0
-33.657307,79.21131,0
2.946727,57.65833,0
6.0400157,-102.04479,10
-20.81667,77.73291,0
30.18538,-50.536415,2
44.9991,-6.3243423,0
25.679325,-2.866985,0
-76.89957,-5.526833,0
-4.2890954,9.548554,0
-72.55959,6.0345745,0
-67.86182,1.2729515,0
-41.81667,-19.081573,0
1.0192122,-10.089978,2
-13.952841,80.580086,0
-20.321764,51.597046,0
49.683056,25.34813,0
-0.27234507,-105.137825,10
62.604874,25.239618,0
37.9163,-7.3683863,0
39.572376,-44.404385,0
1.64607,-49.19246,0
38.642525,16.376965,0
52.07749,-10.7995,0
14.987407,16.506536,7
88.978035,23.758507,4
43.949123,71.234955,0
-60.94166,62.739094,0
1.7578202,66.988754,0
101.04297,-11.787659,4
-23.13005,88.24746,0
-37.800713,-23.268787,0
62.077988,32.337345,0
-42.710827,-37.15573,0
41.338375,-70.31595,0
88.855865,21.81736,4
-60.150074,-49.70174,0
-3.5974228,18.171776,0
-82.46397,-39.157173,0
-56.8402,14.517285,0
-49.322296,1.0867605,0
-24.92369,-45.328674,0
12.336189,-7.743273,4
-40.317047,23.343245,0
90.21181,4.570951,4
-68.26338,-4.9938974,0
77.41235,9.118085,4
-40.36271,6.6791353,0
-76.219055,17.205902,0
-52.485413,-39.028603,0
-20.109463,56.07214,0
-5.1874304,-75.61194,0
79.190834,32.083614,4
-8.618543,22.594023,0
28.895464,-77.949615,0
90.8281,-32.384594,2
44.49037,-17.336924,0
-82.575195,8.97774,0
98.70699,-9.99962,4
-42.73577,12.056305,0
35.10271,-7.609875,0
-21.28735,57.18298,0
56.74707,-1.5820003,0
-41.639194,-76.179405,0
89.26482,4.1921325,4
37.295387,-12.61279,0
-36.504375,-53.00675,0
54.74825,-10.195564,0
-11.057511,5.213398,0
-59.981792,-49.318695,0
-88.29091,-25.365932,10
40.449867,42.01569,0
-8.734597,17.112585,0
-45.659054,0.09193059,0
-81.19863,-6.413831,0
46.497746,11.253012,0
-60.222336,-29.372704,0
4.652799,-48.347473,0
-0.5300905,-39.65504,0
38.08801,41.826656,0
-44.814846,28.605835,0
4.903658,73.63737,0
-81.55397,24.16522,0
-34.586697,-76.27766,0
-39.4487,-26.219482,0
30.158903,25.652122,0
-80.7783,-52.269524,0
-72.78116,-3.897248,0
28.752707,3.61458,0
8.431399,-62.79499,0
-13.541058,91.24217,0
37.659298,41.779724,0
-84.04237,21.935923,0
26.921076,-21.786102,0
37.507423,-12.624203,0
64.067024,-59.535515,2
-22.03284,2.827625,0
-6.118405,-80.46704,0
27.243107,19.623043,0
5.7255163,-28.274014,0
-26.8859,74.107216,0
-29.520405,-74.61924,0
53.01449,19.302872,0
99.82071,-10.14264,4
83.85925,-28.950651,2
-24.909634,-20.439314,0
-1.6332409,35.877373,0
7.420424,-57.056053,0
9.514626,65.24714,0
-77.90936,-57.48231,0
-24.214767,-2.2704585,0
-45.08817,-21.835035,0
4.6476626,34.459366,0
38.80939,21.032906,0
31.665533,-50.2818,2
-46.43199,1.2934656,0
59.804825,31.306808,0
-42.46623,-41.652683,0
5.650611,-55.37436,0
-2.3973165,40.8287,0
56.418507,-2.521147,0
-17.732725,9.544499,0
-70.70536,-6.818405,0
92.41142,-13.0068865,4
62.34049,25.81228,0
-43.34191,21.71399,0
-32.622326,-58.364372,0
1.1271186,55.880135,0
-62.25404,60.787777,0
-0.31075734,-73.00416,0
-29.335648,-76.4776,0
29.829155,-79.09026,0
-34.790146,-81.8041,0
72.2515,0.9571141,0
-28.507555,-78.74217,0
23.919842,0.28082252,0
-41.344727,27.276983,0
84.04724,-28.875296,2
48.846527,30.89886,0
-60.953705,-28.65388,0
80.432724,41.10734,4
-4.699043,97.39018,0
-55.43165,56.27567,0
36.709774,-12.888313,0
-39.49456,87.565025,0
55.249836,4.167499,3
83.27553,-36.111465,2
40.380657,31.522144,0
35.264244,38.13559,0
17.983328,-51.61801,2
-60.164696,-49.48784,0
29.729136,48.955067,0
-9.513179,-76.2021,0
-56.42092,-41.77823,0
51.917355,24.145012,0
-61.292374,47.926285,0
-44.777077,-26.123167,0
41.918606,-64.218285,0
14.9355755,16.492706,7
44.3017,9.741023,0
-33.65584,-79.069,0
18.699589,-15.649063,0
-29.431667,-79.36794,0
-0.27234507,-105.137825,10
4.897748,-26.83472,0
-21.035425,56.454086,0
64.76117,-57.57132,2
87.62736,23.70922,4
30.701254,-18.258793,0
84.67192,36.848473,4
-51.500496,42.456142,0
55.09793,-4.486404,0
-91.73274,-24.871668,10
-79.555916,15.1146755,0
100.87612,-10.693402,4
-80.866745,23.393063,0
13.827261,-50.745064,2
-63.311466,52.318993,0
29.962366,-77.698395,0
-64.918846,-3.4140122,0
42.22424,-8.9643755,0
59.83375,34.20916,0
-0.04825893,-14.954435,2
14.080287,-45.113922,4
1.9191631,57.110573,0
7.536517,-63.267933,0
-78.681145,-32.778534,10
-3.3693986,-75.21342,0
54.24933,-14.589514,0
-52.180046,-1.1913918,0
55.913296,-12.957597,0
39.430305,15.777639,0
-32.793472,45.201637,0
-8.020386,-39.28652,0
-49.97361,-37.03376,0
47.19593,17.41495,0
-65.51963,-4.633282,0
-4.121715,32.433014,0
-5.574396,-56.302856,0
35.807537,-42.006294,0
-87.15183,-32.38874,10
-8.20163,22.56908,0
20.307205,-12.905287,0
30.528519,58.25222,0
4.228885,22.487621,0
105.288895,-3.4736083,4
-6.859464,27.41361,0
-42.442795,25.791409,0
48.84757,22.279572,0
37.414825,41.77973,0
6.713769,36.036934,0
-86.72019,28.68538,0
27.981611,-53.225574,2
31.868433,-0.067148805,0
91.19468,-17.243568,4
-49.907993,-36.980762,0
-41.686085,-80.78028,0
31.20388,-50.323498,2
11.799553,67.434784,0
61.15115,-57.430164,2
-57.639713,57.472366,0
91.46531,-31.608854,2
14.099685,-50.809055,2
-3.6036239,-44.36551,0
-1.3174269,66.57474,0
88.791664,24.187597,4
-53.508972,12.582332,0
22.189484,2.7082915,0
36.631527,-13.495332,0
-20.306889,-51.40961,0
-79.85378,-4.7365346,0
-7.7954063,-22.300474,0
-19.950851,-70.16757,0
-18.7707,55.90863,0
-21.106598,-69.90818,0
-15.571059,-10.717769,0
-71.524826,8.566732,0
38.6786,-41.754063,0
87.43664,-28.886055,2
18.667332,-15.672423,0
90.992035,3.3607965,4
62.618332,-55.88277,2
-78.90911,-31.269642,10
-26.316711,-62.70089,0
39.207306,42.61368,0
-0.49424076,-39.68061,0
16.143991,49.309826,0
91.16717,-31.403002,2
-50.031338,60.390182,0
-44.00407,7.3868318,0
0.7510736,-2.7128754,3
-13.461887,-36.162865,0
3.1169775,59.86355,0
-2.7589154,-23.020382,0
7.875596,-99.41708,10
3.2694678,-49.37582,0
101.7773,-11.573757,4
-38.50381,-18.946705,0
5.1292663,-54.63906,0
-74.74602,-3.8993227,0
-8.336916,-38.88909,0
58.225204,5.979941,3
-80.96304,23.402285,0
-86.96649,-30.075155,10
25.484228,-51.64024,2
8.024399,12.076177,0
-30.881971,75.23843,0
32.50983,-51.438164,2
15.604476,67.0436,0
82.92148,33.233925,4
8.959256,9.592273,0
32.765953,-0.9938086,0
-38.04632,-18.649607,0
-6.1447487,-98.30873,10
42.053024,-63.51778,0
-18.197468,9.340731,0
84.3633,32.973595,4
88.705765,22.932228,4
12.184494,78.08917,0
26.859264,-11.304107,0
-42.118916,28.029123,0
-1.2833097,-104.86636,10
38.40463,-23.404573,0
57.1866,-3.3381264,0
-44.64759,5.403559,0
88.9593,24.366058,4
-0.75923735,39.085934,0
-84.29572,0.78868526,0
65.90002,-43.882572,2
-73.949875,7.5734234,0
16.986794,-69.53401,0
-38.129436,-18.991331,0
10.844026,79.6701,0
81.293785,36.73428,4
-12.213342,5.9502726,0
-60.437824,59.166824,0
-45.406044,4.962497,0
-19.772472,84.43848,0
91.49882,-31.239378,2
-52.57381,-14.873364,0
-22.505964,82.23686,0
11.434984,79.0292,0
8.423606,-62.82682,0
48.603596,13.174059,0
-38.018402,90.40644,0
107.65115,1.4721287,4
36.293102,-11.892631,0
-60.233932,52.137165,0
-22.500134,-17.40458,0
-52.281006,-11.35701,0
54.626995,28.850536,0
-7.0384164,-80.385254,0
46.985516,17.913473,0
9.42546,-26.621538,0
50.707516,32.831364,0
10.186001,-25.215363,0
-33.795547,48.613003,0
-39.648235,89.75764,0
98.94671,-9.426703,4
-63.699764,44.38407,0
-31.91489,-59.078064,0
34.785408,-16.890379,0
-47.293182,-65.14825,0
-50.00383,-63.123287,0
-33.738796,0.78887147,0
-12.055989,18.615318,0
5.7982354,-55.74304,0
-20.641943,-27.97776,0
-18.41724,43.896023,0
-51.97575,-27.892138,0
-43.105553,-78.70061,0
13.826381,-50.745045,2
-3.0207484,34.381977,0
-65.00287,-3.4647467,0
16.355463,26.968445,0
82.67013,39.558155,4
-34.3377,-76.227196,0
1.8531586,41.315083,0
-34.350212,-76.16938,0
-86.58128,1.3893555,0
-20.323202,16.652922,0
51.77803,19.287733,0
-7.3032475,-56.935493,0
-53.587093,-26.830889,0
81.34814,-8.594424,4
30.249561,5.555149,0
11.219832,79.29673,0
33.455894,23.123184,0
57.888817,15.068686,0
91.49882,-31.239378,2
43.8915,42.923336,0
49.548073,31.271238,0
-61.41523,53.938618,0
-12.64021,-35.66929,0
-24.105501,-2.2715917,0
-19.162863,-53.720947,0
-60.350685,45.117523,0
-17.338112,-67.046326,0
8.929068,-24.639502,0
-41.879463,8.816104,0
-58.531635,3.5066698,0
-23.287354,73.632095,0
-17.811678,-67.716736,0
61.27934,-57.31459,2
51.611073,22.431686,0
81.99246,-12.86973,4
46.846832,-20.285007,0
-41.0586,10.145358,0
-5.813918,-98.649185,10
32.382412,1.5890847,0
-11.654929,85.46142,0
0.86223155,-105.01091,10
-19.552462,41.204887,0
-44.741474,28.420221,0
-40.280132,0.6131694,0
19.203226,11.249331,0
2.665516,-96.85226,10
26.660994,19.290535,0
28.839914,-50.924175,2
-15.714912,-47.001568,0
37.857788,-64.19075,0
15.285458,16.601181,7
54.128017,39.2391,6
28.24226,52.218716,0
-12.392859,81.463005,0
-21.453608,17.939447,0
89.64953,-33.36664,2
36.599964,-25.000338,0
49.287643,14.695572,0
-25.817623,80.62741,0
26.395937,18.587572,0
-73.04902,20.158316,0
36.307213,-23.93737,0
83.8973,-31.285727,2
-6.098082,-39.890827,0
25.099783,-16.50393,0
-12.586449,-35.782337,0
-41.153366,0.73750776,0
-19.32849,-51.301334,0
-77.24993,-57.79153,0
-55.501953,13.381641,0
58.39621,5.830394,3
-21.589754,17.323425,0
48.492096,17.057617,0
-32.658672,43.63623,0
-7.30433,-56.93516,0
-20.504425,56.738552,0
12.595595,2.157611,0
-68.022896,2.8439753,0
-1.4716693,-19.116674,0
27.391973,-54.672607,0
-29.659151,-39.801258,0
36.33325,-42.06194,0
33.397316,62.843952,0
-23.272646,89.85838,0
94.00165,-15.95194,4
55.8617,-46.141315,2
41.789665,37.358757,0
9.049253,-97.14109,10
-41.144794,-77.053535,0
-44.686035,28.229551,0
84.23633,33.15046,4
-43.704357,-78.809555,0
-73.04389,20.163858,0
16.169106,8.048352,0
-33.983192,45.543217,0
27.29759,23.003876,0
-41.060303,22.871014,0
-1.3200488,-57.87152,0
-14.81484,-8.732872,0
-70.52542,-8.266797,0
-18.079786,43.223656,0
55.57002,30.148222,0
42.631683,73.10701,0
87.7527,25.587112,4
-18.399124,9.315529,0
-29.50406,-65.3356,0
-1.2051455,-27.226946,4
24.521288,-51.608883,2
-36.194,77.98032,0
34.875412,-77.12972,6
-42.48392,-41.65538,0
-70.64116,0.29896805,0
11.347483,78.2367,0
-2.0966356,-0.96980065,0
39.390167,9.618544,0
-86.96931,23.779932,0
85.117874,-29.352968,2
-86.451416,28.503788,0
-7.850968,60.636803,0
35.137344,70.9767,0
-61.216183,47.424107,0
-75.208244,18.400047,0
-59.96914,-27.493408,0
-8.74505,19.439274,0
8.338663,10.01123,0
24.137854,-51.571884,2
41.75224,41.390858,0
68.78367,-21.610365,0
-28.69119,85.244125,0
-37.935894,43.802986,0
-18.266531,55.633106,0
-21.733545,15.842793,0
11.5532675,-6.257862,4
-86.52959,-33.04007,10
6.437963,-42.14657,0
11.41646,-35.910286,0
13.5569935,23.641085,0
-14.095246,91.99908,0
-72.82605,6.6576552,0
15.937479,-69.37626,0
28.798365,-79.3873,0
-20.396036,78.70938,0
29.129595,3.1293888,0
-24.733608,-63.9213,0
12.009957,-49.76516,0
31.822483,8.587374,0
91.33157,-15.6587715,4
-2.5697615,-22.631937,0
38.696285,7.369673,0
0.7281696,25.673874,0
12.5092325,65.394,0
57.607796,28.695953,0
-22.501328,-17.405355,0
-17.590302,43.755238,0
-9.5707245,-23.421368,0
19.83201,-65.411514,0
-13.648191,-31.04055,0
-62.280388,41.26663,0
14.423725,-69.42167,0
1.7168392,-74.37515,0
33.36781,18.462328,0
-6.0644336,-98.33261,10
18.360222,-14.401991,0
87.49079,1.1123221,4
-83.485794,23.145657,0
69.479256,-19.5888,0
81.32194,37.66939,4
33.07385,-30.788582,0
-60.664555,-51.73454,0
-73.162834,20.00719,0
10.30989,35.010174,0
-29.187046,-79.25756,0
19.692724,-13.629675,0
-43.344677,26.854177,0
-38.64623,-81.54436,0
-41.995182,-37.31605,0
10.901057,73.96242,0
-40.292862,-23.326092,0
-80.82007,8.720559,0
-14.466477,-36.997658,0
-19.558805,1.629724,0
-83.824486,-43.415146,0
39.587997,15.753823,0
38.299335,62.734932,0
29.218594,-12.532583,0
26.91533,-51.47346,2
39.52863,10.9850855,0
8.696044,-32.098904,0
-33.767593,47.900528,0
51.767002,-12.479306,0
-2.1406937,-44.43118,0
64.43866,-60.085056,2
89.03459,23.466797,4
-91.463615,-24.908947,10
12.264739,66.13381,0
-21.225485,82.576515,0
-70.9708,-8.909253,0
99.33974,-9.890608,4
32.237156,22.793797,0
1.6633892,-74.329704,0
-80.93318,-26.58214,10
76.99636,9.595031,4
-80.10603,-27.264671,10
91.53214,-31.53839,2
41.97898,46.309498,0
-6.9853277,-80.91295,0
-19.822445,41.60168,0
11.477849,-7.837109,4
17.873957,-30.80666,0
49.44239,19.278507,0
26.213722,47.520885,0
-62.26466,32.789543,0
-78.78152,-35.294014,10
-60.634205,-29.008102,0
105.38046,-3.4425027,4
-85.71939,-25.593119,10
88.66873,24.43511,4
-5.682046,-99.03786,10
-5.166746,60.311836,0
-61.5667,39.850784,0
30.760656,-1.4019177,4
-67.52414,-1.2314422,0
34.450287,-7.0324,0
79.17699,32.076313,4
57.77012,13.153372,0
41.32822,-68.12169,0
26.840902,-21.732483,0
39.989788,18.469362,0
54.909122,30.07832,0
-54.521477,55.815533,0
40.06,-24.88443,0
-52.702255,-28.594055,0
5.798947,34.791832,0
-44.22964,-17.441362,0
-78.740265,-32.23208,10
-23.249514,88.65244,0
56.221943,-39.174664,4
-62.784912,62.93448,0
12.010266,10.226411,0
64.70127,-45.52967,2
26.733631,19.018959,0
28.722378,-78.71048,0
-19.34813,-51.35958,0
10.685551,2.0381317,10
-57.986652,49.176178,0
87.29812,0.15819204,4
5.4047627,58.544243,0
-0.7711216,-79.70786,0
34.92597,-7.878416,0
39.204433,-43.161224,0
12.263484,-35.303707,0
38.396,9.368135,0
-45.16426,-59.87956,0
0.7513299,-2.7131636,3
-19.470737,78.16484,0
-2.7533846,-39.560265,0
35.340637,61.82436,0
1.7460455,41.026443,0
34.212666,-1.7539277,0
-4.581142,-18.88,0
27.885546,20.08455,0
-9.661289,48.970905,0
-13.9736595,-36.51794,0
-55.06495,-41.08723,0
25.606495,-20.084463,0
-42.040142,0.2921607,0
38.47402,43.34209,0
6.3623705,-94.06395,0
29.946922,-76.51526,14
-76.391136,-58.398773,0
1.6532544,-49.1305,0
46.740166,16.453814,0
31.660063,22.7048,0
1.662853,57.859528,0
-43.86147,23.71995,0
17.751846,2.286396,0
8.108569,11.789338,0
-83.82232,-43.409664,0
-84.68654,-34.998615,10
-29.395517,27.911587,0
-7.3042765,-56.93517,0
-29.199179,24.89471,0
91.15972,3.8883233,4
14.476157,68.60762,0
58.940865,30.608492,0
-85.23173,-44.52319,0
76.18732,9.876205,4
-22.552742,-17.443571,0
-53.110657,-39.565914,0
13.91559,3.7037976,0
52.965786,-12.819257,0
68.76811,-21.654715,0
12.987181,68.3887,0
9.433412,-96.3325,10
-18.23214,45.201942,0
-11.955015,81.970505,0
-61.298233,-53.052563,0
1.0103873,31.989552,0
0.41366345,33.221466,0
4.2874823,22.438091,0
-2.5154164,-22.585848,0
-53.87404,53.7945,0
10.7839365,-71.981926,4
-24.726694,-44.856213,0
29.139336,-79.187386,0
-39.446884,-26.187155,0
18.794922,-15.210156,0
9.476557,-28.425032,0
5.956368,67.616875,0
48.29641,22.264563,0
-81.34459,-6.348235,0
81.19042,-8.602178,4
-40.805607,21.767817,0
-2.8923059,58.798237,0
-15.067206,-53.15055,4
-76.130104,-3.854064,0
50.2552,20.333256,0
-60.532257,-29.161774,0
-31.119127,76.53919,0
20.533379,7.337515,0
-9.006195,-23.320282,0
8.671195,-98.03998,10
-1.3406894,58.079834,0
41.765533,-60.05716,0
-51.864464,-27.942196,0
28.784258,-6.4893494,0
-53.86363,40.59114,0
-4.2295113,44.66112,0
-19.476946,78.14982,0
92.83719,5.0096655,4
7.8101068,69.74888,0
59.12748,-45.92324,2
-8.079152,31.525452,0
91.42522,0.57079,4
-73.037056,5.8437657,0
39.722515,6.53041,0
18.087418,-76.019165,4
-23.082104,83.14129,0
19.004251,-1.6335487,0
-79.7469,21.553267,0
-7.1029973,-80.49577,0
-30.383194,-37.986496,0
28.302515,-46.301537,0
-4.03073,17.812819,0
-63.376755,45.193554,0
-67.85322,0.29764697,0
-69.44554,4.1315794,0
-29.65564,-39.810684,0
-32.545536,43.757385,0
35.33376,19.171425,0
-79.32417,-5.9805565,0
-25.918417,78.856094,0
34.955128,-1.4902358,0
-22.758411,1.378741,0
-42.146324,0.096425086,0
40.59025,10.127702,0
-22.121323,75.287895,0
77.11064,8.96024,4
-30.988543,74.05561,0
39.022453,-42.730244,0
98.55446,-11.438744,4
-12.071648,18.623478,0
15.359928,-76.013565,0
32.64035,29.87272,0
72.005104,-1.6476839,0
9.118721,70.20128,0
55.29865,-8.660797,0
-13.870192,78.00569,0
-34.795403,-81.80268,0
31.992876,-50.26985,2
-34.968506,-55.42904,0
55.565468,-45.133987,2
81.986855,37.25145,4
11.309778,13.781055,0
-8.020647,-39.28948,0
-39.628185,21.11304,0
32.705803,62.72029,0
-6.1507044,-24.224834,0
-42.115,-80.021225,0
-11.664697,84.19876,0
-51.503952,42.444004,0
-20.369379,-32.151207,0
-49.402035,4.6334686,0
-3.629792,-61.406166,0
-45.350403,28.097736,0
-60.72874,-51.709835,0
11.525736,12.055995,0
12.457214,-69.36497,0
60.817875,31.031729,0
18.388193,10.319206,0
106.145706,-0.7277682,4
34.873055,7.201572,0
32.553753,19.341076,0
8.58104,43.86116,0
38.34156,-41.536427,0
9.606241,-25.12798,0
45.28878,16.874855,0
4.3197093,22.419714,0
16.063524,-69.38088,0
-65.16006,0.60473925,0
-4.4417744,-2.3810585,5
-52.880993,-39.36841,0
81.22214,-8.656427,4
-69.06478,1.3307776,0
2.3760214,24.255285,0
-61.009804,-28.713768,0
-33.095562,7.0439563,0
-34.621906,-55.903385,0
64.6868,-45.56594,2
-55.214615,-32.584652,0
32.03676,62.472576,0
43.115723,72.77079,0
48.4164,23.17393,0
53.98092,38.938892,6
-52.148952,15.0037775,0
5.313234,-28.66185,0
45.14144,-7.8073425,0
5.279804,-25.567158,0
31.513483,28.921684,0
26.856396,-21.78836,0
38.244118,-41.04069,0
-13.553075,90.744484,0
29.630224,-28.296637,0
33.38167,63.230328,0
-20.378294,1.6043099,0
-43.290085,-79.622986,0
46.641712,-18.88706,0
-61.005226,-53.859116,0
26.50056,22.01757,0
-5.507895,-39.864094,0
81.775856,-33.82347,0
-24.725819,-44.857857,0
-41.86147,-2.3583887,0
14.021356,23.73452,0
93.633194,-16.778994,4
-59.848606,-48.664463,0
25.274502,22.326786,0
18.197645,-51.68777,2
90.51771,3.2353356,4
82.777565,-34.818165,2
-25.488888,-28.346127,0
-80.09839,-4.9845977,0
23.014082,-5.257251,0
-32.91005,78.77746,0
6.6115866,32.866253,0
49.406662,32.438988,0
-39.184578,91.87265,0
77.83258,10.294045,4
62.612926,-55.884277,2
92.836075,6.555246,4
-69.67899,21.936232,0
-27.63891,81.386635,0
99.090294,-10.400796,4
35.31732,26.941563,0
-4.331793,46.956337,0
69.58251,-19.513685,0
-56.341347,-52.095955,0
19.006374,-1.6295671,0
29.161287,-10.539769,0
41.619728,-68.65555,0
32.20162,64.26413,0
-6.2750325,-98.76359,10
-26.258503,82.433365,0
32.543602,-46.39369,0
39.88132,-41.464985,0
-3.553722,17.19086,0
57.60563,-1.5229186,0
-51.37783,42.212067,0
-34.762268,-75.98749,0
-8.759317,61.112583,0
64.42206,-55.834927,2
-22.198513,3.379161,0
-13.897531,91.552666,0
-15.127971,90.46242,0
-34.501827,80.32408,0
-35.57473,-80.44761,0
82.481834,36.86526,4
-29.690353,82.2916,0
55.936367,-12.813879,0
37.43931,60.317986,0
-74.07006,7.6368914,0
30.394953,-50.48099,2
-62.21236,32.51954,0
20.529453,7.3399396,0
-80.499374,-56.200684,0
-51.36631,-13.981758,0
77.6813,9.932151,4
15.761312,-36.354107,0
-8.110707,62.69225,0
-41.974476,-2.448998,0
102.9355,-4.1550336,4
22.186361,4.809688,0
44.856182,-8.357998,0
9.762416,34.813,0
-56.656254,-43.035095,0
-4.4260836,-2.3829927,5
0.12862147,-105.12438,10
-31.017828,-59.86154,0
87.64026,-28.690577,2
-47.247173,-36.932835,0
-51.712173,53.673687,0
39.71976,31.174932,0
-63.071236,62.973648,0
82.982445,33.160614,4
56.791588,-46.4952,2
-3.6570082,-39.82643,0
30.438576,-52.612415,2
81.110985,-9.601764,4
5.214003,33.60397,0
29.696077,-28.353046,0
-57.55471,49.404156,0
87.30968,-28.488249,2
1.0507953,-9.823473,2
8.417245,-62.83114,0
11.754506,64.92952,0
17.475203,-31.14153,0
62.103043,32.246452,0
-42.885178,-25.747374,0
-41.47454,-2.8468142,0
38.000866,-23.652847,0
-37.633476,12.328721,0
-2.9595149,-76.43234,0
60.194916,34.188766,0
32.30963,15.141629,0
-15.065436,8.389577,0
-11.824562,83.62986,0
51.774242,-13.796259,0
-5.7413435,-99.33461,10
58.384094,6.77899,0
25.439842,-51.6508,2
28.395287,-80.51038,0
-7.9742084,-92.88446,0
91.051155,-15.60916,4
-72.52764,5.3124413,0
-57.03872,-51.60259,0
-22.822397,87.46233,0
-41.95453,-2.4317307,0
-29.659151,-39.801258,0
-18.105974,1.9962337,0
-28.794552,-75.56658,0
101.225586,-12.6355295,4
-43.511856,-37.070858,0
82.11995,-11.532385,4
41.57136,-68.64804,0
88.1914,25.502142,4
5.4007006,-22.574224,0
-40.29283,-23.326126,0
36.832348,-25.313604,0
-41.387424,-37.43929,0
-3.694917,-102.72355,10
64.69578,27.925228,0
55.684994,-35.5038,2
8.725129,37.281948,0
10.417341,-34.142864,0
58.99896,12.034532,0
11.100067,-73.37878,7
-80.63527,-56.15811,0
1.6408254,-74.30757,0
-17.10057,43.403133,0
56.87008,-2.5251894,0
-33.579384,-80.98473,0
22.137037,1.459809,0
58.26953,-46.0779,2
30.308918,64.46481,0
14.9064865,16.480278,7
-13.32736,83.43984,0
-28.080324,82.891495,0
-74.21538,1.3504578,0
-69.496895,-4.065251,0
37.822063,-64.230835,0
9.45254,77.560936,0
83.74373,41.651917,4
40.707108,11.024874,0
85.013756,-29.429478,2
-3.0863698,-76.85493,0
67.81361,-24.86002,0
72.254616,0.95214605,0
0.11697163,-60.70495,0
8.824447,63.766777,0
-86.60994,27.240765,0
37.077614,62.559456,0
-57.573067,-44.298634,0
9.895005,-95.52569,10
-1.2205325,-79.88958,0
51.008205,25.09571,0
95.00242,-9.557756,4
-83.85674,-43.438614,0
30.642467,64.96116,0
54.92551,-9.949522,0
16.017477,48.51025,0
18.839415,-15.890264,0
-24.23559,-2.2898588,0
-21.104403,81.64741,0
3.2563927,69.43449,0
8.521984,-98.29129,10
-12.949037,48.330566,0
-13.311845,86.46309,0
37.629486,-22.825764,0
38.74393,-41.966846,0
-77.8718,-52.778305,0
49.72744,20.188816,0
20.752266,7.120805,0
-11.629695,-9.781659,0
10.579297,66.00017,0
85.34028,23.785067,4
27.937836,-53.223324,2
42.651287,73.117836,0
35.6485,65.24975,0
41.45996,-68.03579,0
10.737815,72.07957,0
-39.778168,90.11987,0
-42.771286,-0.6611879,0
19.015326,-1.6661658,0
-33.832626,8.749602,0
-57.93469,-44.946205,0
54.913834,29.97397,0
11.900505,-49.89303,0
34.052784,-1.8718485,0
-5.9298277,-39.90411,0
12.609439,78.49305,0
35.137634,-1.4259326,0
-69.13906,-7.5633926,0
81.15956,-10.351205,4
1.2101773,-9.0197525,2
4.467446,-20.404247,0
-20.445143,2.4105558,0
41.96657,-64.652695,0
29.872921,-11.066747,0
-21.278152,82.547585,0
54.921066,30.000538,0
-68.4806,1.1867813,0
25.86043,-20.626205,0
-46.026146,-65.00279,0
20.526606,2.8414872,0
34.32419,-1.748423,0
72.27319,-0.13072059,0
-42.967537,-79.4077,0
18.08571,-76.02337,4
-21.544333,76.39953,0
-29.321705,76.55179,0
-15.174272,-12.721652,0
-13.330693,83.91889,0
55.61284,18.566847,0
-6.9957495,-80.16444,0
-20.662966,1.8269303,0
33.050823,25.059603,0
29.683933,6.372315,0
-15.625974,91.31627,0
41.029007,-46.684746,0
-77.40157,-53.41845,0
12.145774,5.03473,0
44.032234,70.639084,0
70.77794,-0.8424432,0
-21.01983,17.908125,0
-58.02372,-31.27951,0
-28.097492,26.210512,0
59.77061,17.079494,0
-40.630554,-19.31238,0
-50.13163,-63.02711,0
-81.89076,25.010124,0
38.456734,8.772004,0
-42.708485,27.44761,0
-12.57828,47.906517,0
91.16917,3.2989738,4
-47.280098,-65.13722,0
-82.08284,-26.070938,10
-24.12342,-19.147715,0
10.153543,-55.347923,0
-18.254902,-69.22789,0
83.111435,-34.82102,2
-43.201668,29.98638,0
46.21267,39.1178,0
52.298775,0.7792979,0
-80.95338,-55.941666,0
26.281492,-51.594154,2
11.209793,65.040504,0
-39.75144,-80.02123,0
-3.694917,-102.72355,10
-41.6228,23.258474,0
70.77764,-0.8415239,0
6.3623695,-94.06814,0
2.0256283,66.384445,0
-38.004692,-77.455444,0
-61.309975,48.004246,0
-17.385864,55.902233,0
-1.9673808,-44.77905,0
32.357487,-18.933342,0
-35.981365,-53.77847,0
82.25075,35.877724,4
-81.017914,24.595005,0
90.121895,29.15739,4
-42.645508,30.27113,0
-18.792294,-51.758945,0
38.16275,-11.952032,0
2.016608,59.154915,0
28.294249,-46.390377,0
-5.8283787,-56.4023,0
-61.09574,-55.224518,0
-46.09546,-0.049928904,0
45.334435,16.831202,0
62.69571,-56.045666,2
-44.840088,-26.137928,0
4.8053417,34.781704,0
30.805746,-27.834438,0
-13.310624,-25.68302,0
-18.486334,-36.210266,0
-19.712868,40.621326,0
-50.78056,50.70939,0
-2.1313002,40.162315,0
20.523365,7.3422613,0
10.874759,14.806616,0
-16.896618,-14.090053,0
-36.612576,78.8966,0
30.39701,58.206676,0
46.920685,-20.136633,0
-9.624317,17.697586,0
4.466868,-20.40149,0
-52.695606,14.990592,0
-86.13617,1.3341595,0
-41.372795,-19.275417,0
42.095154,45.40852,0
10.271096,-56.14396,0
26.435654,24.128706,0
-1.7541348,37.72705,0
44.04836,36.98113,0
88.307465,25.64264,4
20.09114,-0.14876899,0
15.4617195,-76.14959,0
23.881441,1.7146673,0
-62.305603,57.908615,0
86.602264,27.560835,4
-52.29171,-27.712576,0
3.934453,36.64769,0
-29.197168,-75.021,0
-33.854202,-59.103233,0
-21.556755,72.9819,0
-78.80315,-35.467766,10
-41.471924,27.072393,0
-61.05631,-53.684155,0
38.17551,30.08115,0
26.908693,19.116768,0
-19.489012,6.381697,0
-41.39715,8.226156,0
-19.63238,78.0749,0
87.53148,1.1288679,4
19.3066,-65.13794,0
-34.666412,-81.91877,0
90.14178,-33.38127,2
-69.962906,21.74691,0
36.544388,-41.90604,0
29.844408,-75.72067,12
-80.97014,-55.967793,0
-0.7739046,-79.70331,0
-1.0843589,66.757,0
-5.92962,-39.903538,0
3.7210238,62.556503,0
-39.15175,6.2425156,0
-9.8564205,17.633808,0
-55.561768,-41.81983,0
19.406717,10.243744,0
54.16989,-10.382831,0
29.107834,-10.483932,0
-33.699306,-81.60813,0
-56.860546,-32.051746,0
5.6916027,60.317226,0
-58.059887,56.14625,0
31.77299,21.482803,0
-20.453234,56.56015,0
-80.8632,-6.641436,0
-8.099679,59.286156,0
27.880451,18.760216,0
48.88294,24.934109,0
34.51813,-16.510088,0
-54.15025,54.506416,0
-0.9479182,24.168615,0
-2.7414188,-22.755747,0
-41.51124,1.5072569,0
34.02917,-21.600521,0
-39.8857,2.5460792,0
-5.060156,47.095234,0
3.3263805,-104.138954,10
-76.97471,-58.003643,0
-11.243246,4.881967,0
-56.130165,-59.395844,0
-24.724205,-44.859566,0
57.988758,36.78478,5
-27.299171,-4.874035,0
-30.873627,42.875984,0
-0.10362164,-15.436346,2
49.86492,13.744694,0
28.60816,-78.15653,0
61.163334,22.190228,0
8.877888,-24.577408,0
15.932019,-69.376816,0
-11.08691,46.75683,0
65.0668,-44.241394,2
-87.05651,23.562105,0
-91.463615,-24.908947,10
-18.356213,42.060734,0
-28.31249,70.98115,0
-55.431046,56.27554,0
83.52079,41.738087,4
54.922188,29.965149,0
85.05639,-29.388288,2
1.8833512,41.210255,0
-21.393526,-29.440594,0
-69.31055,19.952198,0
13.208897,5.488111,0
-56.120556,-42.39975,0
-52.638813,50.628983,0
13.320514,68.075645,0
55.045918,-10.017277,0
1.8496851,-96.91532,10
32.74879,24.806885,0
85.271286,22.954763,4
-27.318853,-78.249725,0
-21.909945,73.30209,0
51.46986,21.381481,0
27.109121,24.254408,0
-39.801537,90.245926,0
91.50584,-31.212107,2
-2.592709,18.321491,0
10.45201,34.37434,0
-86.89807,23.000854,0
33.41548,-54.05426,0
43.722157,73.65359,0
-43.07803,-25.800968,0
26.833004,-21.74021,0
36.73005,27.910116,0
56.684216,20.748356,0
99.80783,-8.619889,4
-80.86062,21.606016,0
15.667388,-76.18903,0
53.82244,39.855156,5
-27.303404,-33.603466,0
-60.115448,-49.100025,0
-5.6673255,60.779564,0
-81.30348,21.38038,0
-19.635069,41.26401,0
-15.490391,-48.490257,0
3.7862659,-49.084316,0
-52.9517,53.04329,0
-62.09172,55.016113,0
6.3770623,-42.381622,0
-62.010723,-54.708237,0
14.074933,-45.107388,4
28.744482,24.808321,0
0.04277549,39.038998,0
38.173588,-1.2971505,11
-41.544933,-37.38638,0
-16.47414,46.798492,0
-39.166813,2.6271489,0
56.52914,3.8274748,3
-23.589949,73.88563,0
-15.485331,-48.046143,0
34.87528,-77.12949,6
-74.56212,2.416546,0
2.0931697,38.3949,0
-38.249035,-77.862465,0
-32.85161,44.511,0
9.496485,-26.635624,0
-70.09305,-8.836081,0
4.195412,73.99808,0
-0.5775464,-39.611057,0
-29.00524,-74.403656,0
-22.32389,90.65775,0
15.231007,-3.73173,0
79.75947,35.94802,4
-5.245015,-100.30099,10
33.437363,-20.580994,0
33.074078,23.094833,0
-61.145256,-28.03167,0
62.36001,25.612404,0
31.159197,29.807816,0
30.246902,-50.523293,2
-29.940887,24.445173,0
5.9326677,62.892326,0
51.94191,18.378653,0
-51.97464,13.483352,0
-41.237206,-19.307823,0
8.379239,-98.55327,10
33.537125,-74.953636,5
-1.9909945,11.829848,4
25.997755,35.47456,0
-7.6786714,29.559267,0
-87.79725,0.013194189,0
29.463049,-11.865223,0
-38.254093,-23.388737,0
-68.83652,4.095117,0
0.018735308,39.019146,0
-34.733418,-76.55375,0
88.036156,25.51627,4
16.68191,27.398947,4
-33.9375,-81.6509,0
56.03841,-46.594257,2
4.053684,32.18443,0
-80.50317,-4.740108,0
11.236334,72.755455,0
3.788889,67.78017,0
-68.4168,18.493532,0
-81.19248,14.969974,0
-10.677677,-12.74482,0
4.325972,22.41825,0
-27.986568,-75.23326,0
30.620213,-24.88106,0
31.324747,-2.216779,0
-32.02002,79.73818,0
-38.260464,11.863294,0
-54.024143,40.01679,0
31.26405,29.65576,0
41.921017,-48.062,0
-59.86595,61.394035,0
-88.62417,-25.327143,10
9.572708,-26.626587,0
56.414013,-2.566049,0
-53.65854,50.773815,0
-46.981907,-36.9735,0
90.91848,3.5441144,4
28.385918,18.97985,0
62.519802,-55.704155,2
-73.72769,7.732677,0
-78.980225,-36.565624,10
7.4003925,36.88439,0
-88.29091,-25.365932,10
-16.766138,40.214455,0
69.13526,-20.631294,0
-32.694916,45.5303,0
29.73719,48.98972,0
-0.7304654,-60.41022,0
20.670567,-51.595753,2
30.09005,-24.777983,0
82.44081,-35.217293,2
-27.294199,-33.607006,0
42.361248,42.498974,0
95.311874,-9.899136,4
16.853619,-75.494415,4
32.75854,-51.225937,2
-93.26522,-24.605892,10
-1.2833112,-104.86637,10
29.695482,-28.351162,0
-69.89141,3.8766818,0
-8.7579775,59.389168,0
43.464592,71.46459,0
-55.983364,40.955833,0
-22.90519,73.620125,0
8.228545,63.11859,0
-58.632637,12.493543,0
-73.31706,18.607378,0
25.602747,48.17011,0
-5.48054,-60.37736,0
-37.27709,91.18276,0
55.244236,-34.43189,2
-4.35673,-18.82656,0
49.66093,23.074186,0
10.107938,-55.014202,0
35.923733,-7.5580344,0
45.357864,43.088894,0
-59.744278,-27.944872,0
-0.89658165,-60.40379,0
14.079147,-69.44127,0
39.723743,-41.05172,0
-19.15957,58.432384,0
107.18173,1.7976098,4
33.55903,63.086678,0
-18.959494,8.460841,0
10.42001,-34.14811,0
-24.979813,-20.611532,0
34.97776,71.194954,0
32.435688,-50.29589,2
57.662582,31.063246,0
-61.313557,-28.170506,0
10.94515,80.0094,0
15.696929,72.123344,0
29.006012,-7.6761622,0
38.939083,30.349558,0
-14.551215,91.973465,0
-28.671574,26.252363,0
-8.391466,-81.01639,0
16.817604,-76.13269,0
16.353115,26.961088,0
25.573475,4.2200675,0
-40.739517,23.163933,0
-40.68549,-81.15018,0
13.583382,-6.3241353,4
-42.21599,-2.696511,0
-18.654497,5.7479877,0
33.920002,-2.843814,0
-52.572937,-14.87431,0
-32.597916,44.935207,0
-7.3017683,60.3489,0
49.27919,14.464871,0
-15.245639,-10.019923,0
-32.709282,44.699608,0
-38.99987,-23.45568,0
-74.600586,1.8488568,0
9.970083,43.202484,0
-86.59715,27.225866,0
-19.416042,-15.705118,0
-19.44714,51.54519,0
-53.30674,40.89356,0
-37.14491,91.23146,0
-73.468666,-0.50980633,0
-43.23707,-76.880486,0
7.9408307,11.941089,0
9.287925,70.913445,0
-56.923717,41.632206,0
-51.268875,-38.092472,0
-61.09598,-55.18997,0
-23.289986,73.62526,0
-38.826702,-23.449081,0
37.977036,62.707897,0
-52.570137,-14.880124,0
-22.195728,0.95158947,0
-13.036271,49.903316,0
-20.332325,17.189192,0
-35.207413,-55.053375,0
57.671314,6.3487163,3
51.78868,23.54806,0
5.3437605,-102.76226,10
18.127382,9.677119,0
9.131681,66.04609,0
34.87028,-20.706993,0
-14.200172,-8.433183,0
56.90475,0.5533301,0
-1.0151192,66.81141,0
58.284847,-46.033257,2
36.64322,-41.039238,0
9.008234,66.2639,0
66.23123,-57.886475,2
-24.983095,-63.94149,0
38.470154,-11.614449,0
-13.918198,-36.536697,0
-29.718117,24.63901,0
25.868435,-51.627937,2
-21.164734,82.99259,0
-53.885292,40.588795,0
-10.909799,-6.1675177,0
-32.585655,77.996826,0
68.829994,-9.686335,0
-60.86316,-28.86322,0
-25.488266,-28.140749,0
25.292942,48.16205,0
-38.10947,43.762703,0
19.082104,48.354904,0
20.5312,7.338538,0
11.825128,-7.8895965,4
-63.78688,46.99018,0
65.000595,-45.274467,2
28.987822,-77.515854,0
3.0127807,66.5012,0
-46.007843,24.380198,0
-38.02744,-76.48151,0
84.32965,32.991726,4
31.94515,29.572687,0
8.429416,-28.075336,0
-32.12144,8.515968,0
8.916653,37.125694,0
-44.943245,-21.844915,0
19.022165,-1.6842433,0
20.124926,-4.0061607,0
-19.175503,1.9277716,0
-13.3830805,84.01859,0
36.74185,39.092346,0
-40.84861,7.630127,0
65.43674,-57.92225,2
-18.543762,45.034782,0
-36.772263,-52.386013,0
56.807457,-10.576767,0
-3.2883608,-44.535126,0
3.8277295,22.584188,0
-17.779715,4.8683586,0
-1.3804189,30.738407,0
-13.541189,91.243225,0
12.761711,23.814053,4
10.31814,77.36366,0
0.7486301,-2.710088,3
-58.922085,-47.024834,0
-93.166084,-24.623335,10
35.93371,65.278435,0
-70.80042,-6.8962507,0
43.706226,5.206865,0
83.88276,-36.791553,2
-72.09694,-2.9840188,0
55.75425,-14.017067,0
-4.407658,97.486664,0
5.477202,-28.54074,0
-17.281958,-15.313773,0
43.820496,7.2314353,0
57.1312,5.3101296,3
-2.0119247,11.839445,4
-39.75401,89.38208,0
37.332672,-12.626599,0
23.023884,-20.819141,0
97.95458,-9.673646,4
-24.187069,89.521706,0
87.558975,-28.683287,2
56.693054,-35.286648,2
6.4275513,-42.258816,0
-44.94336,-21.84482,0
5.8051057,34.796204,0
79.75676,36.15798,4
-78.98018,-36.565678,10
26.889498,-21.770739,0
-11.046663,48.37613,0
18.91181,-15.18441,0
6.962674,74.30912,0
-62.23152,33.411747,0
-28.911283,83.006996,0
20.261396,-13.2527685,0
-43.43371,27.50368,0
-50.367085,60.295197,0
-3.3541594,-44.4215,0
2.9888813,38.411747,0
1.0083592,-10.238979,2
26.03831,-51.62045,2
16.77012,-0.8040509,0
67.7932,-24.953814,0
-18.890589,9.117453,0
45.6388,21.955814,0
-59.957508,-48.95956,1
52.31586,-9.619892,0
-54.150368,50.812183,0
9.558488,69.54455,0
-63.09925,62.903866,0
61.89757,-54.604897,2
-19.726616,78.04858,0
77.24828,8.556,4
21.565128,-0.112026565,0
-87.22031,-25.476362,10
-77.79565,-52.896652,0
93.60953,5.433512,4
-32.934162,78.77329,0
-2.7178974,-44.26692,0
-29.883778,73.75513,0
92.41479,-13.001645,4
-8.257352,21.255508,0
4.2893443,73.865105,0
30.7219,64.77458,0
-49.56187,-15.23606,0
-45.84485,-64.88481,0
9.5410795,-25.126295,0
-78.60208,-34.225063,10
16.78612,-51.360138,2
38.76704,43.48622,0
-23.04905,73.875114,0
-20.01681,-70.23057,0
55.012085,23.675375,0
9.797624,33.507244,0
-7.9700046,31.55812,0
-50.82884,43.109673,0
-0.2680327,-60.550144,0
-37.73665,89.9915,0
-55.494614,51.386143,0
-38.15239,-18.99334,0
-54.27512,-59.413204,0
47.02182,-23.550373,0
15.652407,-43.488148,0
-69.60369,-8.860208,0
37.857777,64.572136,0
52.003998,25.07294,0
-32.613796,-81.07959,0
-27.078238,-78.269325,0
48.369614,-19.258852,0
39.975445,-68.10181,0
37.202156,1.482961,0
-92.634895,-24.712858,10
-15.116512,89.80133,0
-69.83634,1.3495554,0
-78.58183,-34.059864,10
24.32942,-52.43488,2
83.05475,-11.631464,4
33.819347,-1.7759075,0
57.821045,13.301014,0
9.182658,-33.148533,0
-23.188444,89.91628,0
64.518906,26.204071,0
-84.1632,22.014065,0
15.463366,66.74623,0
34.875336,-77.12946,6
39.80181,-41.270687,0
44.240772,-62.90257,0
83.38156,-36.262486,2
14.905126,16.482883,7
-21.23956,17.110615,0
14.905519,16.482481,7
58.098186,31.223564,0
1.8324298,59.612614,0
21.002344,-13.477278,0
-30.797256,46.24719,0
-21.188644,81.74775,0
-69.851524,-8.640095,0
39.593487,8.783288,0
89.96897,-33.385807,2
-25.048626,-20.87569,0
-6.245932,-98.22203,10
0.62953657,-12.532968,2
56.186504,-35.08205,2
-50.232197,43.81454,0
-84.67215,22.475117,0
37.351246,25.629833,0
24.943254,1.7418509,0
-78.899925,-36.200893,10
-69.22565,-3.9120603,0
61.29836,-57.379555,2
84.05133,-30.761124,2
-82.601524,9.065013,0
-22.326845,15.626383,0
30.701574,64.587326,0
5.184772,-56.538826,0
-44.285183,-17.58314,0
38.10912,-1.2811534,11
59.003555,28.518162,0
77.34346,9.506526,4
-8.40462,31.781433,0
12.335322,2.896324,0
13.388351,-6.098171,4
0.95955443,40.344696,0
1.730059,66.99014,0
-60.709934,59.076054,0
-48.545567,1.9219936,0
-19.878244,41.421837,0
-57.577595,-44.305145,0
16.297823,48.969337,0
32.276825,-21.36279,0
19.485199,-65.01641,0
-19.325634,-51.296917,0
10.131287,10.784381,0
-63.090954,62.898376,0
-76.21987,17.213268,0
-22.971853,73.77914,0
38.406662,-1.31429,11
28.02103,-53.228065,2
54.127766,39.241207,6
-1.7742443,66.02601,0
-42.20325,31.19774,0
42.104347,-63.15727,0
-32.6715,45.578403,0
-84.206024,22.733568,0
-27.285795,-5.0817733,0
39.255028,19.934402,0
-19.058054,6.0347185,0
-7.21502,60.014984,0
6.880903,34.909447,0
-17.978167,57.727066,0
-78.12423,20.554886,0
25.615515,-51.639214,2
11.858166,5.276747,0
-72.16822,-4.601813,0
-51.455486,-38.210354,0
11.667691,11.6794,0
55.815178,20.53361,0
-13.648242,-31.040411,0
8.521984,-98.29129,10
32.37853,13.064415,0
-32.88111,7.4805813,0
-52.458466,52.14852,0
-1.3185134,-57.477505,0
27.759598,-53.219234,2
-16.109688,79.16589,0
79.06169,32.132545,4
32.880653,63.561943,0
56.478714,-3.4634426,0
-46.09052,-65.03181,0
-7.1820927,28.096743,0
41.962578,-64.4099,0
25.60537,22.369799,0
16.334501,26.93786,0
70.4617,-1.6428336,0
-70.1301,7.4411163,0
-60.69202,-51.50285,0
-84.31603,7.5897536,0
42.017754,-48.434467,0
12.343893,2.8773324,0
44.454754,-17.302094,0
-43.064083,28.464596,0
82.6773,36.678963,4
-80.39121,15.019759,0
58.763927,19.631456,0
3.834403,-49.314587,0
82.00687,-11.384377,4
-47.23557,22.565077,0
-36.74007,19.489952,0
-39.712658,86.87906,0
0.12862147,-105.12438,10
65.4927,-57.934166,2
98.27266,-10.868451,4
13.776259,68.16183,0
29.529287,-52.927307,2
-61.873123,52.973545,0
44.691227,11.940592,0
-11.937318,82.79014,0
-23.546003,89.822975,0
40.382343,25.22823,0
10.827565,-54.758232,4
-53.631756,-26.790823,0
2.3919508,58.937237,0
-34.35218,-80.881775,0
-6.3480377,-62.77072,0
-50.82997,43.01244,0
39.81951,44.03561,0
1.0715712,-9.352904,2
61.144543,-57.341225,2
45.666245,-21.738672,0
26.493496,22.125546,0
-52.985786,-39.46488,0
-62.95587,62.936085,0
8.959121,75.077515,0
42.876537,7.2038593,0
-67.07132,1.6385759,0
29.941721,64.72029,0
-31.207243,75.900375,0
47.82748,-18.752853,0
-22.032259,2.8247275,0
-36.275494,77.596275,0
66.47107,-42.225994,2
-72.41449,-3.8710437,0
-87.57841,-25.441795,10
8.574885,12.899714,0
92.17889,3.1163373,4
29.59945,-52.90982,2
-22.72032,-29.572302,0
31.57942,31.858225,0
42.83195,72.61372,0
-22.397966,-30.0174,0
-21.74341,3.1719549,0
16.218649,49.073368,0
-2.762568,-22.771564,0
-6.026279,-99.25058,10
40.73358,-38.533283,0
40.022785,-41.86867,0
9.535176,42.77715,0
-28.249098,70.877625,0
45.080765,-63.631905,0
37.67547,62.97826,0
-40.30172,-23.332577,0
-1.8217361,11.773412,4
-34.74628,-80.98472,0
19.306948,-65.21171,0
36.84305,1.6137708,0
93.01324,5.9708633,4
68.12611,-23.683933,0
-41.0156,-81.03315,0
-41.86678,8.792598,0
-79.11589,-37.83129,10
-0.74086493,-60.38632,0
-56.859215,-32.05131,0
-42.737778,30.438545,0
77.25747,31.793694,4
33.537125,-74.953636,0
-44.927895,-60.72011,0
-89.25344,-25.245293,10
13.24454,-5.97304,4
-86.671425,25.840902,0
-27.985935,-75.8451,0
44.78554,2.777999,0
14.075218,-45.10752,4
83.043144,33.329712,4
11.995649,5.0313272,0
-3.5124197,17.011333,0
36.678555,-22.911657,0
-34.335953,-0.17884842,0
-40.881424,-36.67009,0
91.81245,3.1117003,4
-0.5260843,-60.326138,0
-83.82536,-43.413208,0
1.043377,-9.695641,2
-64.989296,-2.3855252,0
-38.979706,-47.45717,0
-52.16515,14.99862,0
-21.715206,3.373749,0
-11.651391,85.47089,0
-62.448166,61.192223,0
47.695835,22.350945,0
-61.627563,48.11033,0
-63.615887,40.68513,0
43.972256,70.87671,0
-7.006247,29.375328,0
7.384531,-57.162983,0
95.00257,-9.593217,4
-62.768253,45.373756,0
88.0479,-0.39815775,4
13.9181795,-3.6500666,4
0.16890888,37.676228,0
-50.7165,55.929783,0
25.034586,-16.506556,0
-54.24607,54.653507,0
-13.19085,86.51981,0
-52.75469,13.482475,0
26.198206,36.00076,0
5.8903484,33.97132,0
-19.720724,58.493618,0
34.245564,37.434685,0
-5.115606,-75.61015,0
-15.806058,-46.754944,0
28.023266,18.803917,0
15.358627,-76.005936,0
57.714336,-37.81825,2
40.754368,-38.630127,0
-9.48392,-76.14681,0
91.167175,-31.403,2
-19.398016,78.68054,0
20.022242,-0.12913361,0
8.779811,-24.51174,0
-43.699036,-37.09209,0
-62.284935,41.270718,0
-78.77412,-31.991264,10
-73.67069,7.98156,0
63.96865,29.54644,0
43.86698,70.83005,0
-33.538326,-57.354755,0
-3.3260968,-44.607372,0
-57.236603,59.496044,0
-84.17423,0.43054208,0
-21.268536,3.4403465,0
55.681065,-34.803036,2
-25.59915,-72.66529,0
76.174644,9.8516035,4
-1.1532352,31.126377,0
44.504856,-63.05695,0
-31.189945,75.9021,0
-21.27844,82.5476,0
8.365406,36.729176,0
-53.761753,-26.678507,0
6.7382483,-45.657494,0
90.67439,4.4509115,4
-80.44752,14.735369,0
-81.53476,-26.39344,10
8.559711,12.410652,0
-59.16473,46.827682,0
42.998222,7.1786427,0
5.55519,-54.7984,0
10.088972,11.818563,0
-45.461544,-21.798729,0
21.746086,-51.677074,2
16.728474,-51.34871,2
9.870776,43.812054,0
-52.61507,-14.840907,0
19.66742,-0.68825006,0
88.74395,21.782185,4
-1.6623708,32.818035,0
-69.69145,-4.302004,0
-65.437195,-3.4771187,0
58.54772,19.475033,0
59.126663,-45.92947,2
7.8243055,71.4318,0
8.663891,-41.43626,0
-47.49414,4.7547503,0
28.460615,-79.52486,0
-16.105991,55.551125,0
39.822655,-41.15828,0
-60.29085,39.300518,0
-25.016932,-20.7314,0
-83.95624,9.680796,0
35.64346,1.1415884,0
-43.914562,5.3096743,0
30.301342,64.47242,0
-3.4012792,-19.247639,0
-13.889177,91.50677,0
-81.51442,-26.348383,10
-69.05617,-0.94752014,0
-35.562347,77.31974,0
-50.943108,-14.297801,0
-54.740738,-40.978416,0
2.7212582,-97.13708,10
39.744812,41.017376,0
-61.7669,-28.180588,0
-5.005527,-75.57948,0
32.721905,-21.257835,0
-53.934887,-59.419666,0
15.77368,-36.343636,0
-13.424957,-36.940624,0
-74.757164,0.8057581,0
-38.211483,12.443707,0
53.678764,20.198284,0
29.700668,2.1760867,0
-13.424552,-36.940525,0
3.4851258,32.19208,0
-46.493935,3.9027808,0
-1.1170694,39.471725,0
-1.9336773,11.806357,4
-6.4187984,60.715755,0
-37.470047,12.491936,0
-34.87098,0.25621206,0
-38.99298,-47.414413,0
-83.79432,9.687341,0
-45.25263,-59.975613,0
63.97249,28.782446,0
41.957775,-8.910158,0
71.95502,-1.5877526,0
30.30801,64.46476,0
-4.200149,-19.755064,0
-21.46552,-46.02061,0
15.926512,-69.37522,0
32.68977,-14.249585,0
29.195528,4.0139813,0
-69.370636,-8.071477,0
63.959232,-55.127308,2
1.4924597,24.018028,0
-74.42636,0.8603468,0
-43.37225,-57.611477,0
-61.28306,52.385876,0
-44.42699,24.490957,0
-38.29772,-77.06676,0
45.002487,-22.982788,0
-57.289997,13.180875,0
16.818699,-76.145004,0
19.08728,-65.20836,0
89.0912,4.615064,4
-5.6947446,-98.973366,10
-42.480762,28.873594,0
-71.132484,21.011024,0
-30.323019,-9.698635,0
4.8957877,63.75792,0
43.509705,37.11348,0
-33.14122,45.77334,0
40.66725,20.622372,0
-27.78482,-75.97072,0
-73.55621,-3.8616302,0
-20.16657,17.784155,0
-43.874874,3.6016393,0
50.299488,14.255796,0
49.03502,25.018497,0
6.3623743,-94.061775,0
18.424698,-14.66482,0
-1.8336674,-104.576225,10
-57.305122,-43.886585,0
77.83008,9.243848,4
-38.62907,90.69898,0
-26.808538,-33.7517,0
-72.27244,6.0197735,0
-63.69908,40.8485,0
55.503437,-34.69212,2
32.456642,28.97907,0
46.97465,11.94139,0
-38.37614,-49.36551,0
64.108795,-59.67456,2
65.09912,-44.18233,2
26.265995,-51.5968,2
-30.400276,76.68674,0
-72.38226,-4.933343,0
56.185955,-0.8299366,0
-0.23456618,-104.55747,10
38.137676,-1.2915772,11
31.54189,-0.5290136,0
-57.053104,-51.54162,0
81.422295,37.51337,4
-86.87816,-32.178406,10
87.54478,1.1170449,4
38.860954,40.350723,0
17.164948,-31.386574,0
-21.4556,-46.018852,0
-52.099586,50.843285,0
48.6959,30.89805,0
-43.399517,-78.81488,0
-45.31618,6.0096173,0
7.647471,-43.545376,0
31.135963,33.488705,0
-11.58792,48.265114,0
-60.51612,-28.790224,0
-60.413315,40.608242,0
-71.89829,-4.8265243,0
3.8019004,-48.66387,0
-8.385618,16.442238,0
10.648172,9.8615,0
93.60201,6.499779,4
-8.206633,59.162567,0
56.440933,-1.8821377,0
50.024124,31.63267,0
8.361087,10.0348425,0
-79.11834,-37.91263,10
41.879215,-48.264328,0
20.679539,9.651532,13
61.874134,32.122177,0
-82.04661,15.615894,0
-26.3789,77.373055,0
-44.105404,-17.507423,0
50.509624,15.926984,0
-20.049944,56.577297,0
-28.28031,82.923454,0
-24.214767,-2.2704604,0
-41.58718,-3.9269059,0
32.226883,61.67617,0
7.579012,-43.359066,0
-44.19989,-17.443287,0
-21.384748,81.72233,0
38.248272,10.498745,0
-49.76397,-15.08409,0
36.16329,61.58918,0
-44.288857,23.628511,0
57.81652,25.604404,0
-87.31798,-32.22187,10
59.012203,28.026077,0
-84.495,9.670895,0
-74.2113,5.7232833,0
-10.942568,-6.167757,0
31.118105,29.484737,0
83.03985,-11.685193,4
9.975574,11.824261,0
-19.716137,7.3054175,0
-70.79909,-9.861045,0
77.22857,31.78422,4
56.391018,-3.3702352,0
-4.039513,97.994934,0
-41.815014,-37.284595,0
40.696903,24.3819,0
63.632668,-59.402946,2
-29.374794,-75.095055,0
-82.45972,-39.14314,0
34.304775,24.87796,0
-7.137226,28.354948,0
34.6588,-20.699448,0
-41.041153,-4.1519246,0
-12.918679,-10.352621,0
62.106567,32.388016,0
31.172476,-9.762133,0
16.503622,48.829548,0
11.586842,10.83748,0
3.069598,37.55297,0
80.4415,-11.401276,4
33.618614,15.036884,0
-36.676594,-18.86779,0
-59.907013,-48.821903,0
15.613098,72.72753,0
7.62324,69.685875,0
-0.98323375,39.00361,0
-7.557023,22.63753,0
24.438505,10.283768,0
26.340239,36.34208,0
-39.754944,87.02276,0
1.1184467,-10.681657,2
-65.21427,-3.8875608,0
-32.544327,-58.388283,0
30.635012,-24.881887,0
44.52359,16.603725,0
-55.478054,-41.56288,0
7.631845,-28.196762,0
-47.31894,0.39047176,0
10.876185,-72.43443,4
-77.09319,-53.948483,0
98.50171,-11.380822,4
36.813198,35.28651,0
-51.503963,42.44395,0
25.33086,47.70113,0
95.78145,-8.888233,4
-47.293182,-65.14825,0
19.455595,-65.01002,0
-58.41615,12.086101,0
69.27984,-20.243246,0
-82.51534,24.364758,0
-30.38935,-37.972023,0
-21.616953,-28.187511,0
-37.304302,77.26412,0
-21.034744,89.69585,0
19.330008,-15.198625,0
-32.78143,-59.344025,0
-73.946655,6.115591,0
-14.809827,-8.699503,0
35.559566,38.39788,0
34.01973,-16.399965,0
-51.59215,15.3030815,0
8.418117,-62.83082,0
-1.6981841,11.733032,4
-59.86524,-48.66606,0
-39.106495,-77.34727,0
-23.515337,-27.153614,0
14.374906,22.758593,0
62.1049,32.22617,0
10.38987,78.91789,0
-45.10902,5.577991,0
45.739544,9.815398,0
64.688,27.870989,0
-13.916887,-35.959583,0
-28.844086,-79.057365,0
-28.108313,-74.930244,0
-4.038782,97.99812,0
-53.35278,12.359087,0
29.807798,23.66581,0
-1.5359291,-26.598711,4
35.49114,-22.940182,0
-92.78723,-24.686691,10
-27.357378,79.08032,0
33.890186,8.740443,0
-14.064164,-36.535965,0
8.860459,-32.823734,0
-46.085415,4.3606124,0
29.452877,-31.642595,0
-45.831383,26.936396,0
-17.017315,-12.017887,0
29.954685,47.663334,0
-57.576122,-44.311317,0
-78.879005,-5.8756323,0
105.3858,-2.2441735,4
-35.498714,-0.29180834,0
59.002445,28.171555,0
-24.71424,-44.84231,0
41.884544,-64.33682,0
32.188442,21.3311,0
-3.6628509,-24.29747,0
33.02352,63.84869,0
-38.604637,20.121914,0
-73.04284,-1.570136,0
70.774605,-0.7491674,0
6.9406824,34.496346,0
18.17876,10.250298,0
15.706883,-76.55826,0
10.009027,13.751565,0
-7.1403093,-56.07726,0
-44.265953,-17.59248,0
45.326466,-22.416555,0
8.010172,-63.231216,0
-49.9869,-37.04496,0
-27.294193,-33.607246,0
-8.845024,22.063843,0
-41.93209,7.73284,0
-39.280956,13.01995,0
58.205223,37.059654,0
-49.77244,59.880238,0
101.69795,-12.183512,4
-73.51388,1.2326368,0
-19.572424,-51.845604,0
22.260128,-2.863591,0
41.10242,43.16189,0
95.80104,-9.023184,4
18.069504,-50.9929,2
40.731464,24.279955,0
-38.007355,-76.03896,0
44.92924,-63.428097,0
-40.77753,-19.330496,0
-28.912212,87.40256,0
89.12939,24.231663,4
-43.611946,-37.104797,0
10.335003,34.70506,0
41.94112,-48.31623,0
15.601304,67.75917,0
-61.329906,46.528473,0
-36.887566,-52.145042,0
64.45453,-60.2986,2
28.970839,-79.10633,0
-70.042595,22.662678,0
16.20894,26.249996,0
-9.768904,-76.25586,0
-53.71382,40.62348,0
91.49882,-31.239378,2
48.32531,17.447817,0
8.231503,-98.815,10
68.14589,-23.595394,0
72.33928,1.3478893,0
-15.56813,42.58053,0
-0.48842415,38.719326,0
91.22843,-31.694042,2
-78.89447,-36.011562,10
-59.84862,-51.70496,0
-30.770903,-60.01874,0
-2.0466683,11.8544035,4
72.16683,0.08918302,0
-51.261585,-38.061443,0
-15.540481,-48.76379,0
-41.083282,22.438452,0
-86.43738,24.341484,0
-49.231926,60.394497,0
23.051844,-21.033335,0
-28.350891,71.16458,0
42.837112,-70.696205,0
6.3623652,-94.05992,0
44.51075,-63.09069,0
-1.2143233,-79.89851,0
-45.292873,23.116165,0
-0.9042284,-79.538185,0
-81.514534,-26.348595,10
42.048103,-63.701935,0
-79.267876,21.18081,0
11.784307,-48.959904,0
-3.2205908,-44.598354,0
-27.155125,-62.0916,0
5.8685474,-54.977886,0
-36.626408,-52.660378,0
-32.25138,44.350723,0
-10.677151,-12.781581,0
79.76112,35.881588,4
-36.185448,-53.49046,0
-76.399864,-58.379807,0
8.686586,63.714542,0
-76.91566,-57.976868,0
-86.821724,-32.679863,10
-55.06573,-41.298286,0
-60.31254,40.65592,0
18.202742,-51.6976,2
33.205505,-15.823778,0
83.08823,33.283375,4
-32.022385,79.9436,0
30.465158,58.22809,0
8.755708,-97.78338,10
-63.345512,50.228397,0
13.601591,-6.3243804,4
-8.3383665,-38.88832,0
34.146633,37.4677,0
-18.256413,7.695152,0
-28.709396,-78.994865,0
41.89421,-67.51324,0
-59.035946,11.746904,0
106.42118,1.1015439,4
-79.11589,-37.83129,10
23.695919,-0.12664226,0
22.105602,-51.6509,2
-27.202574,-77.78382,0
57.989388,36.78663,5
54.848232,-8.090566,0
-73.412025,18.792946,0
-21.5205,17.892794,0
23.893986,-51.562077,2
-12.901978,48.66963,0
41.07389,-46.759567,0
-0.5215394,-39.617744,0
-3.6113822,-81.52888,0
48.620884,21.178951,0
51.164715,25.162886,0
30.526903,58.271667,0
-61.68217,39.838924,0
27.69995,-51.279133,2
-5.5598493,-56.291866,0
105.929886,-4.2060037,4
15.286191,16.601559,7
-45.054203,5.110102,0
-62.02266,39.89199,0
-30.62529,45.98954,0
-80.690315,-55.940678,0
58.988598,28.201132,0
-40.855186,1.6993339,0
-51.357346,42.257248,0
8.142784,-28.132828,0
11.978987,11.965556,0
2.5636566,57.484623,0
18.286934,-28.42378,0
55.191067,23.274143,0
3.5001202,-49.13555,0
-4.7343583,27.32905,0
-53.81639,-58.237812,0
10.236014,65.91732,0
-11.672791,84.20375,0
102.11184,-10.914303,4
31.072466,-13.965718,0
6.2836595,-28.455263,0
45.120613,12.234873,0
-56.993706,56.824158,0
-33.412407,79.410065,0
57.406013,-0.34232417,0
1.7918478,68.78412,0
56.239773,-35.11469,2
105.766235,-4.431789,4
-81.53021,-26.381737,10
98.930176,-10.480752,4
68.66302,-22.026114,0
65.61687,-44.6234,2
38.227715,-14.789063,0
85.56084,22.892292,4
-15.541057,-48.759995,0
36.669014,35.09095,0
28.734066,3.018594,0
-87.13994,-0.696238,0
14.3130665,22.14034,0
77.26184,31.79644,4
-29.037405,-78.26994,0
97.82578,-8.332169,4
84.64414,36.933857,4
-54.22943,-60.372566,0
-25.758759,79.48766,0
82.83573,-35.063324,2
-60.642002,39.54798,0
30.420662,-52.61923,2
-60.093567,-48.933132,0
-74.936584,-5.2957683,0
-87.22031,-25.476362,10
-29.256392,-75.06068,0
13.742403,-36.532948,0
49.300735,14.583172,0
-24.584036,-19.80696,0
15.527623,-76.15631,0
44.389942,-17.417807,0
30.89123,12.070461,0
9.828777,13.649003,0
-55.48035,42.26466,0
12.048835,-6.776843,4
-11.7210455,4.7224774,0
83.17731,-34.769215,2
12.8096695,-51.333256,4
9.238364,70.6835,0
-4.5413327,-18.870668,0
43.87549,12.876354,0
5.803634,-56.03743,0
-42.924637,-77.99815,0
8.730986,75.462944,0
63.59612,-53.874355,2
79.76058,35.98225,4
-3.4492197,30.384632,0
-60.203392,49.21974,0
19.467524,-13.742927,0
26.872124,18.870615,0
34.88886,69.76133,0
58.103855,32.146393,0
-93.669235,-24.530077,10
-82.11552,15.690036,0
-19.294147,-51.22754,0
0.057981495,-41.32355,0
82.35289,36.843258,4
10.172324,-94.85771,10
-22.453789,15.131508,0
42.078995,-8.946499,0
6.6322074,-42.22081,0
-52.19974,-1.209796,0
83.783104,41.72596,4
-8.096112,17.068956,0
-0.9452949,-104.986435,10
-4.6741014,59.509037,0
41.739807,41.403538,0
-13.893644,80.162926,0
39.556538,-7.0378184,0
83.28252,-36.092102,2
28.626926,-78.25168,0
42.65123,73.11779,0
7.7421207,35.42124,0
-24.725819,-44.857857,0
43.82165,13.171168,0
9.975477,-28.260143,0
-40.699116,-77.16121,0
9.695764,33.59399,0
15.704432,-76.54063,0
1.6613796,24.586544,0
-40.120853,-1.3512138,0
38.818745,18.850286,0
59.15726,-45.93704,2
-80.35292,-56.269222,0
55.88352,-12.948555,0
40.940384,-67.76227,0
-2.4642067,-43.49736,0
81.57045,-12.904385,4
90.065315,29.085726,4
-58.04121,-42.981125,0
46.555645,11.842242,0
-12.494693,-35.855762,0
2.9298933,23.053349,0
-32.86903,44.75463,0
-6.10779,-80.77154,0
-39.22101,7.6991377,0
-2.775704,-23.028425,0
28.28975,-51.121166,2
55.6308,29.983747,0
-4.209273,17.688286,0
-13.03367,49.904636,0
1.6415272,-74.308334,0
-62.537804,52.351383,0
-73.713974,7.82029,0
-5.608155,-56.30438,0
-33.039036,46.44425,0
-0.44601396,39.347347,0
-27.132332,-5.9275575,0
-50.732933,-63.871918,0
50.398495,24.072021,0
39.297703,31.329203,0
-42.73633,12.058559,0
-79.62094,-27.977274,10
-30.952202,76.2197,0
27.66888,49.563446,0
-22.638693,-29.689014,0
-29.736813,25.352083,0
-19.953112,41.90261,0
10.618633,-6.4386554,4
16.02081,48.92726,0
83.833435,-34.37567,2
6.188956,67.18196,0
-36.534977,11.05089,0
-86.28379,-0.7465092,0
100.96603,-12.986044,4
53.091606,-12.867004,0
19.635174,-3.9403348,0
12.361983,2.8136759,0
-13.889248,91.50701,0
-24.72598,-44.857468,0
-41.3826,-2.4744816,0
-41.989044,25.418652,0
85.02953,-29.40324,2
35.41291,27.167578,0
-1.3025892,-57.8483,0
8.4168825,-62.83058,0
-5.80584,-19.799671,0
53.378777,-9.378614,0
33.440765,-0.046983007,0
89.09823,32.17253,4
-77.88078,-52.7838,0
5.624775,-42.771988,0
13.009271,-9.330639,4
-18.730701,-51.679466,0
8.423887,75.985214,0
-41.064983,8.781412,0
-41.011234,-0.5590111,0
-28.15561,82.465256,0
29.592943,-10.35047,0
-2.0966198,-44.381805,0
46.841442,-20.27054,0
44.920692,-66.88507,0
-7.8263044,31.341383,0
55.602512,-44.926353,2
-86.621346,-32.885784,10
35.211277,18.01559,0
63.193974,-53.63574,2
-22.65716,-29.661354,0
-7.6103745,59.701187,0
-6.10946,-80.760025,0
31.583138,-50.28424,2
0.4031623,37.778076,0
-4.8545527,59.69124,0
-42.435764,27.712944,0
22.009771,9.714831,0
1.0177773,-10.132588,2
-63.18931,45.136784,0
38.721306,43.022614,0
-21.310993,82.95064,0
-7.559837,31.852283,0
-18.148392,-26.785173,0
-37.952206,13.0752325,0
-58.008636,-53.91631,0
97.04184,-9.509532,4
-68.002426,-2.6256816,0
3.5442224,65.42564,0
-5.0970287,97.89,0
-47.000195,1.4107735,0
-25.488266,-28.140749,0
105.1319,-3.6518872,4
-66.63589,1.3016477,0
38.080856,61.35561,0
37.918137,62.606632,0
-3.591774,32.325077,0
-85.71939,-25.593119,10
81.18944,-35.58676,0
8.95835,9.941912,0
55.641304,-46.29982,2
77.430145,11.923786,4
-33.92537,-81.63096,0
68.17165,-23.51172,0
-82.39077,10.012418,0
43.845528,11.632259,0
-56.286137,-51.904778,0
16.184849,49.12903,0
38.554604,19.159113,0
41.987938,-67.00432,0
36.008247,-22.419205,0
31.213652,18.382502,0
-74.32342,0.0079958085,0
84.08132,-28.882984,2
-17.163239,-13.835798,0
-71.73171,-8.172894,0
-39.2987,2.306935,0
8.248092,62.4414,0
11.722418,-35.59412,0
29.970495,-77.23109,0
-77.30867,-57.847042,0
31.918737,-14.159019,0
19.558453,-3.9758883,0
-33.763332,47.889645,0
30.64367,64.95902,0
16.77445,-69.48814,0
-6.922235,-22.864979,0
99.28371,-9.932058,4
-42.715378,30.156212,0
-8.988622,15.622405,0
-85.30857,-34.85434,0
82.64841,-10.07584,4
-36.487534,10.910686,0
21.394758,9.533374,0
-21.627121,-72.45715,0
10.769807,67.574936,0
46.547874,11.616001,0
-15.501829,42.68283,0
-30.654102,74.04817,0
-8.94566,16.586855,0
-5.507895,-39.864094,0
-86.37986,27.764597,0
-17.878134,2.1679697,0
43.412712,37.00918,0
45.405487,43.389496,0
65.26036,-58.0881,2
29.192923,0.5028814,0
-39.731495,9.982428,0
-6.352394,-62.772087,0
32.551907,-46.391384,0
-32.8297,-58.15966,0
-28.25081,86.03997,0
-22.925323,-29.190777,0
-53.19665,12.140023,0
66.02877,-42.846485,2
10.831331,73.77562,0
-2.7713354,44.27974,0
-45.432262,-62.763264,0
5.925913,33.981087,0
-81.320076,15.508847,0
41.22599,-67.288086,0
32.38423,33.706295,0
-12.488109,-10.788292,0
-19.475014,55.727528,0
-62.043022,40.859325,0
-55.482018,42.265717,0
-21.460693,-46.01711,0
51.398163,23.229668,0
1.7590269,59.121834,0
57.580173,12.11363,0
-65.856865,1.5848393,0
-85.875015,28.281515,0
-20.238539,-51.14988,0
19.658672,-4.2106376,0
-0.27640924,-1.3505428,0
17.206795,-69.59376,0
-48.961002,60.252235,0
20.430305,-1.0614753,0
35.549026,-7.5022464,0
107.48627,1.2452835,4
45.29125,-22.439098,0
76.05694,9.972243,4
-72.47726,-10.801763,0
48.71597,24.897675,0
52.542294,-14.224067,0
6.4719267,-42.309273,0
-22.691395,90.33802,0
-15.540875,-48.75999,0
-22.258245,3.0166361,0
-71.64949,-3.8358588,0
12.167411,-35.28278,0
-18.856602,6.0103407,0
63.87974,-54.9865,2
29.572039,-11.29196,0
-42.48856,-41.657703,0
-59.95239,-27.69251,0
-46.237576,-36.9866,0
-16.551413,55.696712,0
-41.103695,1.5125152,0
28.460062,-80.792435,0
82.02766,39.61817,4
-25.917854,76.751205,0
1.0139023,-10.183011,2
-46.349655,0.033568274,0
-8.083068,29.729105,0
34.94633,21.884417,0
9.896284,-95.526054,10
33.61676,11.753018,0
40.7059,-67.351006,0
-73.86746,8.171357,0
105.80901,-4.4925156,4
101.40919,-12.572975,4
40.731144,-38.5624,0
32.179234,62.98548,0
-60.121574,-52.564682,0
32.18635,-21.532892,0
-16.967403,-13.612835,0
13.751819,-36.5482,0
-81.16433,23.373024,0
92.79492,3.4988909,4
42.502605,40.876316,0
-36.740112,19.496014,0
-50.416553,57.39706,0
96.087654,-8.5838175,4
-33.89585,-56.914272,0
98.7106,-11.367443,4
37.175064,12.1927185,0
-60.90624,62.76307,0
-62.214973,32.52762,0
-15.025239,-53.07518,0
-76.98056,-57.931885,0
0.7486301,-2.710088,3
8.664108,-41.43617,0
-10.984339,48.417767,0
65.51132,-44.269714,2
-7.3043156,-56.935154,0
-42.120453,-3.303883,0
29.839743,5.184735,0
98.44022,-11.736758,4
-49.763718,-15.084444,0
69.12682,-9.516835,0
-84.13071,-35.978683,0
28.295595,-51.11717,2
4.826304,71.68579,0
16.297056,48.969406,0
-3.116133,-39.58616,0
0.54392594,31.864876,0
10.791032,76.32775,0
14.329949,47.60391,0
20.0595,-0.1258404,0
95.7783,-8.923444,4
-13.273774,-31.612535,0
8.671195,-98.03998,10
-62.800594,45.664593,0
-33.487473,-81.4955,0
-11.648617,85.42712,0
35.975666,-22.8205,0
-52.617252,-14.856421,0
-39.660652,-77.262276,0
-19.928028,78.88465,0
-62.97876,43.484776,0
72.26359,0.9524569,0
-42.873642,-78.116905,0
-81.38456,15.456733,0
25.577139,3.9753041,0
31.403997,23.042229,0
45.04469,10.76133,0
-19.25733,-15.604204,0
28.06601,21.041363,0
-7.10039,-80.5194,0
28.532852,-80.89074,0
2.2432961,68.55464,0
-63.099194,62.90384,0
29.69552,-28.351189,0
76.84976,8.4321375,4
88.6924,24.444967,4
15.637325,-43.501667,0
-31.726093,43.559498,0
-13.06868,85.291794,0
82.85892,33.37541,4
-2.9935668,41.308308,0
81.6304,37.51495,4
-7.245938,19.104498,0
38.27195,40.78276,0
-60.571392,-51.024597,0
12.8063345,-51.55903,4
17.167248,-31.386269,0
17.069794,-69.54248,0
-21.001045,82.46635,0
-62.404404,58.586205,0
-50.144775,-29.266136,0
-86.596535,24.308767,0
-64.52023,52.59712,0
-18.495747,6.3443646,0
68.00109,-24.039265,0
25.013899,48.387733,0
-29.297428,27.882805,0
34.721306,7.4792137,0
57.321915,-38.241596,2
-30.34227,26.14558,0
15.98949,-69.37825,0
47.521782,-20.88154,0
45.249435,11.331974,0
-27.285217,-5.0333047,0
15.61809,-76.14108,0
-35.15951,48.739685,0
-43.630795,8.379474,0
18.373985,10.408177,0
-5.1857915,-75.61143,0
-7.0362673,-80.37679,0
82.97256,33.191425,4
-61.37899,58.166786,0
-18.440107,84.41658,0
-11.727262,-9.969118,0
24.958378,23.35376,0
-6.6018753,32.025143,0
23.610844,47.772488,0
12.714914,78.25124,0
-58.478283,55.93601,0
-40.821217,-0.69536674,0
-79.11589,-37.83129,10
55.633564,-8.744458,0
81.773224,-12.866074,4
54.89733,-8.832206,0
3.0444245,69.751686,0
-2.1033137,-18.772648,0
-61.983986,37.9071,0
-52.66505,15.0345335,0
-58.49578,55.933044,0
71.12715,-0.89291364,0
-10.217271,-23.65754,0
55.72662,-35.12092,2
81.06375,-10.3141165,4
-1.549525,11.11048,0
-3.4387753,16.918888,0
60.630585,34.110657,0
-62.228466,33.461235,0
-11.516113,4.8758507,0
32.55666,15.1817,0
3.7915826,-49.34444,0
-14.128608,-8.397673,0
-36.732197,-81.87817,0
-36.67371,-52.552307,0
53.58424,21.837416,0
-2.1186872,24.909193,0
-5.7090173,-62.26562,0
-4.0120974,18.365644,0
53.739124,2.9969263,0
-35.753193,-81.86928,0
16.230337,26.306097,0
50.711704,25.089262,0
-13.541175,91.24309,0
-45.12961,22.686447,0
-26.074976,77.13446,0
-38.590397,10.044317,0
-41.82368,-3.775942,0
-59.53372,-49.737812,0
31.372576,33.52829,0
8.59747,70.75716,0
20.253325,-5.025736,0
-52.995953,40.6081,0
-54.539585,39.937775,0
-18.860039,18.706083,0
-35.552837,-75.72855,0
15.703804,-75.85207,0
-43.505936,-37.10997,0
-79.89329,13.777054,0
26.635845,24.403051,0
-60.707607,59.078674,0
-26.996973,74.12925,0
38.12166,-1.2846389,11
-28.950525,-76.29425,0
-70.02018,22.66998,0
19.005945,-1.6298423,0
12.097595,64.55319,0
39.10833,23.250072,0
8.610047,43.24244,0
34.168957,31.69825,0
-2.5830674,17.643864,0
-13.221364,90.96446,0
11.590542,-49.452145,0
27.822294,20.360678,0
83.78278,-36.76536,2
62.19128,-56.576786,2
-22.80966,89.43253,0
36.07773,0.9712823,0
35.70087,-22.790726,0
82.02396,-11.170022,4
38.029972,41.160328,0
-35.319496,76.86668,0
-86.8209,1.2631408,0
-12.743313,-10.439061,0
-22.49909,-17.403963,0
46.945904,-22.937801,0
-43.667828,24.49009,0
-18.097513,-26.789993,0
-89.25344,-25.245293,10
-36.6536,-81.85712,0
-63.37629,39.559452,0
-18.952267,84.41131,0
-40.292805,-23.326141,0
-65.96509,1.1441189,0
-83.65882,22.32666,0
89.01657,22.622725,4
14.313594,67.53705,0
72.253716,0.973533,0
-17.286543,-45.295162,0
57.724743,-1.5000668,0
6.51736,71.35707,0
2.374736,68.020256,0
26.7371,-0.039765555,0
13.60137,10.7517605,0
77.368095,8.529061,4
89.9248,2.8858936,4
2.9306896,57.664276,0
58.118652,36.94727,5
38.8273,-20.592237,0
97.704346,-10.6948805,4
30.557,-11.697184,0
-40.612377,-4.411051,0
28.467295,2.5830367,0
40.68564,20.890211,0
56.481083,-35.258823,2
8.44801,73.160225,0
-54.131256,54.484444,0
-3.570792,-22.750801,0
41.916412,-48.31412,0
20.21672,3.4452233,0
89.01311,3.5164921,4
-19.740591,0.74847937,0
0.17969777,32.973694,0
-36.062897,77.448296,0
-33.61654,79.678635,0
-71.75086,19.87897,0
-80.69321,15.082947,0
-3.004429,31.76012,0
29.852903,-15.312896,0
-42.43015,7.781281,0
3.0260005,37.561287,0
30.044891,-79.706184,0
-25.809536,82.358505,0
15.999337,-0.24068059,0
36.99298,-8.917492,0
26.66275,24.28913,0
-11.674749,84.20491,0
-31.482851,-59.48222,0
-69.422516,-8.808531,0
-56.94147,59.46967,0
-87.979645,2.5247579,0
-8.521449,30.795824,0
-23.487999,73.94843,0
69.327415,-9.341029,0
16.34712,26.952633,0
6.858535,-28.180822,0
-7.6159782,28.771505,0
10.544708,-55.6772,4
-4.7605042,98.27074,0
28.923214,-14.378461,0
-9.4343,-23.347748,0
55.792274,-46.21932,2
-9.514003,-76.40393,0
-41.982838,8.724351,0
-38.16489,-19.113121,0
-88.29091,-25.365932,10
22.787354,-51.861385,2
28.832209,-6.772979,0
-59.64025,-48.16275,0
6.3812356,-42.377884,0
-0.76693904,-79.71311,0
88.28964,23.493073,4
-59.71618,56.30572,0
-36.055183,79.376366,0
-43.99282,23.893282,0
-60.70864,-51.479095,0
-18.822798,44.420307,0
5.2409697,-28.637848,0
-19.729893,78.04632,0
68.784256,-21.599579,0
-5.6906314,-56.346184,0
-86.940285,-29.974018,10
-29.409445,28.722805,0
38.62551,64.23751,0
49.03683,26.414925,0
10.642776,-34.85601,0
39.20884,-43.12596,0
-32.605045,45.319286,0
34.356453,-21.421171,0
13.739556,-36.566944,0
-63.052513,51.932693,0
-20.517996,77.41514,0
-58.000046,-53.947147,0
81.79334,37.16462,4
63.968605,-54.964016,2
-11.714883,84.249695,0
88.87724,24.56308,4
25.645739,47.100143,0
6.37935,-42.3703,0
-57.346016,49.19734,0
35.47445,-14.954093,0
-82.65075,-25.947777,10
105.172295,-3.681219,4
-20.81611,17.191341,0
-39.235523,5.7352366,0
29.442043,-31.639158,0
-34.015812,80.259964,0
-21.397102,-29.322319,0
38.496086,-23.37219,0
-49.682617,44.834663,0
-12.325301,5.996346,0
85.4267,24.07125,4
-70.904816,21.570103,0
45.524162,22.0323,0
4.6974916,73.2409,0
64.47112,-56.122967,2
65.30388,-44.32399,2
96.98802,-9.528743,4
-21.639286,-72.451515,0
-29.64413,-39.836002,0
-29.07186,-65.20406,0
89.05975,32.00267,4
-8.40937,16.881807,0
6.2612505,-101.788574,10
15.4642105,-75.23575,0
-58.71601,11.80994,0
-60.85147,60.04977,0
50.540672,13.384176,0
5.42591,31.732565,0
-1.1594639,-79.97005,0
-21.566696,-28.332647,0
-5.798836,-19.79363,0
-38.28479,-81.26417,0
-43.759167,-58.64182,0
-36.078552,-53.63024,0
-30.981161,75.44943,0
36.02031,60.929092,0
106.30486,-0.07826814,4
-3.66419,17.134731,0
-50.896866,44.23368,0
81.00466,-9.673029,4
-68.34982,-1.1844494,0
-61.581528,32.734425,0
-28.564043,-74.69234,0
56.50065,-12.312096,0
-5.0803967,-62.205215,0
-10.855413,-9.243739,0
-42.013424,-3.4481537,0
43.8507,43.462692,0
-31.482698,-59.481087,0
-87.98329,2.518444,0
-11.722616,6.404161,0
-18.94137,1.521484,0
-51.68012,-28.013561,0
34.492966,-1.6442494,0
-14.236743,-8.521469,0
82.85727,-35.00617,2
-91.463615,-24.908947,10
-19.671131,56.92974,0
56.830585,-14.116089,0
-7.9107885,-80.775795,0
37.68899,11.495919,0
15.726233,-36.3658,0
-14.382603,-7.871008,0
-56.843697,59.52475,0
16.853857,-31.564137,10
31.926132,62.556583,0
-1.6344259,-0.8885712,0
-3.5594342,-102.89394,10
56.439472,13.303871,0
4.6886067,69.90188,0
81.66313,37.49518,4
83.27271,-36.071426,2
56.37387,13.08427,0
44.709843,11.285153,0
17.20499,-31.363924,0
-39.780197,86.99245,0
-6.419789,57.713936,0
-3.6799812,-24.298038,0
8.748351,76.92,0
-40.326397,24.965654,0
41.67283,45.823437,0
11.267765,-36.013668,0
30.1746,-78.67023,0
-1.4045502,-79.583885,0
-21.205433,-46.11188,0
8.431184,-28.078333,0
51.743057,-14.153244,0
-8.624119,15.391885,0
51.186195,13.544424,0
31.603796,31.885653,0
11.403666,-6.0973625,4
-80.023575,-4.9344864,0
-84.22087,-43.728447,0
-21.444239,-46.02383,0
38.793083,-19.225355,0
-11.892774,5.6721077,0
48.696514,34.420242,0
37.34053,-22.948093,0
-60.79512,58.119133,0
-33.024685,-57.948864,0
-29.652143,-39.819183,0
14.981601,-50.972706,2
-28.570019,25.75459,0
35.963943,34.612564,0
-55.561604,56.158722,0
10.829104,-54.752193,4
41.119743,-68.666954,0
87.59396,1.0907128,4
-17.152517,-66.799416,0
-61.171276,58.839947,0
34.451736,11.949146,0
51.607048,24.222794,0
-50.052998,-63.08906,0
-78.014565,-52.57992,0
46.91822,-22.970459,0
9.487382,-26.635767,0
20.797655,1.4943613,0
39.52534,-24.98832,0
59.695526,16.322271,0
-5.294002,-20.587418,0
-19.251635,1.6521964,0
13.650486,47.201405,0
14.9806185,-4.0717716,0
-26.47289,-77.8052,0
37.76896,62.86231,0
-9.941984,17.902855,0
-5.3570232,-39.81082,0
10.594338,-6.1794415,4
-74.026276,5.6453733,0
1.6043633,-9.716826,2
-27.10187,82.38978,0
-50.697826,55.603405,0
79.40767,40.209805,4
93.28263,-16.94015,4
-18.098595,56.49737,0
18.488295,10.254442,0
38.77696,43.117058,0
-21.393261,-29.448214,0
-27.03328,-62.204174,0
-42.747208,-0.9526982,0
70.76306,-0.7501741,0
-9.329718,15.728382,0
72.43346,-0.36447707,0
-61.566597,39.850304,0
-4.217229,97.56018,0
38.629448,43.498463,0
-31.92013,-59.07079,0
-86.744095,-32.659782,10
-35.83252,77.22551,0
58.56102,26.066292,0
38.738567,-23.230614,0
-52.48565,43.853073,0
8.417819,-62.830948,0
-29.403578,28.721859,0
-71.66719,8.741103,0
39.215374,9.8883295,0
24.468523,-14.646547,0
-21.587902,83.34983,0
67.79693,-24.942577,0
40.224724,-7.821597,0
-19.2001,79.072784,0
-20.423733,58.32959,0
-54.12919,-26.738129,0
40.440662,42.220432,0
-18.484337,-36.2153,0
-60.516186,51.615623,0
1.0991157,36.76265,0
88.85211,4.4007072,4
-41.801563,-80.6779,0
-85.34315,-25.620815,10
-71.778366,-4.2424364,0
-41.769066,-37.119926,0
-73.68661,19.50505,0
-58.474537,40.846737,0
100.48434,-12.02642,4
7.0540833,-100.71136,10
-13.221449,90.97107,0
-52.652027,-27.47765,0
12.639748,22.840933,1
14.293481,68.86287,0
-4.9875565,-98.46733,10
-9.51192,-76.17441,0
-41.743286,-19.120865,0
8.819931,72.16758,0
41.14151,-67.56038,0
32.501766,25.694834,0
68.16701,-23.526718,0
-2.4309301,58.77183,0
51.733078,-11.293696,0
30.985222,-0.92095983,4
10.179417,79.7806,0
-63.17815,-28.078972,0
-8.625137,60.222416,0
32.814186,25.614252,0
47.06952,18.215307,0
10.144343,9.705279,0
-17.915909,42.182537,0
-43.53894,-41.8856,0
-7.072992,27.792694,0
-45.471127,-21.798698,0
35.34765,15.255614,0
-33.427612,-53.923786,0
44.488518,-21.672808,0
1.8277217,59.58789,0
49.422848,13.164139,0
3.662715,64.61577,0
-72.39353,-8.384479,0
-61.178185,58.83291,0
-82.14877,8.743971,0
-37.71896,12.904569,0
90.83872,3.489562,4
36.747746,27.833395,0
-1.7841768,58.36475,0
35.243523,-49.65561,4
1.7584785,66.99958,0
59.634975,31.207296,0
53.088673,-11.014739,0
-14.925064,-9.072804,0
-43.44651,0.017742235,0
-68.00808,-0.77419686,0
40.130463,-42.572765,0
-71.61274,-11.169747,0
45.56988,17.105984,0
1.0350461,-9.552963,2
-80.26978,14.375978,0
38.61355,70.84374,0
-39.707172,1.7335936,0
-9.091319,16.087719,0
-44.820892,25.709026,0
22.395172,-5.639522,0
-10.94995,-6.1699176,0
-56.296715,-42.606956,0
19.547361,-3.974633,0
8.364405,10.036973,0
-27.987263,-75.14892,0
-9.979372,18.010216,0
-41.97418,-37.364914,0
-44.446777,-37.06649,0
39.00361,8.984491,0
-53.975605,51.502262,0
-37.38532,-75.57099,0
-6.388718,-62.755665,0
-71.20807,8.192182,0
41.448772,-47.386562,0
18.344791,9.962801,0
-64.74997,-3.4214303,0
-60.34941,-28.492746,0
-8.020474,-39.286663,0
39.19398,23.394222,0
-62.31509,46.631676,0
66.029396,-45.92663,2
38.658768,70.88959,0
38.913124,20.928936,0
38.123127,-1.2865379,11
-43.791016,-37.090225,0
42.651287,73.117836,0
-4.6351633,-18.90466,0
48.705826,30.848793,0
79.75976,36.36119,4
-29.603046,27.777205,0
-65.22181,-3.8149257,0
-2.326038,-104.1937,10
-24.59352,-64.02678,0
-17.806404,0.78221965,0
-0.039052375,-16.50079,0
9.528933,-96.16641,10
18.054008,-14.258345,0
37.671608,11.504764,0
-76.262276,17.173615,0
-21.28758,57.180515,0
76.90437,8.375565,4
69.7274,-19.449219,0
53.550728,19.786993,0
16.760683,-0.8313248,0
41.468967,-47.534843,0
-41.698795,-2.7594066,0
94.000656,-15.9493685,4
4.467458,-20.404297,0
-70.904305,-0.48788685,0
83.05806,33.32172,4
-44.280293,-17.592712,0
-22.11491,-27.020967,0
-17.97931,56.26095,0
-32.37233,6.739684,0
11.907102,75.831024,0
55.90909,-35.17855,2
-36.044502,77.20875,0
44.834133,-22.23132,0
-85.87479,-35.007,0
29.975203,64.406715,0
-30.766201,-60.008514,0
6.4198112,62.41749,0
89.2225,32.514977,4
-43.487476,-25.847904,11
45.21877,-22.614359,0
17.489487,11.099335,0
-59.799183,-48.981243,0
11.818021,66.69974,0
-89.25344,-25.245293,10
-39.547054,89.36682,0
-36.659946,-18.533865,0
77.40207,6.464743,4
19.093876,-13.606703,0
-8.984023,-74.8259,0
-28.50163,25.476595,0
56.259758,-46.56008,2
-71.7702,-8.677691,0
-21.441933,2.758433,0
-83.02053,23.485565,0
12.673325,65.54863,0
23.782917,-19.587036,0
-81.69295,8.615693,0
19.25808,-1.2878635,0
7.654685,-99.77127,10
28.58603,47.921047,0
0.09153481,-15.158256,2
55.670727,20.520927,0
-1.2833121,-104.86636,10
-13.150313,84.88818,0
-3.372122,-75.19251,0
2.1432302,35.45478,0
14.978575,-4.0739555,0
-27.834751,82.131,0
-1.7936614,-18.782558,0
-26.826036,-33.745785,0
-41.736153,-37.328327,0
13.696207,-36.43762,0
-81.71089,23.99305,0
5.385929,-28.648539,0
-42.12921,-3.1863005,0
8.699671,62.320587,0
-13.249195,90.618904,0
10.493544,-6.016243,4
64.75141,-45.57035,2
-78.86744,-35.82257,10
48.775993,13.024446,0
28.291588,-46.375443,0
-10.704332,-12.789725,0
-86.78831,-0.35089418,0
40.26271,23.779438,0
-25.732141,80.996635,0
51.752506,-11.538323,0
5.8514094,67.48714,0
-18.661333,44.965393,0
10.905046,79.45718,0
37.344456,5.657168,0
34.037415,31.54821,0
15.785801,-36.360752,0
91.73938,-31.688091,2
55.751343,-1.4732988,0
-49.231915,60.404118,0
-47.80085,1.5599421,0
0.72712636,-12.097404,2
-9.003883,17.611773,0
24.359804,-16.852146,5
13.639793,47.194004,0
4.956365,-26.786446,0
41.889404,-66.04299,0
30.086157,25.649546,0
-66.197464,-4.3270707,0
-18.758995,9.351079,0
77.518555,8.657968,4
18.29607,-51.726147,2
-36.85863,-81.290184,0
-30.38935,-37.972023,0
-15.490889,-48.496895,0
-57.970863,48.947258,0
23.025356,-20.811758,0
0.30017197,-3.9561372,0
41.80532,42.864815,0
17.408478,-14.52805,0
-28.030254,-75.58711,0
14.074264,-45.108097,4
8.010384,11.294269,0
-45.579685,27.630926,0
-14.81324,-8.723751,0
-0.19975261,24.179634,0
-44.943058,-21.844938,0
-24.569965,-64.20726,0
-41.456917,-80.873695,0
-5.120626,-75.61222,0
-14.186973,-8.4312725,0
-45.406784,5.111455,0
-78.71899,-34.961082,10
39.99005,18.468992,0
-2.2840567,40.106342,0
-9.515158,-76.17491,0
-78.014565,-52.57992,0
-8.702342,-23.253866,0
-45.97559,4.3612833,0
-19.290377,-52.227276,0
13.681421,-36.41318,0
-13.994645,-11.75579,0
-6.97743,-80.98025,0
-29.89791,27.498213,0
-34.913612,1.4148418,0
53.77934,16.820559,0
20.211252,-65.70852,0
31.085869,-13.984565,0
55.57234,15.104035,0
-22.151129,15.969506,0
26.998022,18.835669,0
12.17107,-35.086178,0
1.6591423,-74.32396,0
37.975304,26.730034,0
-60.26715,-29.06818,0
50.161232,24.36781,0
6.9355774,37.935257,0
92.90887,6.1290846,4
6.0506625,61.221992,0
106.30023,0.97412115,4
-31.122381,75.566345,0
-7.3760805,-57.041004,0
-44.98615,1.0276316,0
43.38048,3.8879793,0
45.619698,-21.853516,0
-2.7549918,-102.8827,10
-54.26289,40.32354,0
-12.977229,-10.75127,0
-80.10595,-27.26453,10
15.430574,-76.12067,0
-81.19651,25.103153,0
-78.71899,-34.961082,10
30.780102,23.40531,0
-7.806304,31.410816,0
-0.7711216,-79.70786,0
10.181022,75.42576,0
-38.098755,43.695656,0
-72.58504,6.5081553,0
-8.337876,-38.888012,0
-34.051678,-80.57034,0
-20.607958,-45.02848,0
36.102245,0.95096254,0
30.09036,-24.778908,0
72.09474,0.15275463,0
25.551031,-15.765469,0
24.396877,-51.595463,2
42.70113,37.561516,0
-70.62394,20.903933,0
-38.699368,78.52946,0
31.424482,22.9468,0
-28.62175,83.322876,0
-69.22113,-3.8691611,0
-24.1044,-25.306612,0
-10.866552,-24.304493,0
-65.90244,53.53081,0
-49.581753,60.10094,0
40.823177,-67.40667,0
42.143894,-8.99128,0
12.442247,-7.4211164,4
30.650951,64.952385,0
-74.05138,7.7136455,0
-34.071262,-59.016087,0
12.224236,2.93341,0
46.88051,31.388641,0
8.356264,10.031717,0
-28.309862,84.67027,0
-90.26,-25.094166,10
-53.419678,-25.192486,0
-37.02712,-18.777973,0
83.30483,33.05905,4
-52.87169,51.361755,0
-12.434584,-35.985004,0
36.39764,-75.17734,0
65.9403,-43.894745,2
-49.077423,2.890184,0
-47.293182,-65.14825,0
6.997444,-28.307302,0
31.886526,21.383951,0
-2.1644592,-5.123924,0
-57.016235,59.11023,0
-49.476646,4.7703524,0
14.753143,47.809322,0
-11.831193,83.63494,0
2.6536553,-96.80341,10
-38.924465,-47.63513,0
-73.215004,18.410969,0
-58.532604,56.146732,0
-27.294193,-33.607246,0
-21.783234,17.38463,0
-37.16231,-75.70617,0
-49.790783,44.302776,0
31.136194,11.83512,0
-18.480368,43.596066,0
1.0117042,-10.036745,2
0.7167143,-12.181838,2
39.991253,31.131124,0
-3.768354,17.308569,0
-38.731644,12.931318,0
82.242546,33.170414,4
8.534756,72.86387,0
84.47102,-30.169157,2
-82.46016,-39.13983,0
23.02418,-20.81884,0
20.540375,7.3297176,0
5.408506,71.187416,0
-11.528388,47.3573,0
49.578106,22.96926,0
82.288055,-9.676113,4
46.650852,11.65162,0
61.97729,31.54704,0
54.90206,29.9395,0
1.9033816,-49.198017,0
30.162214,26.883093,0
53.18826,12.4607315,0
2.2487698,-104.63617,10
-50.588215,-63.67593,0
-50.238544,5.364901,0
-54.440212,-40.680813,0
38.16955,-11.975932,0
-32.372734,44.33827,0
44.546875,10.775946,0
-4.4873357,97.50762,0
-33.006035,46.404346,0
-37.524235,91.34571,0
-42.230896,1.4223875,0
9.606647,-96.02653,10
-41.51923,-37.37988,0
-59.220375,12.967849,0
25.750349,-2.7809417,0
57.988056,36.78566,5
-62.215744,32.51556,0
-18.707706,-51.64474,0
-30.379953,-37.993828,0
66.16826,-42.438747,2
55.211193,-34.808132,2
-44.011005,21.349688,0
58.47954,5.5627165,3
55.358124,-8.737895,0
-37.15742,-51.653587,0
-20.017086,-51.613785,0
-48.925083,3.209319,0
-12.517093,49.86986,0
-33.346024,0.36023676,0
-10.667814,-12.719436,0
-37.75751,-50.506016,0
21.048437,-5.4995527,0
23.062714,-3.202116,0
90.98249,3.3712738,4
-84.91744,8.114611,0
-61.088287,-55.223034,0
16.761381,-0.8281458,0
-48.67122,6.000024,0
88.84516,4.5817404,4
65.81017,-43.72665,2
-4.50465,-24.273052,0
-17.73687,1.2647879,0
-49.615845,-63.253998,0
-4.407221,19.852272,0
37.214123,-16.000462,0
57.86028,36.531895,0
-79.345695,21.533945,0
-9.08889,19.893024,0
18.1866,-14.4695,0
-17.57399,-26.87018,0
-3.8421695,43.359272,0
62.730083,-56.11077,2
37.097504,11.785129,0
-41.659225,28.483362,0
-18.249535,55.64811,0
-36.22465,-81.86818,0
-30.379953,-37.993828,0
-43.980995,23.353962,0
-44.12456,-37.072517,0
-28.317259,71.05092,0
31.490396,-2.9820733,0
