TSNE1,TSNE2,TSNE3,Label
6.1712103,-0.7305866,8.476081,0
3.9706912,-18.44527,18.052114,0
20.786755,-5.230859,7.6370068,4
9.166291,-7.8548393,23.256067,0
-3.3727403,-1.7701565,8.679267,0
26.085772,0.04951181,13.159786,4
-0.577698,4.632014,4.9750824,0
-17.963783,-9.810748,3.1104524,0
-22.298485,-3.7589912,9.960892,0
12.960105,0.71386373,-1.3409415,0
14.944133,-0.9018575,-5.610437,0
-14.18361,16.876488,-0.34268513,0
-8.912522,17.858238,6.7509665,0
3.3210924,-0.6313665,5.092205,0
20.823753,-2.9361537,21.756939,4
2.4431324,2.7523668,-27.27474,2
8.118189,-3.9449422,0.51528317,0
12.494656,-17.712582,5.267578,0
-4.9263687,0.94273573,1.6726934,0
14.274151,-11.645384,5.6878085,0
23.990746,-9.220874,5.6316624,4
4.5859895,-22.3706,-2.976326,0
-26.044743,-8.154072,-2.0084076,0
-9.897613,-13.960703,-13.91288,10
-6.2950087,-2.0240543,10.342202,0
0.73945284,10.079157,4.9810266,0
-14.545063,6.002928,-20.038168,0
0.124681346,14.813288,5.221281,0
0.09288778,-21.013206,1.5762376,0
0.503686,-8.270263,18.600563,2
1.3281204,1.0882783,24.378895,0
-11.940809,-19.659323,10.9458475,0
-5.312255,8.805726,-22.503305,0
18.510977,9.70823,-4.973998,0
15.113667,0.07336272,13.642279,4
-20.665283,-12.552611,-8.709539,0
-14.001944,-3.7172008,10.449797,0
-8.308078,-0.79626644,-24.364912,0
-0.52785987,-4.1109962,24.572777,2
1.9729781,-20.64457,13.80597,0
-2.0538223,21.720903,-14.383248,0
-5.253298,-25.739202,-0.5399541,0
18.688143,4.432732,0.4361301,0
-14.305652,5.9468684,-18.588404,0
-18.683804,-15.007667,-9.188005,0
-0.044309914,25.452845,-12.263104,0
-2.6527128,-12.506976,-26.987617,10
-26.64212,-0.20351669,6.766506,0
-3.8476207,16.912033,-8.949305,0
4.7904344,15.611496,-12.5827265,0
-8.050596,6.235983,-20.669107,0
-3.4412756,17.70318,-9.708623,0
-2.069314,-6.5735993,-4.3478703,0
-18.57587,-10.154461,-1.329631,0
-18.77759,-14.842909,-9.229922,0
-8.308778,-13.693076,-11.520471,0
-14.573236,-3.4700212,7.6147237,0
-15.80148,-10.394783,-15.86053,10
-12.713379,-4.2107143,19.489515,0
7.940677,7.418077,-25.197657,2
-20.404808,6.979832,9.328838,0
-4.342128,13.507261,21.4767,0
7.6482215,-5.5720587,13.57825,0
-8.113464,-16.838522,-9.794259,0
-6.002278,-6.2325845,-20.491623,0
-7.0342274,1.723848,-1.2190909,0
-10.103674,-21.723248,11.386714,0
-1.6422751,-3.7354286,26.480183,2
-12.7791,6.0729156,21.144253,0
-10.884629,-27.65666,2.106194,0
5.444935,-25.968172,-5.931689,0
-9.491636,-22.276814,11.35467,0
14.293756,8.566429,-7.7977138,0
-4.7049294,-1.0574809,15.213296,2
2.7485805,-21.872332,-6.845757,0
10.572795,-9.569065,-13.819582,0
-14.8862505,4.1289916,-9.593321,0
14.866773,-17.479265,4.1895537,0
15.363469,9.469432,-5.178938,0
-6.5179787,-13.186402,12.036105,0
23.127861,-7.9335427,7.275356,4
4.240985,24.882086,9.356107,0
13.289491,-6.9506288,7.249352,0
4.839368,-25.041153,7.227542,0
20.732872,6.567461,-11.548021,0
-14.942397,0.07511339,-4.929936,0
7.540738,-3.2480037,-14.433656,0
13.039169,-2.8084066,-5.0810323,0
23.21101,16.086365,7.4434175,4
4.0305624,-13.903902,8.399287,0
-19.87948,-9.596858,3.4305842,0
-5.563048,0.8660441,2.3856091,0
19.188,6.3810787,-12.0648775,0
18.7,0.57708627,-10.783257,0
11.140713,-13.382974,-19.300953,0
-19.347015,-14.293721,-9.079974,1
15.65721,5.0979633,1.9635785,0
3.3640065,-12.715297,2.6876905,0
-0.96812814,-3.4914687,-13.171418,0
3.1770453,-12.025781,2.5549824,0
-9.07666,6.353077,15.271883,0
12.024499,-9.574221,-13.058404,0
11.652343,10.6190195,-1.2262161,6
8.110987,23.08839,10.39774,0
-15.6932335,-8.65345,-14.31354,10
11.740748,-7.752476,-10.304652,0
4.220388,-19.484386,16.292824,0
-7.741605,0.4493354,-23.098621,0
22.439753,4.6810107,-1.8156614,0
0.049904183,16.914795,-4.423339,0
-22.448301,0.98473424,-5.947368,0
11.099156,12.62625,-4.244587,0
-6.9920907,9.326458,-20.478395,0
3.8416288,-20.409355,13.3768635,0
-9.529552,0.4803844,-15.166599,0
5.4346747,-15.045076,3.4597929,0
-7.3716774,-24.009703,10.908965,0
-8.081643,6.5465393,-20.758228,0
10.921229,8.674769,-11.982202,3
-19.813469,-9.598648,3.4187243,0
13.137838,-2.788821,-4.92012,0
22.374517,14.152646,10.927027,4
14.034348,-17.577454,4.558575,0
13.01669,9.457803,3.7233458,0
0.49642357,10.203465,9.184291,0
5.314392,15.047013,-12.755249,0
0.15694684,18.724907,5.6675177,0
-0.6165685,11.136174,-12.965053,0
9.762078,-8.785984,2.411193,0
13.183693,9.387843,3.9321425,0
18.622734,2.7115097,-3.5007758,0
8.605871,-24.891186,7.0706387,0
16.589954,1.4740021,1.0142217,0
13.151519,1.0164685,6.2605844,0
-1.2572782,7.284643,-4.3828306,0
4.629342,-23.034763,11.297928,0
17.380455,5.0263863,1.0842397,0
-13.39855,16.057308,-0.8695909,0
-14.312934,5.941848,-18.892664,0
26.66378,-1.8462511,11.373222,4
-15.560189,-25.829725,-0.87540764,0
10.980359,6.280345,8.961138,0
-8.9711685,1.7595026,2.0666237,0
-2.6461453,-12.204401,-1.2321515,0
19.555851,-2.507608,19.599365,4
-3.4411,-6.0470505,-1.833226,0
-2.8002036,-19.582401,17.118866,0
1.0668111,-9.903851,11.745314,0
7.659837,2.9284132,-21.54184,2
23.772099,0.8505829,-3.8765252,0
-7.4234114,-21.073425,4.613975,0
-1.7264875,5.364004,-5.568051,0
4.085714,3.0921638,-9.612331,0
18.678925,-16.42539,16.933681,2
-4.2646937,17.067087,-7.645335,0
2.1349573,-12.011881,-23.9293,10
4.6221385,19.108643,1.4017811,0
19.241127,-1.687686,-8.621264,0
-21.911995,5.7918334,-5.340235,0
9.774392,2.009889,-20.522573,2
8.751665,-1.2664764,-2.4837365,0
5.8169556,-11.173629,-10.616843,0
19.941717,5.41362,-8.777622,0
-15.655925,19.181658,6.301374,0
8.144312,5.863606,11.224215,6
0.56968623,-18.614052,5.7262936,0
-5.506623,12.905202,16.779442,0
11.5635,-4.688966,-17.821735,0
-20.52178,12.243352,-3.9467955,0
-2.3854575,-17.240192,11.209005,0
-4.1709714,-2.3095272,-16.497402,0
-7.9018254,-3.912345,-19.279902,0
-6.2435126,-5.519115,-20.450106,0
-8.3902445,7.447873,13.820306,0
7.867917,-6.1794915,12.795821,0
14.070933,9.198775,-9.895676,0
-4.8658323,2.341511,-13.494198,0
16.028069,8.113241,-10.536192,0
-12.269615,5.6820955,19.156977,0
-7.2296424,-5.8043776,-19.25623,0
-10.478496,11.2777405,4.243409,0
0.3238023,22.325384,8.429642,0
-9.040415,11.1907625,3.4246972,0
15.41413,-12.669717,12.942186,2
-6.301403,-2.0236254,10.35445,0
4.9434466,15.701783,-11.087617,0
14.880848,11.540697,-3.7585924,0
21.01994,-1.0553095,-8.255435,0
-3.706385,17.52484,-9.753704,0
-5.04175,-3.4715414,23.519424,0
4.6174655,-5.7062645,-2.0296211,0
-18.257904,1.0243912,17.470196,0
-14.312099,-16.663599,9.752688,0
-27.745054,-1.5521214,7.0742784,0
-6.1388497,-26.320429,0.77518123,0
4.269895,10.085871,19.289797,0
8.264814,4.153248,7.655162,0
6.146067,4.920703,1.2159141,7
-1.8272508,21.705137,-14.144957,0
8.138634,4.4176455,7.8789287,0
11.775781,-13.171979,-18.95149,0
-9.860001,10.8171215,5.5296187,0
13.129063,-5.9064865,-13.484296,0
11.388644,-5.326434,-9.55884,0
11.391321,-5.768823,-9.880262,0
-0.07321135,21.295397,-8.57247,0
-0.631064,-14.132407,-19.319191,10
-9.429318,0.7788696,-16.64191,0
-6.815349,-24.497572,10.532999,0
3.4606993,14.95336,-8.588454,0
3.2812376,1.0607185,-30.197697,2
-19.468113,4.705987,-2.4718564,0
16.738773,-14.2519245,12.280862,2
4.0360594,-1.5827395,23.547588,0
-21.67705,14.4282875,-3.3892236,0
22.479692,11.90103,11.573326,4
6.806141,-19.657463,-5.7683563,0
-2.058888,-17.792265,10.431545,0
13.904645,3.9331455,-10.271059,0
-8.312254,-13.702761,-11.514443,0
3.3430278,-26.035545,-5.6350484,0
-20.220356,-12.987684,-8.949353,0
18.049404,5.1875024,-12.31714,0
0.94708544,22.889252,8.715315,0
4.0286884,-13.930581,8.475986,0
-5.590248,-20.148447,-14.88494,0
-3.2351952,-12.934296,-26.415722,10
24.744324,11.151644,10.200359,4
-0.003500512,-1.858745,-15.712059,0
-17.943668,-15.218235,-9.603388,0
-10.918112,4.5020294,0.9914551,0
-26.039045,-8.441812,0.17107743,0
21.297852,12.354582,10.816186,4
-8.991122,-0.00019040232,-22.92407,0
0.9816566,-9.903446,11.737784,0
-9.4945545,2.0806754,0.6056105,0
-12.693739,5.1742396,20.7161,0
-15.683006,-25.948608,2.4440486,0
16.287811,2.5935311,16.523327,4
-1.5442785,-14.173409,-4.9522805,0
19.672052,0.1269028,-2.8627472,0
-13.037255,20.237198,7.268526,0
-7.284886,10.968518,13.065808,0
-15.330338,20.579046,4.597566,0
-7.5851393,7.971896,-4.9358187,0
-6.3721967,5.7212324,0.6426363,0
-11.008487,4.5315824,1.1734723,0
-1.0159507,19.846106,7.4298234,0
-6.832722,-24.496706,10.507123,0
-0.4383265,22.822363,-11.4346,0
22.391218,11.660864,11.517799,4
5.2126184,4.1394114,15.761149,0
16.038204,1.5363934,13.559019,4
21.641441,6.9936266,-10.602467,0
0.5599898,9.978421,5.046342,0
10.961298,-13.449309,-19.426176,0
-8.0132265,6.3706827,-20.60805,0
15.495167,0.2882842,-3.7251973,0
-2.90774,-0.6710612,11.401626,0
-17.92976,-16.08834,-4.559909,0
16.072386,1.180232,12.916403,4
0.74049973,24.550976,-6.9808927,0
-0.96389014,-14.051863,-19.193478,10
-11.427183,5.3977885,17.757317,0
11.897301,11.330972,-3.8390763,0
14.340074,-11.76654,5.557732,0
3.4003382,-1.4386128,24.55134,0
-0.48987743,-16.650797,4.3841352,0
-2.5407243,17.77152,-5.976684,0
9.337252,3.5895107,-27.647612,2
14.903527,4.296896,1.1954557,0
25.514803,0.12598285,13.774977,4
7.7365866,8.506841,-24.165363,2
-12.771254,5.394792,13.987538,0
-12.688466,-18.737709,10.644747,0
5.0686173,8.660312,19.50358,0
-6.012332,-1.3103492,12.768158,0
1.0695807,-10.265132,5.8770933,0
-9.095823,16.7448,6.3893247,0
4.8503532,15.456968,-10.826382,0
0.30218685,11.393491,4.5905905,0
-18.187948,1.0065024,-6.798607,0
5.1312175,6.8920946,-13.293575,0
1.4264736,-2.1872554,-16.603125,0
8.29126,12.699711,7.0128975,0
12.172641,-11.877311,-1.9709666,4
22.654158,13.830182,9.474281,4
7.5710263,-5.662501,12.736767,0
-16.638853,0.29320973,-5.7421546,0
14.228541,9.931024,-7.0974927,0
-5.357912,-15.39634,10.127872,0
-9.862913,-16.216969,-14.910002,0
25.21743,7.309621,8.006755,4
-22.24745,-3.316764,9.79525,0
3.8397255,18.842768,-0.838212,0
2.650345,1.5401945,-0.38310304,0
6.881581,3.9130485,7.2511387,0
3.5118017,14.862258,-9.306199,0
-18.920658,-1.794163,0.5502548,0
-21.013113,13.584434,-2.9690514,0
-16.638515,-10.284611,-1.8294665,0
16.220366,4.0510387,5.2205515,0
-8.822274,-5.7465954,-20.329489,0
14.693713,-11.950755,-2.8246698,4
4.862677,-23.675728,-3.0738907,0
3.780838,-14.155811,8.423836,0
3.4752376,24.292994,11.084132,0
15.775768,1.1295414,17.11893,4
-13.090681,23.426071,0.90874296,0
-24.90069,-7.0238175,11.891749,0
-3.2545354,-4.150548,3.8900046,0
0.7652146,-20.651657,15.213895,0
-9.16011,7.795793,-3.924165,0
27.519596,-1.5452181,11.319429,4
5.8803406,0.29188812,-8.860098,0
7.594656,-7.382184,22.684736,0
7.277696,-5.0564885,12.610093,0
8.81068,-4.48122,-6.5816774,0
-10.7562065,-11.467676,15.353056,0
-5.9921727,0.1032148,-16.485012,0
2.8217185,9.298886,-0.94895583,0
16.725561,0.37459397,1.1545264,0
-6.761054,14.568313,14.243791,0
-0.9791981,-11.552273,-27.83908,10
12.540783,-6.440634,-6.3321986,0
5.2494082,4.4612246,13.608151,0
-2.8923793,-1.9320874,-11.644943,0
18.452187,2.1930497,-2.7073698,0
10.930104,-12.464032,-11.15308,0
9.09029,10.84723,16.908604,0
0.5346495,-13.185491,-20.728245,10
15.541612,-12.567751,13.280898,2
-17.519676,4.5380683,-2.513795,0
18.948586,-2.8824008,7.243862,4
-10.710546,-26.8694,-2.0542023,0
11.80708,13.860178,-5.538456,0
-5.233924,-1.1676465,17.164375,2
9.532073,-8.362523,17.573523,0
-11.724953,22.111288,7.119492,0
13.332541,-6.9498377,7.1509705,0
8.54504,24.230278,10.934703,0
-8.155212,-16.57961,-9.456936,0
8.6562805,-7.2494946,13.232623,0
-11.3756895,-5.656123,7.5482774,0
-6.0580525,0.8995154,1.2877233,0
-2.3852527,-17.240114,11.208862,0
-9.973176,1.286648,-16.100792,0
-10.604599,1.5245024,-14.424989,0
-7.662144,1.4222612,-22.49348,0
-8.280799,15.973373,5.935982,0
-20.21898,-12.988734,-8.950703,0
15.161346,-17.69621,4.117902,0
7.65144,-25.091148,-6.2838993,0
21.135967,2.53311,-9.926187,0
-1.7361687,-17.993456,0.016319415,0
3.010841,23.079775,9.375745,0
-11.84638,-19.921684,-0.7424761,0
-0.51905715,-16.576262,4.437067,0
-13.727052,-3.0811217,7.3937974,0
4.7884746,-19.162508,17.26409,0
-12.737715,-3.975678,9.614693,0
2.9718418,0.5523168,24.642975,0
9.0806875,-8.763865,22.93998,0
10.175282,6.5220356,-4.0422277,0
-6.148997,5.738034,0.9143609,0
18.658087,-16.216991,16.880344,2
-6.6284113,7.650001,-19.984903,0
16.85449,6.5073495,5.3192353,0
0.8779398,-8.96179,4.7109222,0
-13.841143,14.9907465,0.8830224,0
6.53203,-26.613016,13.018927,0
-8.877108,-6.855123,0.37891197,0
9.821721,-6.86566,14.178834,0
-22.411922,-10.035547,0.21267928,0
18.619164,9.286472,-4.763652,0
-5.1049128,-9.420022,6.4795933,0
-5.9512043,11.562402,-20.128922,0
-24.9149,-7.035733,11.898341,0
4.3754663,15.225176,-11.578283,0
-20.322926,10.188388,-9.055436,0
23.055428,1.0250624,-4.179985,0
23.307035,-8.744227,7.846085,4
19.409851,11.79917,-8.661833,0
-2.1190274,25.0939,-13.692912,0
3.2353473,-1.1156859,22.899063,0
-9.951454,5.6493077,18.393822,0
2.6387362,23.92755,9.510941,0
-7.061949,10.923916,13.400027,0
6.784498,17.390434,7.1661053,0
-21.366266,0.7224252,-3.4367647,0
-6.9601016,16.753845,3.0248775,0
-8.154658,-16.58314,-9.458301,0
-15.600853,6.370261,-19.249296,0
23.149996,4.877209,-4.954364,0
-1.1304791,17.858847,6.876493,0
16.105227,-0.81906086,-3.0990803,0
7.422032,15.067537,5.848223,0
-15.80148,-10.394783,-15.86053,10
1.4789822,-1.9690983,-16.81401,0
18.953459,11.359055,-9.523398,0
-13.956992,23.021925,1.8120704,0
3.9636981,-18.46212,18.026312,0
-15.80148,-10.394783,-15.86053,10
-16.078789,4.4724355,19.081858,0
-5.1383033,-10.41077,7.66047,0
-13.929897,14.420612,6.241759,0
21.25693,-2.4634488,-7.004215,0
-18.3872,1.1416339,16.748463,0
-11.235342,-26.999474,-1.6970807,0
-12.180516,-26.544773,-2.3790662,0
6.799853,-3.4904249,13.407195,0
-2.113686,-6.3948283,25.503147,2
-21.060223,-10.202124,-0.25684574,0
-24.96437,-7.0530195,11.935332,0
-7.0302825,14.51643,13.810776,0
-7.126514,-26.794792,3.7918189,0
17.589478,-4.314545,-11.123186,0
-6.3470755,0.5369217,-16.851482,0
9.55859,7.2352247,-4.883797,0
11.708253,-9.458901,-1.5382553,0
10.87532,-11.979724,-10.804726,0
4.8692045,-0.31471467,2.907833,1
9.129487,11.196023,17.40561,0
-15.522944,-0.51307553,-4.054524,0
0.3919207,-9.518437,17.472971,2
1.712994,11.267453,5.85403,0
-11.950406,-27.17131,-1.02055,0
-2.6531024,4.664472,-19.351088,0
11.290178,-5.577431,-17.102457,0
-0.118321724,23.931366,-14.155667,0
-10.562968,4.0116067,-24.6005,0
-5.9950376,5.7824335,2.1450315,0
5.405465,-26.464884,-5.6740856,0
0.8572864,9.122601,5.1611824,0
-7.329754,9.198564,13.039629,0
-5.9319887,-12.105137,9.773898,0
-2.6866763,23.536081,-12.915894,0
10.107353,3.4890912,-20.695189,2
-12.665242,21.520748,6.565354,0
-4.848971,0.9633942,1.3663741,0
16.097918,8.470237,3.9555485,0
15.016853,2.355158,16.210756,4
-14.756132,3.194767,-8.483883,0
-14.144402,14.298996,6.272549,0
17.632967,-7.56973,-11.409624,0
24.665361,4.4765034,7.634015,4
-9.997003,-9.046392,-11.772642,10
0.40073243,-9.644851,17.275549,2
-25.27262,-7.2931113,12.219506,0
0.5717736,-13.156836,-20.81427,10
-27.266253,-12.665741,3.5357628,0
-10.428436,-14.50987,-14.529827,10
8.920116,4.524548,-28.185417,2
1.3936052,-10.661632,-27.748392,10
7.221569,15.407181,5.845863,0
1.5289141,-2.0987713,-16.75073,0
21.226025,11.071628,-8.538081,0
3.6272678,-1.4806726,24.34399,0
-12.119295,21.866442,7.12483,0
14.990596,6.852493,-8.680038,0
6.368887,5.927694,-13.067542,0
-7.4493394,8.653381,20.550959,0
12.474062,-14.086306,-1.9183265,4
-3.3998804,-2.232926,-10.642736,0
-7.746895,6.6309786,14.096825,0
23.634905,5.268009,8.794213,4
-4.79567,11.098224,-20.003948,0
-0.91939723,-5.246673,24.283926,2
-0.631064,-14.132407,-19.319191,10
-18.944355,-1.7693049,0.57796156,0
-11.674666,7.289402,11.039634,0
-5.9934206,11.558593,-21.049494,0
9.769226,7.554171,-3.4792953,0
-1.6298091,5.83017,-4.924007,0
-18.391367,0.07975449,-6.463725,0
-10.388328,-26.717274,-2.2241356,0
28.447529,-1.2412357,11.862177,4
2.836577,0.2621598,6.341798,0
25.484451,-2.0539522,14.544994,4
-3.9782202,-7.187007,-2.0039136,0
3.1692076,-18.013649,18.100044,4
-20.389133,7.96787,8.474579,0
-21.18843,-8.071264,11.07632,0
-14.479224,3.7758663,-9.118556,0
6.767966,-3.4380846,13.5526,0
19.046814,0.2965212,-7.8834443,0
-6.210642,5.8249154,2.1707587,0
-2.3853986,-17.239857,11.209193,0
-25.225327,-8.401965,-3.975673,0
3.826484,24.356306,11.461218,0
12.282083,-3.8933651,-4.4614353,0
-12.64051,13.981606,-0.067809105,0
-21.188354,-8.071478,11.076279,0
-14.905439,-7.35055,-12.855411,10
-15.203277,-12.973045,-19.15819,10
11.357372,-5.570879,-17.098183,0
10.600253,-10.691648,-9.301832,0
-7.1990085,-2.572817,-22.986683,0
0.9377595,9.93113,5.199973,0
-12.755972,-17.946402,-2.7286139,0
-0.4530844,-16.705294,4.3388042,0
-14.6502075,17.417982,6.3639674,0
-16.272856,4.6301656,19.446775,0
14.561301,-0.13043915,-11.813266,3
-5.5231285,-15.274704,10.016262,0
12.390679,9.680914,2.1905003,0
24.055761,-8.669603,5.6920524,4
15.59977,8.86866,1.9854505,0
13.198746,14.183385,-4.6291237,0
16.894701,3.0161908,0.38544202,0
-6.216185,-12.726887,10.169503,0
-9.362518,-8.149287,1.8880361,0
23.905619,5.1682215,8.720111,4
-5.267111,-1.1787739,17.263803,2
1.7981937,18.383402,13.547244,0
15.598942,-5.5579877,-11.316784,0
4.499549,23.737577,5.992546,0
1.3117297,0.96849495,27.120548,0
19.350582,-3.4802148,-10.426948,0
20.56306,-12.497389,15.163223,2
15.499602,6.4989543,4.552935,0
13.677657,10.9611225,-7.254888,0
-15.492647,15.095092,6.7634974,0
14.225018,0.9933861,15.27616,4
6.7342677,-19.624678,-5.7347755,0
7.7262177,5.89291,-12.961388,0
9.377417,6.834576,-12.391376,0
17.585428,-4.649954,-10.833322,0
-12.370288,6.7636633,11.174129,0
19.055416,5.44676,-4.5157003,0
17.23657,-6.5303097,-13.239076,0
4.865335,-25.040405,7.216819,0
6.229927,24.74645,8.920471,0
-10.824801,6.4055266,12.714591,0
-12.420123,-1.2471696,9.702959,0
-8.877494,-6.8554974,0.37881097,0
-8.722403,-24.03296,7.829952,0
-9.159928,10.685963,6.146938,0
-25.683815,-8.052204,12.762989,0
4.933051,1.2208128,1.491317,0
-7.8923388,-27.011501,1.3901446,0
9.13395,11.179287,17.418922,0
-6.1894374,9.388943,15.571348,0
-6.2720904,1.667641,-1.5474652,0
-18.858875,3.7884543,-0.84950024,0
-9.362515,-8.149291,1.8880372,0
-13.573946,-27.120047,1.1201556,0
-10.236921,-3.9370947,20.516743,3
11.667101,-4.726763,-17.949486,0
-3.1260781,-1.5224534,-10.96961,0
-12.80316,14.467279,-10.947844,0
0.021781983,-8.632178,19.476536,2
-4.2690034,13.588574,22.196619,0
-26.211245,-8.205285,-1.2052797,0
17.096207,-8.556959,-3.8597143,0
-27.314037,-11.650051,2.9201443,0
25.974533,4.686266,7.140413,4
27.419596,-1.7007928,11.743986,4
-18.956985,-0.37970155,-4.4754653,0
15.387386,-17.276608,3.9086597,0
-1.2396636,-11.677878,-27.762312,10
-15.096311,0.29114076,-4.7653246,0
-8.152278,-4.238783,-19.044668,0
-0.88242555,-5.443561,24.07543,2
3.078402,-20.805735,13.0144615,0
-27.70787,-1.2101918,7.29594,0
2.7463775,-21.873161,-6.8468924,0
8.871392,-1.5303773,-12.50301,0
-3.2496681,-0.6247589,11.508024,0
20.430433,6.751871,-0.17645863,0
-1.2084897,-16.693413,1.8350441,0
21.401213,10.596257,-7.6060944,0
19.957138,0.30806875,-0.111413255,0
-16.190273,6.5728207,-19.641571,0
4.8756223,2.596513,-27.467752,2
-6.430139,8.310605,-21.296005,0
-15.55215,4.454311,-10.118716,0
11.64867,0.19845214,-1.475447,0
-16.864323,0.5407735,-2.4510038,0
15.413738,9.564921,-5.292295,0
-14.890337,4.5880575,14.123613,0
1.1093714,-12.715134,-22.151644,10
12.343486,-17.684843,5.425866,0
-8.971683,5.8457036,17.361036,0
12.295208,1.999675,6.604025,0
-17.29279,4.451444,-2.4342813,0
5.4586496,-26.086636,-5.8665447,0
-12.345101,15.666783,-1.5710293,0
13.305052,-6.946949,7.201405,0
2.5671885,1.1369058,28.49322,0
15.327065,-17.692114,4.043743,0
-1.2918837,9.313729,-13.520887,0
2.3989725,9.702559,-0.9133385,0
-15.590112,-25.956837,2.766654,0
-22.238298,-3.339991,9.780586,0
-4.5688624,0.096349075,-16.973648,0
-10.542816,-6.288334,6.0615582,0
-7.3776016,8.635161,20.415522,0
-6.344671,-20.09466,-14.85553,0
-9.010412,-8.10051,3.7507179,0
10.607191,-11.682006,-9.664205,0
3.5920486,9.703434,20.074768,0
15.921168,-3.4732223,-10.723653,0
12.344419,-17.70207,5.4004974,0
15.368871,-12.548429,13.023144,2
5.8992743,2.2881415,-6.1296167,0
-5.994164,-20.078897,-14.933016,0
-0.12323863,-8.477691,19.998987,2
19.948528,10.988074,-6.923156,0
-1.4215127,-17.162392,1.0363188,0
-13.427882,16.968094,-1.2441509,0
-1.3116753,9.294977,-12.37375,0
-4.6258516,-1.6817719,-17.190714,0
0.014328399,13.384592,-5.1981106,0
-1.2396636,-11.677878,-27.762312,10
-23.22206,-12.916062,3.4390278,0
1.9854741,10.207132,5.925005,0
-26.10249,-8.396789,-0.054074287,0
9.13689,-2.8926578,14.888555,0
-2.6517599,3.710552,-17.861734,0
14.193217,4.1729846,0.94816,0
3.4134052,1.4766346,23.90893,0
-4.1518874,-7.1606236,-1.8355123,0
-3.453814,-0.58039325,11.727684,0
2.3981075,14.243864,-7.011544,0
9.435159,-9.054911,-0.2585013,0
24.557533,-8.221661,6.6054835,4
-0.44686764,20.401962,7.4361644,0
-9.807555,2.3091557,0.65652263,0
-2.6731863,17.979174,-9.282916,0
8.959169,-25.237062,8.092286,0
13.665803,-7.041853,-5.7894993,0
0.5341651,13.510841,-5.0077786,0
2.5304573,2.8537266,-27.28875,2
-22.65842,1.2270398,-5.9491897,0
-19.692228,-10.20704,-0.9474617,0
25.424192,-8.532096,5.27136,4
-15.505111,-15.524059,-3.0789516,0
-15.352201,20.23237,4.840191,0
-7.7144957,-23.741152,10.991888,0
13.293042,-6.995642,7.175633,0
17.922773,0.30870348,-6.44128,0
-13.372139,14.873234,-10.910361,0
-19.491789,10.986556,6.395504,0
-9.919514,-27.560982,1.1569327,0
4.405826,5.628439,-14.452737,0
5.2451,24.804882,9.301291,0
4.4609942,2.7317288,-1.0030968,0
-14.834165,0.6171728,-6.086433,0
-4.2594156,-7.045469,11.680484,0
-11.801112,-4.1641703,20.467487,0
15.312413,2.5394375,-11.3035145,0
15.0014715,12.264088,-0.74169993,6
-2.6418166,-12.220203,-1.2391417,0
-15.380191,-12.447594,-18.392488,10
-5.886172,11.441301,-20.060104,0
18.945995,-3.5458798,8.487723,4
-16.791336,-9.978865,0.027255699,0
-17.781908,12.083128,-10.0957985,0
-14.752389,-0.566702,-7.0809717,0
-23.086834,3.3452356,-0.855865,0
0.9936154,-20.65846,14.797312,0
-7.3828845,7.0340204,-19.487175,0
-2.8888123,-19.810196,16.61049,0
14.124172,-13.678636,-10.867805,0
0.7391593,-9.045707,17.116621,2
5.6530533,-4.437657,16.291386,0
2.541657,22.894863,9.097369,0
10.218314,3.6502764,-20.398855,2
-0.5964713,-6.943751,22.356083,2
-0.38570243,17.871304,-4.8578196,0
-1.9183134,18.270477,-8.124705,0
-9.105938,5.8308773,17.64058,0
-1.8425415,20.24768,-11.551792,0
-10.617593,13.853444,5.183036,0
-2.8042767,16.982758,-8.617621,0
-26.173946,-8.170708,-1.4082882,0
-22.34196,2.1688921,-5.243643,0
10.956367,6.4162884,-5.2711225,0
1.0028372,0.8773963,23.80581,0
24.988495,-8.518221,4.9522567,4
-11.504656,-5.4181743,7.877379,0
18.930084,-2.7423434,20.592905,4
-7.3898616,-0.5583424,-6.158887,0
-6.1751447,0.9437199,0.75203604,0
7.1488433,5.9038587,-13.172433,0
-1.0457063,-4.761778,24.833685,2
14.993158,6.7167335,-8.734711,0
23.811583,5.428635,9.023293,4
3.2478738,-14.57677,8.431541,0
8.277917,6.3256054,-23.912714,2
15.83735,8.854694,1.5580899,0
4.9450235,18.473755,1.5781107,0
-10.69375,18.056402,7.4166746,0
-25.642603,-8.004188,12.982457,0
5.3667827,-10.178693,-26.14646,10
19.009163,2.152745,-3.2523057,0
11.921475,-6.058726,-2.0112643,0
-4.6642427,-3.8989544,24.164173,0
-9.083376,5.205511,-19.198895,0
-0.48631996,20.430614,7.5324626,0
-9.095083,-23.686184,7.021681,0
-7.383521,-18.220703,-17.40797,0
6.465816,6.960137,-12.243242,0
-16.972057,-13.668782,10.08025,0
-9.106485,-12.438956,19.076187,0
-20.864399,3.458119,-7.7115073,0
-0.4600392,-16.718746,4.330885,0
18.612087,-3.1241403,19.755812,4
19.00551,-15.654199,16.631935,2
-19.515963,10.61915,-9.362271,0
-13.791745,9.0856495,-8.673054,0
1.1401737,-19.285753,3.823721,0
-26.637917,0.90979487,9.300941,0
-5.7453322,10.881127,20.287865,0
-1.177008,8.313589,-12.384192,0
22.806791,14.852612,10.137965,4
0.005012458,-21.157078,1.4805971,0
-2.2745008,-14.758609,-4.677909,0
-14.95998,4.9057946,18.232145,0
-21.261145,4.917205,-7.9142995,0
-1.3882886,-6.350398,0.4979185,0
3.8153286,-16.70408,-3.4605799,0
-14.878892,18.83268,6.152563,0
12.486563,-7.64505,-1.1770155,0
5.6544113,16.423244,-11.639037,0
-16.858665,-16.71826,-8.491194,0
-14.301904,-16.639952,9.861766,0
-7.582771,-11.648987,16.287344,0
15.90586,7.961105,-10.352948,0
16.021738,0.8263397,-3.5929408,0
-3.489851,21.345774,-10.989888,0
7.150996,-0.47456184,7.9150043,4
-10.240224,-3.9375093,20.516535,3
13.269901,-9.494972,-11.727985,0
18.653286,4.3516927,-0.106807224,0
25.647219,11.1782255,7.899628,4
-7.383549,0.33661222,-15.447933,0
-2.2254307,20.260303,-12.144809,0
14.671653,4.382193,18.45604,4
-0.050701153,-1.243734,26.908321,4
9.325373,6.3274045,-12.673693,0
-8.93831,-12.4358835,19.055117,0
19.067055,6.461555,-11.9046135,0
19.038887,-3.3908339,7.070015,4
-11.718532,15.3588915,6.5529127,0
-2.334745,18.726702,-10.399153,0
-1.3699679,20.631634,-11.316699,0
8.648341,-7.7479444,-1.9073166,0
-18.74004,1.050541,17.348528,0
-6.6265893,13.815097,14.375321,0
-18.44939,-15.254071,-9.189619,0
-20.189972,2.2621906,-6.62021,0
4.382752,-15.391251,-1.6359264,0
0.70865554,13.768934,-4.826606,0
-7.9988484,0.4030273,-14.145803,0
16.47811,13.787749,-5.1139827,0
20.153776,-5.3478265,15.758462,4
11.956901,10.665047,-1.4702922,5
-13.729063,-17.372341,10.113241,0
8.193331,-2.2748654,0.35881987,0
-14.618951,1.7578547,-6.9717426,0
-7.3937116,-24.098732,10.716405,0
4.308212,-15.309973,2.7899067,0
13.521011,9.467702,1.547908,0
-3.1051376,0.34379447,-16.289005,0
-0.2643581,21.579033,7.4871607,0
7.816078,8.766126,-23.460646,2
-14.234599,22.861637,2.1696107,0
10.8824625,6.1833315,8.271765,0
15.027375,4.408424,18.541674,4
12.009171,-9.431276,-1.6342175,0
0.0047647967,-21.13239,1.5098728,0
2.7174773,-20.690517,13.260354,0
17.862494,12.408172,-5.9264865,0
6.5928683,-2.5196948,13.430679,0
2.8857446,24.077227,10.135782,0
-12.0545025,21.545443,7.5530086,0
-7.177123,1.4193729,-0.28279117,0
-8.539416,-24.16734,7.9591846,0
8.519676,-2.5254343,0.7515041,0
20.459698,-1.2209032,-0.39791438,0
0.8591503,-19.92895,2.2862742,0
9.827291,-6.8490205,14.186783,0
1.1889008,21.547863,-5.0590444,0
0.25070637,-18.666084,5.0012445,0
-11.330114,5.6360354,18.964792,0
-1.2376322,-4.239272,25.50093,2
-18.016235,-2.2327003,-0.74049324,0
-13.3562975,-27.20894,1.5013353,0
-25.01925,-1.8792255,7.86512,0
8.634369,-2.4764678,0.7453894,0
-1.2428365,7.820214,-3.3196409,0
-9.144108,3.3061805,-1.330679,0
4.640461,15.470396,-12.655964,0
16.677326,0.39121872,1.1099348,0
-16.143476,4.5584335,-9.919423,0
-14.733793,-26.255873,-0.80023545,0
9.129725,11.19454,17.406673,0
-6.3229322,-2.0004566,10.428083,0
23.287394,15.982188,7.454642,4
1.1632879,-1.1356004,-17.239914,0
-12.656054,-19.672695,2.1992617,0
-21.70471,-8.728345,5.0454273,0
13.889961,6.851808,-6.5287704,0
12.452954,-9.0123005,-13.43952,0
-0.5801961,11.080873,8.994693,0
-8.154658,-16.58314,-9.458301,0
-25.64132,-8.243475,-3.1055832,0
5.43795,-26.42312,-5.6913166,0
-13.967608,-7.22507,5.514056,0
-1.2354419,-4.239816,25.496681,2
19.568897,9.117149,-5.743662,0
-11.467176,23.800669,-0.40637082,0
5.0818825,-3.6965148,-2.3905966,0
-6.337629,19.144712,1.4787186,0
0.499031,4.441296,7.0831637,4
-2.3129637,-4.4455013,27.088985,2
4.0975537,3.8805544,-26.761333,2
-6.354589,-1.5275674,12.894566,0
-9.44731,-27.46891,1.5767058,0
-0.30302626,13.788333,-5.2134414,0
-7.025773,20.653107,1.5775857,0
7.500249,3.0331354,-21.525795,2
-14.056257,-3.6404848,10.522373,0
22.618727,13.959632,9.847519,4
22.752565,-7.6076226,15.663129,4
-0.06781647,-19.488861,4.022202,0
27.376194,-1.8487105,12.307322,4
9.256632,-10.697656,21.872028,12
-0.62480205,11.123724,-12.96845,0
23.649427,4.1931124,-3.1197195,0
-8.306046,-17.719944,-17.597004,0
17.27504,5.3678293,1.2737778,0
17.388588,-11.264975,-7.762073,0
-12.831764,5.9443603,20.996883,0
-7.799879,-6.217466,-0.8152228,0
-15.6932335,-8.65345,-14.31354,10
-6.357286,-2.6624024,10.414336,0
-9.535666,-17.16042,-14.953066,0
-21.126186,5.3301387,-4.658381,0
3.0023422,8.954197,14.925012,0
-5.78943,-2.1024344,9.529732,0
14.102105,-13.680816,-10.876679,0
6.4680285,-23.54507,-7.7006145,0
-3.629629,-9.802277,7.5703726,0
10.574214,-9.575481,-13.903077,0
-10.320287,6.940716,20.972614,0
3.2800083,1.0646249,-30.200844,2
1.8524097,0.22034852,-28.659666,2
-14.885813,4.864955,17.802103,0
16.473461,-8.904333,-4.353144,0
-8.09407,8.758643,-18.203543,0
-6.530629,-20.100935,-14.833118,0
-0.0032509363,-21.130503,1.5324467,0
14.271406,-11.639109,5.693357,0
-7.7546196,22.918453,-1.8856378,0
-1.4032295,-17.10961,1.1035888,0
1.8229645,-9.111132,5.209888,0
1.3766549,-9.26067,6.738513,0
-18.16653,-9.790888,3.133435,0
-9.19828,-6.866754,17.203526,0
8.529205,-2.1741772,14.779696,0
3.3441267,-26.039583,-5.6348233,0
-15.641736,0.520833,-4.069928,0
9.566024,4.1866217,-19.440762,0
-12.311234,-6.376578,10.859057,0
-7.405056,-21.125788,4.5495186,0
-4.571566,-1.0863899,14.908092,2
-8.003752,22.464262,-0.88844657,0
-1.1076767,10.072971,-11.01394,0
5.6440916,-4.358895,16.249077,0
5.647877,-4.394858,16.26968,0
6.1274905,4.9009957,1.2156411,7
-13.064515,22.608046,3.899459,0
-3.4322968,-6.042809,-1.8404241,0
6.711111,16.124697,5.84476,0
3.0028856,-10.248539,-27.231588,10
19.271215,-11.099744,-6.3260145,11
3.814757,14.812853,-11.499265,0
-4.4696884,-7.3524165,11.616022,0
8.462327,10.267273,12.704292,0
-4.9281163,5.3986926,1.1792786,0
23.244652,8.287419,-7.3345885,0
-3.5431848,16.371954,-7.744045,0
5.40784,-26.00478,-5.913107,0
-6.7885556,-11.348339,-12.694131,10
-16.026049,4.827089,19.85022,0
-15.6183405,-25.72602,3.8738344,0
2.9197533,22.182112,4.7528825,0
-16.777946,-25.302124,0.13068664,0
4.9563203,-19.151823,17.54899,0
23.536713,-1.3979537,-1.5280796,0
15.597979,-13.623995,-10.252106,0
21.700745,-2.1876493,-7.2233577,0
0.18108869,17.293098,9.852391,0
4.945716,4.405568,13.216626,0
0.7839058,16.298244,-4.09564,0
-9.122822,-12.450008,19.083693,0
20.015036,5.4850173,-8.1010065,0
-1.5998174,-9.380434,-4.195782,0
-1.4277782,24.690384,-11.486167,0
-7.1943426,21.320915,0.32963806,0
-17.749487,12.191224,-9.922143,0
24.58673,11.047724,10.412421,4
-11.579886,7.74881,10.737832,0
3.1813745,8.889408,-0.87459373,0
18.552908,-16.371069,16.969679,2
-20.60278,7.3098674,8.95993,0
-1.2679365,8.990891,-13.743508,0
-21.331764,-11.044895,3.8664258,0
11.620462,13.732043,-7.7977114,0
0.7384034,14.187781,-4.6434917,0
-15.779167,-0.33405444,-4.755193,0
25.102621,-2.1006372,14.7574,4
-17.97208,-10.136702,-1.5172797,0
-9.377101,-11.277822,16.137074,0
11.682196,-12.040016,-1.9245887,4
3.8779066,7.014627,14.539192,0
6.072951,-9.002527,-9.529114,0
5.490161,24.813246,9.747921,0
-18.498003,1.702557,-6.880456,0
16.818327,-17.784235,3.3999925,0
-14.501983,6.021563,-18.12314,0
-11.4008665,23.32395,1.3883004,0
-8.166467,8.760983,-18.532207,0
-7.234264,8.344214,-18.527615,0
-17.701532,-8.718389,-3.710994,0
1.3991334,23.611801,-7.0129476,0
8.804971,12.239131,7.8088326,0
-8.01204,8.250011,-17.848219,0
-5.2823954,-9.238635,6.474566,0
-14.906059,-7.348632,-12.856346,10
19.959782,9.793737,-6.090898,0
-6.1303263,-1.6228375,19.40955,2
17.350113,3.1613944,-9.834844,0
-11.873526,12.222531,6.073072,0
-13.722824,4.0782423,-11.109281,0
17.18421,13.106246,-5.4626646,0
-7.983622,23.093815,-1.8547958,0
18.713818,-2.5777245,16.856083,4
4.991612,4.4460864,13.23321,0
-11.694105,26.256634,-5.572871,0
-7.7101226,-12.397064,17.594156,0
-6.273747,0.45866185,-16.223848,0
9.239999,-8.5019455,23.090593,0
18.609934,2.9945908,-2.7263868,0
-5.9721227,-1.0706824,19.775225,2
-2.0290627,17.53511,-5.495445,0
3.1002784,8.954544,14.847922,0
-24.875835,-1.9310359,7.929664,0
-17.587093,-1.8094559,-1.0167593,0
-7.598297,-12.363982,17.609346,0
20.39735,6.690567,-0.24846308,0
-10.847369,-27.672302,1.9695698,0
8.761795,-25.069021,7.5516624,0
9.567894,0.037013996,-12.490982,0
4.7452335,0.7162296,21.195288,0
9.912669,-8.48841,-3.6022887,0
-6.801469,12.418737,-19.115768,0
-1.400868,15.781803,-5.6607533,0
-11.900814,17.13229,7.2099752,0
1.4509591,22.835346,6.7134275,0
-9.252056,-2.3380213,19.161364,3
18.740856,1.9360476,-10.2015295,0
3.163388,2.4561317,-8.766427,0
4.018095,1.8835102,-7.925141,0
6.5227456,-8.89393,-9.446283,0
23.784332,0.3371036,-3.6273403,0
-3.3113792,-3.1649585,5.9489865,0
6.1530046,4.9287167,1.2186893,7
-14.034457,4.929853,17.27027,0
-22.637184,-9.564053,12.228436,0
-17.346432,10.621641,-9.286211,0
10.76482,3.298853,-21.39508,2
-0.5304919,18.49291,-5.1917577,0
-1.5118471,-11.818998,-27.655497,10
-23.18965,5.514219,-6.9734282,0
-23.108667,5.932727,-6.726738,0
-0.6663325,20.752298,-9.247526,0
-15.260323,5.109976,12.281609,0
-4.4326625,13.397148,20.767105,0
18.93418,-3.3079515,16.465622,4
14.147266,-13.669023,-10.857212,0
-11.968703,3.1600327,-13.305491,0
-27.288935,-12.49013,3.4293287,0
-1.436304,21.81787,-12.741326,0
18.396723,-15.915899,16.964178,2
7.9141965,9.113102,-23.580227,2
-13.425292,-18.647236,8.425743,0
-2.0342,11.255683,-9.174652,0
11.015263,2.2664661,-26.454628,2
-14.23147,22.872696,2.1619399,0
-22.56481,-9.52492,12.179237,0
-12.922431,6.2540927,11.517252,0
4.9771085,14.67271,6.0406084,0
-9.799802,-3.9262855,19.340488,0
-17.588898,-10.083783,-1.4151027,0
12.6576605,-3.2915397,-4.678613,0
22.36716,-0.167098,0.4276041,0
21.201984,-0.769164,-1.4217566,0
-0.25570843,-7.5072556,21.120092,2
1.6314199,10.830124,-2.2305117,0
-3.4337215,17.206593,-6.6198754,0
-9.123772,-9.752152,-11.937008,10
-6.791759,1.0907607,1.8366258,0
-8.098078,7.364647,13.79641,0
0.50929564,4.3757067,7.1742034,4
-10.557599,-27.654612,1.8602908,0
-13.7106,14.647643,0.9691994,0
8.838355,-2.149538,-11.77878,0
8.213067,7.799498,-22.557716,2
8.843881,-9.001516,19.132465,6
1.7467155,-0.17288901,-28.870344,2
20.196543,2.6947763,-3.5938091,0
-6.344035,10.146699,21.25025,0
-24.63612,-8.735484,-4.8622155,0
-7.8665814,16.57343,5.1797166,0
-16.681633,-10.226749,-1.6255572,0
20.225458,0.078368194,-1.1185236,0
-23.04293,4.0155034,-1.3243275,0
-6.2223663,-25.074686,9.940786,0
18.552778,-3.371293,8.656974,4
-10.725459,-27.484888,3.122362,0
12.156635,-9.738723,-13.049738,0
2.5030904,1.597677,28.694597,0
-15.41075,-16.097477,-4.040795,0
17.154907,-8.643738,-6.128696,0
17.514956,-11.284077,-7.465218,0
10.518076,7.6156135,-12.573401,3
-10.313943,23.204317,0.41270185,0
4.453362,-2.7452974,-2.5386927,0
-14.71382,23.446383,1.3845022,0
19.381178,3.8632762,-11.304069,0
15.860172,8.693788,3.1497593,0
-11.157265,-10.750452,17.053028,0
-9.745755,-9.235649,-11.777845,10
4.465819,10.511773,18.891033,0
3.8668945,2.2300892,-11.551743,0
-1.8962405,-3.6015692,26.981226,2
-10.240224,-3.9375093,20.516535,3
14.759226,-5.9690967,-1.8378874,0
-9.613034,2.8754654,-0.4270025,0
-5.1539245,-1.139662,16.915936,2
14.245943,11.9356575,-3.9175305,0
24.151297,6.682046,-4.7009645,0
-1.046256,21.262129,-6.3162174,0
-7.5356054,-26.899628,3.9085824,0
19.90332,-2.261533,-7.8718853,0
1.6854694,-9.42397,5.8907886,0
5.5236096,-26.226461,11.022984,0
13.460366,-6.892628,-11.648175,0
-1.7798983,-18.104588,-0.107022285,0
3.9569573,24.05167,7.193487,0
0.008215158,-21.133604,1.4989107,0
10.509697,-7.412414,-10.141574,0
-1.7051377,5.42903,-5.85172,0
-17.165295,-25.089369,1.7321188,0
-20.520365,-12.563125,-8.879358,0
-24.370394,-8.936334,-5.450115,0
19.6725,4.844182,-6.7358274,0
-4.4440618,-1.1229223,14.700108,2
9.1358,11.170422,17.425499,0
11.749126,0.16759306,-1.2500815,0
-6.072817,8.060236,-21.52738,0
10.637375,-10.518585,-9.505735,0
3.6679113,-10.1514225,-26.886461,10
11.226113,8.27615,-11.432911,3
-6.907646,7.8962383,-19.603691,0
-13.372631,22.711248,3.4729247,0
10.907059,2.249457,-26.351685,2
-10.144357,4.087528,-0.5831679,0
-15.721914,-10.99844,-16.466785,10
-23.121202,8.522653,5.149974,0
-23.574327,-9.493336,-6.1148725,0
0.3214141,20.522276,-6.3553276,0
3.5873778,23.756905,3.605999,0
3.6105204,8.865802,-1.6479483,0
-3.2927024,19.377918,-12.367847,0
-15.552745,-11.84608,-17.503609,10
-4.1172085,-14.179729,-23.732399,10
12.683398,-9.919546,-16.512777,0
-18.391787,0.60818505,-6.4751773,0
22.450523,4.753162,-1.718443,0
4.9417233,0.054506633,2.6377091,1
20.130253,10.190684,-6.662379,0
-6.75338,11.994671,13.978973,0
21.198463,15.66203,6.931416,4
25.860899,-2.0341914,15.253189,4
-4.6441736,-3.9257648,24.201803,0
3.108282,0.47505578,22.711664,0
-13.750292,4.1393895,-11.128287,0
-8.456331,6.49168,-18.957922,0
12.920141,11.464203,-9.201685,0
2.4633086,-14.669633,-2.7680497,0
3.8567853,-10.142903,-26.786318,10
-5.4695234,-15.303801,10.051823,0
-9.539333,8.741329,13.867329,0
6.940498,16.515,6.5254407,0
-6.7423124,6.5429544,1.7264448,0
-12.326104,-6.3687143,10.863997,0
-7.1748943,21.100168,1.1923809,0
-13.442797,12.868278,-10.10932,0
7.3180647,-23.874184,-6.6323657,0
1.1195558,-10.747461,-27.810228,10
-3.4100022,-20.675371,16.486223,0
-4.7650766,12.690386,21.114752,0
-11.49871,21.66771,4.8772826,0
-4.6302114,12.961173,21.080029,0
-2.6618328,-4.4756584,11.597646,4
-18.181005,-1.6761973,-2.2374852,0
19.970854,5.7172055,-8.218275,0
-12.669477,5.419945,-19.416725,0
-8.958445,5.735474,16.697712,0
-8.775101,1.5709692,0.6236028,0
4.9354877,8.902704,19.402569,0
-5.936002,-25.395676,9.487928,0
23.877838,3.8151069,-3.4188526,0
-3.2468889,-2.3623888,-10.530368,0
-19.141142,-0.2766567,-3.509354,0
-3.736904,-2.2424684,-16.310408,0
-14.652184,4.829866,17.340439,0
3.051592,-20.793407,13.032833,0
19.43786,-3.9772122,7.992433,4
15.908464,-17.702225,3.7851183,0
22.327461,9.157822,-7.438758,0
-14.200269,-16.782331,3.9642797,0
-15.467663,-12.156739,-17.951849,10
-18.341932,-15.376545,-9.162522,0
12.310488,-4.489933,-15.905219,0
-11.126321,4.56114,1.5537261,0
0.4244917,21.42736,6.845634,0
-8.569451,5.7074823,-20.030165,0
-12.792975,-18.597376,10.598503,0
-6.371298,-7.5831695,10.056735,0
7.863374,8.36839,-23.87639,2
20.069685,0.178727,-1.2206082,0
-10.762316,-11.438065,15.401312,0
-8.979354,21.618479,5.8881063,0
-6.7839994,14.539565,14.203552,0
9.336252,-9.271103,-0.67839044,0
-4.2736945,0.98724306,1.4011956,0
7.8409343,8.625594,-23.320965,2
-3.4139357,3.8208466,-17.485504,0
0.08922145,-6.729278,11.621911,0
0.049758878,17.588594,5.294663,0
-8.153732,8.57521,-19.150133,0
-8.621345,-10.140912,-12.083906,10
-0.96389014,-14.051863,-19.193478,10
7.61258,-8.735396,-9.166086,0
-0.44205326,23.790934,-12.022743,0
-6.2897553,13.887446,15.029883,0
9.477321,-9.352901,22.893452,0
-7.9427137,8.315619,20.739693,0
9.760488,7.5979767,-3.4168537,0
19.995766,9.779941,-7.0580306,0
11.32096,-5.4995236,-17.147625,0
-6.3224535,-2.0021248,10.423773,0
-10.233285,-27.595621,1.8903208,0
18.961704,-0.42725196,-2.8174858,0
-7.379826,9.077553,-20.35416,0
16.325125,9.125979,4.8387284,0
-19.975636,0.78250986,-1.7142696,0
5.121812,9.202453,18.924984,0
5.306518,6.017473,-13.84144,0
6.670464,-8.755533,-9.85402,0
10.058888,-1.2204524,-0.80029577,0
-0.3245502,-3.1965592,-14.646904,0
4.88338,-23.756285,-3.0747595,0
-7.799605,8.364402,20.637875,0
0.09175928,14.400784,5.431244,0
4.721794,15.563491,-10.487945,0
-7.0056615,-26.206778,-1.1916676,0
-12.271574,23.697695,0.20447634,0
-19.648932,-9.714109,2.9807866,0
8.439571,-1.7188739,-1.7515212,0
9.442433,3.4969835,-27.588573,2
-18.027328,4.3653593,-1.8842944,0
6.3115625,16.721842,6.0591955,0
5.1188993,-18.007719,13.715929,7
5.652484,-4.4335394,16.289478,0
-8.621345,-10.140912,-12.083906,10
1.6492913,17.849337,12.469823,0
-16.479977,-25.385035,3.0535913,0
22.522747,-7.2494235,14.967222,4
-6.399822,10.018253,14.755389,0
-10.81825,12.495062,4.888969,0
-5.1872463,-7.0574846,-1.2307627,0
6.6212707,-2.7266345,13.642235,0
-1.7355776,-9.870015,7.537099,0
4.710069,1.166174,-8.659975,0
10.958045,-12.401493,-2.0648258,4
-5.965181,-14.992272,9.69056,0
-18.547436,1.08769,17.42022,0
-2.8428252,17.52882,-8.687404,0
0.3574777,9.618299,5.499693,0
14.68995,1.7774822,15.10436,4
5.343091,2.9290726,-27.606869,2
-9.845727,24.725166,-1.0873643,0
-4.0663204,-13.751255,-24.99488,10
19.017551,0.32461143,-7.8445005,0
-27.15346,-10.56547,2.2653658,0
0.7941955,-9.250569,16.680176,2
-12.033696,12.309351,6.106702,0
19.16174,11.602897,-9.238911,0
0.37272665,-13.326291,-20.235723,10
16.21163,-0.9930059,-3.062889,0
-1.0085654,-14.379521,-4.8090696,0
-14.977501,5.155892,13.647375,0
10.554039,7.706078,-12.602665,3
23.22333,-0.828382,-0.58389395,0
-14.357892,-26.195448,-1.54457,0
-15.221907,-3.567327,7.4462304,0
15.032512,-8.853489,-4.1066356,0
3.2605407,-22.229336,-6.8651614,0
5.123846,4.314886,13.779279,0
-9.147409,-0.1444763,-23.011375,0
-3.8854659,-2.5743113,7.4904456,0
16.923038,0.6596936,-5.7294583,0
-8.514141,2.9442651,-22.387245,0
12.505715,-13.844127,-3.0799503,4
-15.585918,-25.853619,-0.7110192,0
5.004953,15.7777405,-10.783912,0
-17.293198,-13.595273,-7.2675724,0
-9.569628,2.2295067,1.3659701,0
-14.477383,-7.1626654,-12.516925,10
0.25912628,-18.595552,5.314181,0
9.248119,5.563688,8.724435,0
-0.27948692,-0.72072434,-16.43016,0
-5.999826,-14.987267,9.669584,0
-9.398334,-19.784838,-15.220132,0
-6.3036623,-2.0230114,10.358825,0
-15.240012,-7.633946,-13.27713,10
-2.808819,-1.221272,-16.58531,0
-11.361224,1.2073963,-15.777828,0
-12.485914,5.62479,18.830997,0
-1.7874792,-3.6573524,26.773575,2
25.16036,-2.0667596,13.940708,4
-15.466489,-16.331232,-4.1333833,0
-18.92668,10.117169,-9.27876,0
-0.30788332,9.79516,-3.0356655,0
-9.239666,-19.813738,-15.193229,0
-1.4530588,20.370985,-11.072193,0
-19.56846,10.962836,6.3713436,0
-16.394476,4.656284,-10.056479,0
2.2262297,17.935907,13.075907,0
4.126682,0.35314828,0.78479,0
-7.390079,-2.0440974,-23.751871,0
14.846434,-4.472482,7.4573507,0
-16.629713,12.85465,-10.183099,0
-8.80394,5.6418004,-19.502956,0
1.5297825,18.291262,13.215708,0
-10.043861,-10.793346,-5.5750995,0
14.939768,-12.686204,12.888847,2
6.6237926,-9.3082285,-9.149721,0
1.0415202,-9.609386,6.9082,0
-15.595274,-11.689853,-17.29068,10
9.521157,-7.856924,-5.340251,0
5.095631,-17.99597,13.692834,7
-8.264165,16.960272,5.8655105,0
-10.893482,-6.17419,5.817789,0
19.508568,11.680035,-6.4105053,0
-10.010347,25.036266,-0.96721715,0
18.522978,-1.0406128,1.0651258,0
23.738092,5.3831964,7.837221,4
-12.874977,5.6371937,19.024569,0
13.840922,2.0935402,17.092947,4
0.5632814,4.1020756,7.3915,4
18.106953,3.216696,-4.5047956,0
9.387334,5.241694,9.171916,0
-12.97911,5.8723793,20.795246,0
18.659729,4.394068,0.25401056,0
18.816772,-15.639552,17.454107,2
-7.41653,-21.000153,4.653362,0
-17.821053,-8.67214,-3.7809308,0
9.743289,-8.335939,-4.0930533,0
-5.7483444,-1.1357644,19.027187,2
-15.090044,10.745782,-8.78594,0
-10.07304,18.17766,7.3453703,0
-6.0801525,9.525297,17.43314,0
-2.032744,3.2953444,-18.981127,0
-14.675784,-18.10261,1.7798002,0
-4.799786,1.0964159,1.7758107,0
19.801805,3.9083905,-8.739721,0
8.512948,11.272998,8.2426195,0
21.850292,7.0711403,-10.648316,0
-1.6476231,18.595013,-8.102466,0
-1.8824512,9.304453,-13.982542,0
-7.9696655,-17.595947,-10.883562,0
0.78361326,-4.7733593,12.840609,0
4.6390667,18.942354,1.1825795,0
-27.687376,-1.2211665,7.265319,0
-27.069963,-13.58875,4.0279856,0
-20.628277,7.1358533,9.093056,0
-1.8910929,-13.064449,-1.8462567,0
16.373827,3.539493,15.877123,4
-6.4143467,16.857714,2.7373166,0
-14.331323,4.8310714,16.914392,0
-11.799265,26.567657,-5.2376037,0
-16.345165,-25.5599,2.4705253,0
16.524618,6.6649485,4.125288,0
-5.9955826,11.568627,-21.059492,0
-0.7605947,21.308334,-10.751562,0
-0.113777414,25.397053,-12.390393,0
4.7797394,-14.801851,2.3840294,0
-12.335438,10.756272,-9.438282,0
6.793404,-3.4734902,13.333358,0
-11.474107,14.671172,-1.7261953,0
-24.83466,-6.964805,11.849031,0
25.634901,11.239857,7.8325768,4
9.568133,0.054641403,-12.519882,0
25.459534,6.8493505,7.9828525,4
-8.317649,1.5144011,1.9601868,0
-22.770494,-10.243486,-6.9750066,0
-6.251506,-1.4126818,19.118504,2
8.905338,-25.668806,9.662971,0
22.62792,12.939567,10.818781,4
5.108943,-25.038332,7.1180296,0
-6.676489,-18.69731,-17.029144,0
-9.174865,6.1616497,14.191825,0
-6.384503,-3.4705005,-7.4653044,0
-21.074526,12.968152,-4.356332,0
18.668596,-3.0041115,18.753614,4
-14.027253,-16.99299,9.950346,0
22.250544,-1.3087428,-8.220822,0
16.326998,0.7390049,-5.116554,0
-15.492242,5.8119645,-9.700502,0
23.867878,8.368528,-7.431504,0
22.141459,5.9098306,-1.2825152,0
-3.2224352,-4.115524,4.0792346,0
17.206923,11.476757,-8.632237,0
1.542949,22.046518,-10.506406,0
6.3035355,16.538982,5.6977,0
-1.6557688,14.320962,-5.82093,0
-13.245718,14.0000105,0.7259155,0
-8.689874,13.069325,3.6282358,0
-9.357804,-8.134651,1.8537906,0
-15.282105,20.779966,4.4462233,0
-6.7185144,0.28176993,-17.429613,0
4.7001987,5.795282,-14.2105255,0
-14.804528,-1.2822874,-4.8319945,0
13.679802,-5.683249,-15.710923,0
7.880585,14.737137,5.5756965,0
16.884132,-0.12973163,1.7658092,0
18.906498,1.672004,-10.402344,0
-12.626532,14.21541,-11.115037,0
-18.222214,1.7300565,-7.0956993,0
-5.58238,-22.398859,3.3182065,4
-21.86508,1.6400498,-5.6477976,0
-12.314883,-6.37283,10.860361,0
-2.6891525,18.026987,-9.301219,0
-7.631352,-14.179642,-11.582117,0
5.5844884,-8.980735,-9.286029,0
-16.17604,4.7233367,19.356182,0
-9.120163,5.9296865,17.878466,0
-13.721933,-3.0851858,7.3897977,0
13.158148,-2.9099975,-4.9337735,0
-14.83585,-16.011827,9.643799,0
13.630218,-7.1280093,5.8555484,0
-10.987684,11.082729,4.209622,0
5.9303265,3.0856223,-28.169434,2
-7.0431914,8.055557,14.499542,0
6.2035613,4.9871855,1.2376164,7
-1.1425964,23.80369,-13.961189,0
-13.50896,-27.14825,1.4429849,0
-14.61704,0.46848032,-5.3039627,0
-10.197943,3.9766877,-24.124783,0
-1.9090859,-0.62466437,-13.520257,0
-14.84839,-13.607761,-20.196743,10
-4.9705,0.14409661,-12.692606,0
-6.120176,0.77312785,-11.173538,0
23.958498,-1.219816,-4.7185717,0
-5.218161,0.078222916,-16.918898,0
-20.330547,8.08634,8.396624,0
4.101978,-14.001368,8.749771,0
-11.711781,5.9515443,20.138954,0
16.139639,-0.93343574,-3.1293116,0
8.158803,-6.5808287,13.104355,0
14.925353,8.649488,4.459835,0
-0.053433333,22.559013,-10.139909,0
15.177506,5.491471,-9.332879,0
-2.167046,-6.1412153,25.74209,2
2.5586941,-13.508554,12.0614395,4
-18.281507,1.0292611,17.464914,0
3.792933,10.339173,19.538952,0
13.440326,-6.996347,6.820597,0
-26.12827,-8.1690035,-1.6486876,0
10.824849,2.481668,-26.725266,2
-10.192531,-15.209395,-14.549138,0
-3.8747306,-0.42158434,-13.767454,0
-8.594447,-24.117073,8.124016,0
-20.255175,7.0987406,9.287237,0
6.9200125,-3.8759313,13.2450285,0
-4.157392,14.02952,20.277718,0
-20.646503,-0.43553928,-3.6910605,0
-0.873445,14.598094,-5.3344274,0
-7.763597,-10.718666,-12.348958,10
-16.72787,-16.74578,-3.8333297,0
11.640038,13.639324,-7.8932533,0
-1.0660408,20.540606,7.2989116,0
21.375645,5.799296,-1.0028179,0
5.497854,22.97994,8.420958,0
21.340612,0.5250098,-0.87006074,0
12.260359,-6.9138684,-6.7957587,0
22.701223,13.102382,9.685834,4
-9.481734,-6.671223,5.587816,0
-0.19407539,-11.2133465,-27.93377,10
3.2858598,-12.157409,2.6515684,0
11.786227,13.767422,-5.3999968,0
0.39235505,-9.511786,17.480848,2
11.847006,13.839916,-5.410173,0
-11.697995,21.740679,5.8746285,0
-8.822747,5.8273573,16.941595,0
-6.1264997,8.091824,-21.861147,0
0.461246,21.02114,-6.693082,0
20.446892,11.546708,-7.5094523,0
-16.19367,6.5732875,-19.642242,0
-15.41081,-17.583342,1.8047037,0
-1.948426,-1.8922402,-15.6,0
3.4614363,0.75178295,7.128884,4
19.856401,-12.068893,15.167498,2
10.685496,-11.6430645,-3.1883523,4
-8.510375,-24.18058,8.102065,0
-0.28898472,-0.6949429,-16.454145,0
-8.764229,1.3098938,-8.563399,0
13.178764,9.059815,0.7957706,0
8.274636,23.402016,10.663261,0
14.267499,-11.631754,5.701357,0
24.212421,0.68807507,-3.0450914,0
13.244312,9.282622,4.7926893,0
3.5852478,-0.51222026,-2.350927,0
1.1084193,10.708093,5.3001456,0
4.01904,-13.941263,8.473343,0
13.135561,1.0173843,6.2824736,0
6.6152186,-2.6718278,13.624491,0
-22.818651,-12.339902,2.8015888,0
-5.234588,0.8788593,-11.894793,0
24.359972,-2.1644614,13.673629,4
13.079466,12.082437,-5.0636606,0
-22.247824,-3.317669,9.794456,0
-1.1147757,24.090683,-15.089826,0
-0.34957072,21.182253,-9.069725,0
-9.721471,-7.1067567,3.9532766,0
6.1927886,1.3297018,-9.501545,0
-7.826996,-11.5836525,16.290321,0
17.605122,9.815565,-11.299678,3
5.393285,22.971447,4.3505387,0
-5.507056,-1.7800964,-12.847327,0
-0.7166546,10.816514,9.066454,0
-9.581328,-16.97762,-14.968521,0
-1.8099763,5.4832034,-4.585977,0
0.7093759,21.831085,6.0075173,0
-23.21097,3.2563748,-0.94418126,0
-4.7118263,13.299486,18.772356,0
-19.576317,-13.915956,-9.07169,0
-8.613922,-26.51949,-1.6851063,0
18.07028,10.56741,-10.124284,0
-7.4505672,-26.923025,1.7098778,0
2.931177,-14.819163,12.114218,4
-3.9435437,-2.786336,-15.746354,0
-12.693973,4.1359262,-12.926858,0
4.8725104,-23.723108,-3.0728161,0
4.0829606,-1.5221142,23.548552,0
-16.772848,-25.307625,0.1891503,0
-21.406462,-6.3878083,6.7182655,0
-4.855159,12.593974,20.118937,0
-20.955109,10.718188,-7.3848486,0
3.083925,1.5246717,24.021152,0
-1.2448157,24.649815,-14.869372,0
-14.177713,23.137514,1.7599698,0
-12.452221,0.13145767,-15.812303,0
-7.278882,-15.394412,8.480701,0
-6.571972,-13.554468,10.511099,0
-12.208482,-19.354126,10.845219,0
7.1522174,-0.4741988,7.9144936,4
-7.38254,-26.425129,-0.78978,0
-6.4994383,-5.5084047,-20.180128,0
-10.211285,7.1287737,21.1875,0
19.313086,-3.5840333,8.373236,4
-13.130273,-27.300598,1.2399398,0
-20.629744,7.766167,8.564164,0
-0.1571468,17.080784,9.0624895,0
0.004559827,-21.133284,1.5092102,0
7.3320527,6.774166,-12.241836,0
-2.1492732,-6.2439137,25.656103,2
12.968535,8.942829,0.42916813,0
11.968386,-17.719004,5.569256,0
12.448083,-14.097119,-1.904268,4
-23.448126,7.9975257,5.4029984,0
-5.310842,10.099087,-23.350134,0
17.385199,-5.349304,-10.78762,0
3.8275146,-1.5811598,24.212166,0
23.78092,3.948257,-3.2791383,0
-1.1702505,-11.086182,-7.01386,0
4.230377,-0.42389405,5.941471,0
6.8345675,17.43931,7.261862,0
15.201814,-2.4665167,-4.377457,0
6.7124906,-3.190229,13.328618,0
14.574146,4.248897,1.0922272,0
22.755548,1.7181494,-2.7324147,0
-9.294602,4.7420855,-19.033417,0
-20.682688,7.348688,8.896361,0
7.698176,0.7824552,-9.779412,0
-21.120424,0.66472024,-2.8502958,0
19.680891,5.1954923,-7.628697,0
4.762666,5.8304563,-14.16581,0
-15.312166,20.495737,4.684901,0
4.614969,19.223984,1.5585333,0
-7.4441495,15.917659,3.519588,0
-15.205675,4.4632344,15.06633,0
-15.834937,-9.951526,-15.462396,10
-5.5078273,1.4514375,-13.65912,0
2.2455378,18.934996,14.598283,0
-10.695251,12.986749,5.0153446,0
-24.749458,-2.0009007,8.005557,0
-22.232983,-3.334894,9.7789135,0
-18.534508,1.4820877,-6.2167444,0
25.361088,-1.8474967,14.50194,4
16.613588,0.43769753,1.0523468,0
15.32111,6.4713383,4.5073857,0
11.14182,3.4245212,-21.035635,2
-0.45626712,20.414919,7.4363136,0
-1.0861977,6.5789285,-6.6456504,0
-0.38603702,14.308047,5.9607253,0
-14.027154,-16.992842,9.951057,0
24.582684,-8.225702,6.4558873,4
18.729378,-16.85991,14.992711,2
-8.343919,-10.329079,-12.164202,10
10.830051,-2.7978604,-10.443435,0
14.805743,13.1175995,-4.956855,0
-23.461918,-9.596984,-6.298231,0
3.6918914,10.528948,19.384962,0
15.664513,7.464639,-9.599689,0
6.3556194,24.769726,9.372915,0
-3.411223,18.86879,-11.756469,0
-12.158038,6.0131574,12.578782,0
-14.413464,13.433159,-10.646756,0
-2.2516398,19.030762,-10.697291,0
14.789297,5.1863174,-9.434356,0
-3.5245905,-13.178255,-26.035866,10
-12.635167,-20.73597,-0.16383998,0
-11.838367,16.826471,-2.7097468,0
-14.699725,3.8635352,-9.206611,0
3.2939782,-12.086266,2.7465653,0
-1.2383372,24.642208,-14.871121,0
-17.19354,12.753915,-10.119963,0
-0.46960753,-16.696451,4.3482428,0
14.1192875,-13.19541,-19.795937,0
18.304777,5.4467278,-11.707007,0
1.0865239,-14.701986,-15.388462,0
3.4339018,21.793892,3.365382,0
-8.139486,7.951951,-3.1252332,0
2.1559846,0.80003035,-0.7774851,0
-20.536415,-12.824569,-8.645497,0
2.505921,-13.391765,12.116945,4
-2.9331515,-12.705524,-26.734215,10
-15.241856,-7.6330233,-13.27673,10
22.223526,15.731926,6.948168,4
18.086298,0.2453518,-6.3936896,0
9.0064,4.311459,-28.076374,2
-12.185745,5.2471714,-19.661562,0
-7.7715306,-11.601554,16.308546,0
18.237034,-3.165771,6.66098,4
-8.932782,5.3945136,-4.2665653,0
-11.465627,6.5362396,12.063304,0
-2.894558,-1.8750504,-11.65758,0
-11.973303,17.285757,7.2280746,0
10.913126,2.26064,-26.231113,2
-3.3103883,-1.6923778,8.965103,0
-6.6820354,19.646276,2.8705056,0
-10.036971,1.0851258,-14.825693,0
15.901293,3.5969052,15.76284,4
-17.046932,-17.119831,-2.9754574,0
-16.397392,4.6475215,-10.06298,0
21.729158,-2.9290953,-4.035484,0
3.471022,-10.158159,-27.003103,10
23.046753,-7.4622984,15.759194,4
-24.1423,3.991479,-2.4811451,0
24.44154,1.4131111,-3.699094,0
-7.331711,-19.604477,5.4741197,0
-14.283168,-2.8517604,7.581789,0
-8.973778,13.533193,3.9980707,0
-12.7084055,3.8673737,20.173243,0
-5.357904,12.0548,17.415787,0
-0.42908743,-13.593013,-18.903765,10
9.835154,-6.2223787,-1.0924581,0
-9.921436,3.6436925,-0.5670596,0
-20.612867,7.519672,8.775442,0
-20.921192,12.84367,-4.1230826,0
8.714651,-2.4857874,0.6957277,0
-6.0390873,11.698485,-20.80094,0
-18.25204,-1.3681357,-0.58481604,0
-0.19407539,-11.2133465,-27.93377,10
-22.44312,-9.450592,12.10162,0
17.467491,4.8973107,0.7429812,0
4.227963,-19.476568,16.320751,0
2.4329846,1.4593847,-1.1291856,0
-0.5048543,9.713492,-3.1579356,0
8.454335,11.267701,13.12168,0
1.3451498,22.860567,7.1386395,0
-10.167693,5.45014,16.0864,0
-1.6613212,-1.9350047,-13.056494,0
-16.92398,0.63110244,-2.4349263,0
8.791844,-7.739889,-1.864631,0
-6.208133,-2.03843,10.198218,0
-11.310315,-10.549179,17.569668,0
-0.26390654,17.64981,5.8069186,0
-7.0339594,8.430768,18.921982,0
20.770014,-5.2191796,7.6420217,4
-8.933376,10.695894,6.437671,0
22.817816,14.84637,9.843808,4
2.165107,-20.644667,13.645984,0
14.523648,9.275214,-7.605609,0
8.941177,-7.5780725,13.31926,0
-0.87970597,20.422602,-11.783462,0
-22.37484,5.1388803,-8.126125,0
1.7077551,-10.005299,7.4363856,0
4.5967355,9.551299,16.81938,0
4.342853,15.244699,-12.8235445,0
16.426655,-8.911183,-3.9571776,0
3.993357,-18.400505,18.122246,0
24.66596,4.025203,7.899114,4
-16.55365,13.018627,-10.088054,0
-7.3200793,-15.424408,8.431808,0
11.361625,-5.706385,-17.189589,0
9.494124,-9.264048,-0.71071917,0
-11.067218,5.721147,19.026217,0
1.433441,24.33461,-7.531298,0
7.791092,-7.401879,-3.4823663,0
16.18492,9.556784,4.86483,0
22.98082,-7.5809073,15.842786,4
1.9866744,22.088789,5.473687,0
13.819684,-4.8149905,-6.195591,0
-7.1892247,1.2579081,0.026273344,0
-9.769719,5.5219693,16.501694,0
3.3813171,9.562013,13.712944,0
16.399466,-2.532609,-10.643514,0
0.49628642,13.700552,5.212941,0
11.771774,-4.103904,-5.045591,0
-8.241702,-23.315506,11.124789,0
-5.6336083,-25.650112,9.262422,0
19.63911,0.1769857,-8.856093,0
14.494365,-4.0099177,-6.6268697,0
-16.274927,15.4462595,7.059335,0
5.1262226,2.7938519,-27.486713,2
9.840605,-6.816315,14.206327,0
-7.544411,-12.349182,17.623137,0
23.07836,-7.7237124,7.3997073,4
-5.468582,-25.764172,-0.81791663,0
-2.780555,3.5445778,-17.902292,0
13.693508,-5.612983,-15.761283,0
18.954834,4.8405027,-4.1445103,0
15.098401,1.0606097,14.68039,4
-6.09854,5.7446218,0.9980263,0
18.694105,-16.238512,16.87717,2
-13.559982,5.8440332,11.897219,0
2.5552497,22.105356,4.9610906,0
4.972261,10.900879,18.36896,0
13.616203,-5.276081,-5.9769793,0
4.002969,-13.926621,8.452506,0
4.5125694,-13.150283,-25.648493,0
-1.7351542,10.798775,-10.872354,0
-8.146901,18.565758,6.0894785,0
1.5720447,-9.969422,7.4257493,0
12.993449,11.364189,-9.261694,0
-8.347102,2.5181365,-1.3927276,0
-6.5265613,8.8850355,14.856,0
-6.559561,19.222353,2.1403675,0
-5.321371,1.2534753,-12.39546,0
13.196772,-17.677916,4.9699435,0
8.832409,-1.6053178,1.2101021,0
-5.7139654,-6.048313,-20.819262,0
-7.7080383,-23.741117,11.002804,0
-3.0361993,-0.5908203,-14.219508,0
-6.656494,14.032164,14.351906,0
8.281215,23.38386,9.755916,0
20.450104,8.082165,-6.6082006,0
3.9292963,22.960655,8.6196575,0
17.15266,12.324432,-6.970421,0
-1.961649,-12.998408,-1.7966737,0
-19.989485,6.6478767,9.806035,0
-18.315489,-24.206068,2.13545,0
21.72208,-3.760548,-3.3836586,0
-0.57882947,22.43236,8.861234,0
0.79307604,-9.431555,16.387619,2
12.105525,-10.745294,-1.7344595,0
-12.626845,-20.731789,-0.16929337,0
-13.077924,23.266277,0.89916086,0
12.954673,5.362555,-10.172865,0
3.8113174,3.976918,-27.660435,2
-5.498193,-2.1399329,9.140005,0
-13.247873,-7.181283,-11.905002,10
-26.168608,-8.332045,-0.4155077,0
24.268986,0.57688236,-2.9862375,0
-0.06368912,-7.7718964,20.449575,2
-5.435086,12.81242,16.97086,0
1.2149984,0.7530281,26.426228,0
-3.0215492,-1.0149107,10.861886,0
-2.8847451,-19.790743,16.574587,0
16.733027,0.15099677,1.2002479,0
3.6679113,-10.1514225,-26.886461,10
22.783976,13.456228,8.965183,4
7.3494887,-3.3596838,-12.603828,0
4.824681,-25.041878,7.233686,0
13.563262,1.339692,5.768904,0
18.367563,-1.6872337,7.9910417,4
-0.6782206,18.210615,6.735319,0
-11.294745,7.9704213,10.776544,0
-15.075465,21.626001,3.5837307,0
14.751094,-11.951402,-2.8733215,4
11.251657,-8.618145,19.721706,0
2.8260536,22.127518,4.760555,0
-19.138731,10.802458,-9.460832,0
0.3273824,22.337332,8.443772,0
-24.40005,-8.881673,-5.175845,0
-3.5907073,-9.799295,7.564698,0
16.10585,-9.176845,-2.9882987,0
10.789332,-11.726181,-10.48559,0
-15.258533,21.222284,3.9318864,0
-11.002675,-20.668749,11.258396,0
23.594948,-1.8763837,-2.9337704,0
9.487785,-6.698259,-1.33383,0
2.7490664,1.3633789,22.416077,0
3.29163,8.83144,-0.97806996,0
0.37032112,10.903501,4.5405655,0
-0.25137752,-21.14418,2.0764356,0
-9.917024,-3.711089,19.685081,0
23.867863,8.368519,-7.4315014,0
-14.903341,-7.3377867,-12.866978,10
-7.951017,0.14303482,-23.27347,0
12.449546,-6.7021494,-6.2594976,0
5.2716517,24.798822,9.303196,0
-5.7882695,-2.1002574,9.532474,0
0.15979578,-18.68254,4.9003077,0
22.330772,11.978359,7.993298,4
7.6478524,3.0498664,-21.4539,2
-6.7978015,7.663529,-19.926943,0
-1.5688063,14.014758,-5.8002763,0
27.312922,-1.6058629,12.17079,4
-6.3764615,1.2344111,0.33843848,0
19.964558,13.930877,-10.05386,0
8.759555,-1.6833913,-12.694547,0
-7.250506,-15.363155,8.534487,0
-9.014249,1.7865293,1.6598202,0
-8.910512,23.294643,-1.9816391,0
-13.10068,20.277565,7.232423,0
-10.228861,-27.573408,0.72907764,0
-18.504387,-0.5551499,-0.89535886,0
-7.988157,-17.891634,-17.544447,0
8.458498,0.724899,-7.9782815,0
-11.678739,21.802238,7.4750624,0
4.0674925,-15.358124,2.812939,0
16.895723,-1.7442538,-11.1204,0
7.2271175,2.544931,-22.25533,2
12.776275,-6.534992,-6.2926655,0
3.3810556,1.4753212,23.898897,0
3.3173406,8.855036,15.0943365,0
3.841596,-20.40937,13.37685,0
-5.831145,-5.2427735,-20.938944,0
7.86886,-2.0378096,-14.826305,0
8.806236,11.239634,8.304504,0
6.755783,-3.3909085,13.54356,0
6.2208133,-0.8568755,8.688065,0
4.2735977,24.6633,9.236151,0
13.644803,-7.150495,5.7909155,0
9.350301,-10.804025,21.795858,14
14.793966,5.1242557,-9.404603,0
16.016888,13.482681,-4.9296584,0
4.096018,-19.664774,15.711599,0
-12.217132,4.1217737,-13.669475,0
-15.928382,12.881458,-6.6253176,0
-2.184698,0.54449445,-16.696342,0
-26.61795,0.8369432,9.181028,0
7.5772924,5.901216,-13.014249,0
5.8494163,-0.6600998,8.393797,0
9.0055895,-4.397592,-6.8805084,0
-2.314724,-14.681243,-4.664549,0
-15.096289,-26.158249,-0.4524106,0
6.1640515,-25.886875,11.039578,0
0.27730367,-18.599977,5.314186,0
-1.41292,17.863592,7.1933846,0
5.463331,-10.1940155,-26.12283,10
14.875555,9.6578,-5.54013,0
12.288067,-15.07953,-11.818454,0
-0.38443947,13.492287,8.013935,0
1.2895998,1.1519159,27.24001,0
-14.526045,16.83963,6.464305,0
2.4880168,22.527,5.517374,0
-26.212147,-8.257183,-0.82065576,0
3.4103105,-26.092728,-5.6268077,0
-19.171959,-9.649744,3.309065,0
-9.348557,-0.17987159,-17.443674,0
21.362753,-1.3712612,-1.7117027,0
14.09435,12.200825,-4.3676867,0
18.71447,-0.8225136,19.612514,4
3.5833359,-0.51569396,-2.3594785,0
-8.549835,12.533965,3.378817,0
1.9444937,-10.500159,-27.590971,10
4.6623445,-22.92261,11.131764,4
20.068464,0.30076918,-1.5773621,0
-21.882435,-11.1752825,-7.6892467,0
-1.6778218,16.358625,-6.044681,0
-0.8461739,11.482877,-12.157023,0
-27.039904,-13.538711,4.0475135,0
-9.357804,-8.134651,1.8537906,0
23.485355,1.4629927,-1.7095133,0
-17.312489,-17.454794,-2.5297642,0
-0.46194416,-11.324171,-27.919424,10
5.839039,16.814651,5.5437036,0
-0.90416235,-14.311685,-4.8228564,0
9.2329645,-3.3778617,-17.528368,0
-7.596464,8.387521,-18.3008,0
0.8710227,9.031893,5.15383,0
-11.844459,5.102455,-19.73285,0
17.458889,4.9501295,0.8435025,0
8.60465,-9.865773,22.27789,0
-9.435779,7.874108,-3.7321215,0
-17.805548,0.15783642,-6.584404,0
-18.359436,-2.0126197,-0.31973302,0
-14.639899,-13.797748,-20.582336,10
-25.615088,-8.256213,-3.1673896,0
8.052999,-8.093657,22.685045,0
-2.641529,-12.221439,-1.2396632,0
9.14906,2.565884,-20.915863,2
6.5544314,5.687663,-12.929865,0
-15.618937,6.4051285,-18.200907,0
-13.605967,22.231203,4.9918294,0
19.896862,5.972705,-12.182975,0
15.512465,4.794534,18.337418,4
13.189652,-2.4742668,-4.8329573,0
16.77167,5.9256334,2.7848024,0
17.560987,-7.66347,-11.80402,0
3.6374662,2.048101,-7.4717507,0
-6.0871816,0.6829056,-11.18503,0
7.9339337,9.046446,-23.671202,2
-13.861091,7.6388073,-8.80585,0
-15.913959,-14.782108,9.801515,0
28.424826,-1.2588236,11.91181,4
-2.3122365,3.8509007,-17.540598,0
-15.172316,21.398426,3.7940052,0
-6.6179743,13.645915,14.3692465,0
17.059128,-15.907857,15.7239065,2
18.39771,7.333562,-11.500157,0
19.149822,-16.044853,17.138325,2
20.651804,10.932298,-9.802133,0
-23.048271,6.1077538,-6.7331433,0
17.254515,3.7585874,-7.969881,0
12.794297,-7.357393,-14.815982,0
-10.375882,-11.500382,15.452438,0
1.5369107,-9.968376,7.3912272,0
13.27584,-6.991977,7.215544,0
7.440761,15.006039,5.8367386,0
-9.293981,18.317654,7.1114206,0
-12.8587475,-4.414589,18.377214,0
-12.970638,-2.3608794,17.567179,5
8.981223,-7.624422,13.303332,0
-16.610376,0.6299592,-2.7595503,0
13.0341015,0.78792125,-1.322071,0
9.893697,-8.510911,-3.5760832,0
20.099268,5.722613,-12.442103,0
19.786953,5.239012,-7.883196,0
24.014816,5.169071,8.724282,4
-4.1606164,-13.982144,-24.367277,10
3.9008598,6.990503,14.477092,0
2.3675947,14.281651,-6.1967893,0
-6.719869,12.484415,-19.387894,0
16.055456,3.5278974,15.725539,4
-3.3551838,17.967985,-6.939507,0
21.843592,5.495075,-1.1790785,0
23.25249,5.7193847,8.147512,4
-8.292008,23.310844,-1.797947,0
-20.55906,-9.484144,3.563134,0
15.443906,-8.32885,-2.58248,0
-1.6029098,19.443651,7.2509294,0
21.628893,7.0378265,-10.858211,0
16.811918,6.5107703,5.301493,0
1.4041932,-10.086397,6.3251214,0
7.230965,-23.970585,-6.5986986,0
-15.373869,10.755009,-8.619189,0
9.335339,-5.6026254,-16.88882,0
-7.307211,-19.641562,5.447664,0
21.233154,-1.1096717,-1.5693849,0
18.864605,-7.71863,-14.700735,0
24.861986,11.206414,10.034652,4
-22.916754,9.4502945,5.5557113,0
15.888766,7.159642,-9.937186,0
-10.146609,6.501992,12.995669,0
-7.7414217,7.305272,13.013291,0
-21.193365,-8.080835,11.081841,0
-11.885766,-19.938433,-0.6929109,0
-21.847849,12.094068,-2.4217017,0
-10.698179,11.391448,4.1763263,0
4.935107,1.1585721,1.6189528,0
11.75221,-13.171475,-18.914806,0
2.693172,0.2557044,6.2750397,0
-0.7785047,8.4995575,-5.2359724,0
-16.23704,-14.436132,9.873634,0
-21.209639,-12.492389,-7.7502136,0
9.783337,4.929148,-4.683785,0
-7.280551,8.2440405,-17.906206,0
23.060463,-7.4248977,15.740912,4
-20.735996,2.7215595,-7.8056073,0
-11.051181,4.5246925,1.4094942,0
-12.16617,23.869778,0.2636969,0
13.7626295,12.51033,-4.7443123,0
19.448776,6.584521,-0.99362046,0
3.211658,8.859013,15.188959,0
-14.014925,-3.8316934,7.414906,0
24.553122,4.247347,8.025731,4
12.790348,-7.583463,5.8406034,0
0.755866,-20.073856,2.1138282,0
9.547712,3.5404804,-27.649294,2
-26.017038,-8.153935,-2.10291,0
13.418675,9.202361,3.1894963,0
-10.742675,-9.360781,-6.2724533,0
18.596645,9.334507,-4.6868,0
-22.593199,-9.544704,12.2052555,0
-14.84839,-13.607761,-20.196743,10
11.452568,-18.313658,4.852705,0
-25.293535,-7.4894476,12.664552,0
-13.603913,5.0410438,15.429437,0
-4.618925,13.005548,20.839886,0
-10.236578,-3.9370513,20.516766,3
-12.756151,15.138125,-11.789121,0
-8.473276,21.351927,6.3092794,0
11.242968,-9.032376,-0.096640825,0
7.6046996,-7.325622,-3.7565544,0
0.016247086,-7.0234485,20.873568,2
-0.44306335,-16.729073,4.300654,0
-26.04387,-8.152453,-2.0092025,0
4.0721636,1.767115,-8.423665,0
1.9858589,9.206917,5.862498,0
-3.5245905,-13.178255,-26.035866,10
8.888742,-25.686544,9.712861,0
7.2364793,-23.96547,-6.6009445,0
6.076637,1.9257163,-6.7145658,0
19.539343,0.03873924,-3.0685387,0
2.519372,-10.348685,-27.416424,10
8.953313,-2.6413636,14.921236,0
-6.0266695,-1.0974319,19.909678,2
21.118477,0.76545703,-0.84437793,0
-2.634509,17.318615,-8.069476,0
4.824375,0.5063967,21.102386,0
-13.893649,7.1959853,-8.807159,0
-6.807743,0.48050854,-4.1006885,0
-20.4872,2.0657194,-7.053158,0
8.274227,-3.0251627,-13.971825,0
7.5112047,3.0313091,-21.517765,2
8.511088,24.069456,9.506385,0
8.475369,24.260962,11.243313,0
-6.5630565,-6.421451,-6.193903,0
16.472002,-1.365313,-12.528844,0
-24.207481,-6.520015,11.579694,0
10.910717,7.0083833,7.815546,0
-15.658642,-25.801735,-0.78119135,0
-15.216951,5.565669,-9.903195,0
-8.683404,1.2752813,-8.612813,0
5.2031465,-25.035429,7.085916,0
-0.08396287,17.122747,9.233833,0
15.368958,-12.548538,13.0230665,2
17.402845,-11.266286,-7.7295814,0
15.009152,12.259468,-0.7448199,6
8.339756,4.299509,7.652493,0
3.066945,0.53754324,22.718052,0
-5.4240046,9.997308,-22.998081,0
-0.3464709,16.255194,-9.648828,0
-17.522903,-16.18651,-8.861087,0
2.9474416,-22.227863,-5.925478,0
-27.523504,-10.322717,0.9518898,0
-22.933022,-12.501155,2.9781895,0
8.153625,-6.5782375,13.062362,0
-7.0921793,-24.254742,10.730981,0
19.995874,6.5460734,-0.57561374,0
0.4042358,16.684992,-4.2307134,0
-6.275518,0.47288978,-16.23055,0
-8.312232,-13.702849,-11.514546,0
-3.2220635,0.48139173,10.173511,0
0.94508916,-9.883692,11.420041,0
-9.25105,-22.480364,11.325381,0
-15.626884,2.8356745,18.272797,0
-2.642174,-12.218742,-1.2385178,0
2.7196865,-22.336954,-6.875523,0
-7.23139,0.3000507,-13.203153,0
-7.6285863,14.10732,2.973243,0
-9.015265,21.78024,5.5985427,0
5.438244,-25.669748,11.498786,0
-15.326634,20.614977,4.5520945,0
-8.621848,23.002253,-2.2521367,0
-0.60996777,20.737091,8.218061,0
0.16290507,-8.205058,19.51514,2
-2.642174,-12.218742,-1.2385178,0
4.2416463,-22.384583,11.671023,0
0.19862987,11.279163,8.967147,0
-8.622461,-0.81197053,-23.926935,0
-23.218037,5.036817,-6.7733297,0
-9.314819,12.705577,3.934584,0
10.44869,-9.628495,-14.095787,0
-9.524581,0.5387699,-15.234073,0
-5.862768,10.735059,20.807076,0
-6.72371,-12.946034,13.545398,0
8.80872,-7.7476234,-1.8341889,0
14.011782,-7.4385624,-1.1818738,0
14.908447,2.4911427,-11.273057,0
2.931606,-22.004501,-8.2454195,0
4.299167,22.10701,3.9097054,0
-0.82727337,17.682026,6.6585336,0
19.471123,4.239301,-8.800755,0
4.6895356,0.7509404,21.187174,0
11.626045,13.674232,-7.819141,0
2.4421442,14.46317,-6.037113,0
6.6084313,-25.30686,11.131489,0
2.5601416,-13.515091,12.061612,4
-1.0894631,-4.6230807,25.000206,2
-1.3908663,-6.3654504,0.5124241,0
-1.984335,-6.508042,-4.4181724,0
-2.0311587,-5.5848584,-3.3440287,0
12.876717,11.64342,-9.010898,0
-20.43205,12.100558,-3.9343417,0
-5.4653125,10.060158,-22.882683,0
16.506878,13.840451,-5.2186184,0
-7.4086833,16.11343,3.757427,0
-14.415102,22.662312,2.4906054,0
4.6197877,-23.007349,11.295769,0
-25.953339,-8.516012,0.60601354,0
4.6346636,19.348867,1.5385697,0
1.7116627,-9.302749,5.565467,0
8.328267,12.840894,6.890796,0
-9.2414255,6.5776644,15.155615,0
-7.5080404,-19.136374,5.782153,0
14.266352,-8.372529,-2.5754166,0
-25.436224,-8.312241,-3.5654957,0
-1.6929908,11.445934,-9.791343,0
-24.033176,3.9299438,-2.0434935,0
20.17994,0.031712964,-1.1339767,0
19.106955,0.24546142,-8.046817,0
-2.374668,-12.328491,-27.185446,10
-5.1452675,-10.433848,7.700464,0
3.98603,-21.946861,11.996019,0
2.139555,22.845339,9.238336,0
0.27875152,19.786251,5.9533997,0
-13.090445,-18.202696,10.458328,0
18.465134,4.2551413,-0.056361787,0
-8.728238,6.682801,14.677378,0
9.578901,-5.7129893,-17.575077,0
13.630218,-7.1280084,5.8555484,0
7.5817785,-5.4994864,13.303652,0
7.3023286,0.76958776,-9.686848,0
11.306783,-5.5988894,-17.07799,0
10.679374,3.8638854,-19.742521,2
8.75707,-8.539678,22.869364,0
-11.507008,-5.5691004,7.7375436,0
-5.4366617,-15.333587,10.077663,0
2.9810774,-22.83896,-6.828913,0
22.421865,10.734709,12.109241,4
-9.942971,-0.40703228,-17.753428,0
-11.463369,-27.536486,2.644507,0
18.702883,9.456122,-8.815601,0
15.19713,2.5831628,16.47657,4
19.824717,2.375084,-10.386561,0
3.2056687,10.17125,20.07596,0
-6.1385813,-20.03944,-14.870952,0
6.7799234,-19.648169,-5.7603855,0
-4.9155197,-9.784868,6.6267424,0
-19.372429,11.016877,6.4399376,0
3.3730526,-26.09744,-5.626879,0
-7.976919,8.12251,20.454636,0
5.5236096,-26.226461,11.022984,0
21.731834,-0.47528946,-8.0892105,0
3.5628285,-21.258245,12.562551,0
19.536335,11.5164585,-6.3782554,0
1.490407,10.846472,-1.7075927,0
12.581927,-7.6473374,-1.2548753,0
-8.241508,-23.315609,11.124997,0
24.31952,-8.738242,6.459784,4
10.798869,8.360902,-11.758237,3
-12.472877,11.18906,-9.570519,0
19.976942,-2.1448374,-8.014441,0
-4.0654655,-13.750931,-24.994604,10
-0.95732737,12.438254,6.06513,0
-0.7544984,23.55363,-12.85052,0
24.775005,13.944111,9.784243,4
-19.836607,-10.190202,10.990617,0
-10.501835,5.511236,16.328024,0
-4.1833825,-8.136896,-3.022056,0
-26.777435,-14.055418,4.2405167,0
20.349457,-1.464459,20.585627,4
-3.055224,-11.537162,-0.91309303,0
-4.0663204,-13.751255,-24.99488,10
-15.817642,-17.214321,1.9090228,0
18.49925,2.4912012,-1.9598913,0
-5.8065767,-25.460028,9.507396,0
-2.9795613,18.864384,-11.199322,0
-7.2764025,-15.356618,8.526074,0
19.119383,6.0324802,-10.813667,0
-6.5796113,-13.198391,11.981145,0
-19.075142,-15.435308,-8.548615,0
-0.76550335,25.000446,-14.021823,0
14.034288,6.5433702,-6.692647,0
-27.715397,-1.1994466,7.246253,0
-13.18861,-18.062922,10.404552,0
12.199441,14.754484,-5.0866194,0
11.250523,-8.619062,19.725239,5
-1.0031494,11.159392,8.971457,0
-2.389533,17.37409,-7.7400875,0
-24.914904,-0.81877685,6.879212,0
4.0523505,-27.778404,7.069305,0
-5.3895206,12.772205,17.11419,0
5.096497,-25.038647,7.122833,0
-5.781092,10.833161,-19.604593,0
-16.872166,-16.987356,-3.1856687,0
10.850486,-13.48698,-19.489029,0
15.971661,6.724736,4.067951,0
15.75408,-10.492095,-3.3665965,4
-18.685333,4.428392,-1.8823854,0
-2.0494807,2.8764925,-18.282116,0
4.945808,-19.11098,17.617712,0
-10.611628,-11.473438,15.402653,0
19.549849,-4.050089,8.172893,4
-6.017585,-1.4434506,-16.791405,0
8.449026,11.26288,13.109149,0
15.569526,-8.545446,-4.744359,0
-12.808997,20.38627,7.3116183,0
-16.475647,1.5139953,-7.4248166,0
8.849229,-2.5070956,14.829931,0
2.5079513,-13.390764,12.114973,4
14.603872,1.8367597,17.517632,4
1.8111967,24.965878,-6.9901476,0
-11.679751,26.170242,-5.4986987,0
2.8616252,-14.797823,8.5465355,0
4.9708347,-3.7156985,-2.5795944,0
-13.01618,12.468888,-10.541082,0
15.806638,-0.38696408,-11.830838,0
0.7389432,16.65162,-4.057818,0
16.257551,-9.827127,-2.6777313,0
-9.695762,-22.096434,11.376978,0
-5.0044694,0.015621128,-12.653095,0
2.6942763,0.2549972,6.2746434,1
-6.6171174,7.443783,-20.069101,0
-9.506884,-11.50132,15.778765,0
6.9530964,-4.0181665,13.089444,0
-3.5435956,-2.8335874,6.939743,0
9.972493,-5.3136997,-17.180265,0
-8.67633,8.085778,-4.385456,0
-26.879461,-9.750254,1.8224239,0
-25.647741,-8.023006,12.867506,0
-1.4577804,-14.04639,-5.0001507,0
-8.353811,7.236969,20.039263,0
-2.5624807,-14.26277,-21.200542,10
1.4381514,21.574183,5.578851,0
-1.1077286,8.748921,-12.942642,0
7.4365854,-2.9796002,-15.201082,0
-14.324277,16.87853,6.4587283,0
7.467273,5.842446,-13.058258,0
23.671581,7.3538485,13.337185,4
10.110449,3.2935252,-20.527515,2
19.47857,8.940052,-8.518282,0
20.450096,6.8369045,-0.09562123,0
7.4640036,22.9856,5.483824,0
-1.5118573,5.6476636,-6.4598393,0
-16.69961,-0.6856389,-4.8512564,0
4.419391,2.5011287,-29.016996,2
-7.7671447,-6.3837576,-18.509968,0
-17.298132,-16.401192,-8.74707,0
23.020237,-0.4909954,-0.5545209,0
18.661118,9.457157,-8.050176,0
-23.471746,8.467908,4.2373767,0
2.807717,9.914827,-2.2626858,0
22.59417,12.724444,9.753949,4
-3.6081336,-3.013164,-15.63907,0
2.368165,1.1270422,28.294365,0
0.047290005,-21.16481,1.4779445,0
-6.7869005,-26.09558,-1.355284,0
2.831941,0.26586276,6.3425584,0
-13.33465,13.709498,5.972084,0
-17.235115,-25.051529,0.8644908,0
-4.1824603,13.761995,22.168945,0
-8.3986,-6.461058,-0.27186233,0
-7.9053245,-12.421113,18.993237,0
-23.167995,5.475926,-7.1447616,0
-25.926807,-7.689679,-2.8301775,0
-2.0457323,0.13756515,-16.543943,0
-8.1157255,-12.455316,18.944777,0
14.898549,-0.05393259,13.711268,4
4.8602924,22.757925,4.1875105,0
-26.844137,0.15680963,6.039257,0
-15.315495,-12.607032,-18.58789,10
19.195986,5.8703065,-10.785004,0
-18.714499,-0.107062556,-6.12267,0
-10.654319,5.5520973,18.22893,0
12.431109,-12.239484,-1.2924418,4
14.490864,-0.43842888,-1.3003159,0
-6.196741,-20.13537,-14.795295,0
-3.722281,-7.2217226,-2.2928376,0
7.6516314,23.35579,7.9726114,0
-15.694814,-11.179969,-16.671612,10
7.156595,-8.906594,-9.416618,0
13.781887,6.575171,-8.770644,0
0.4566879,-20.623749,16.195755,0
17.035788,-17.818096,3.3095589,0
-2.7437937,-4.054139,5.8741155,0
-1.0854771,-13.786962,-4.9880147,0
15.198064,-12.574987,13.288581,2
7.509958,-3.2908118,-14.448754,0
19.133984,-16.028261,17.148254,2
0.7957501,-9.241084,16.713337,2
-7.9777927,15.467096,4.1535616,0
-5.9388638,-6.199944,-20.564894,0
-24.428555,-6.5777855,11.927726,0
-0.9037683,7.527503,-6.0644364,0
14.672671,2.5698729,16.594763,4
-22.985666,3.7391865,-6.246195,0
-0.55961204,-1.7699516,-15.033545,0
-9.63552,-9.32779,-11.794746,10
-7.6482406,-26.312286,-1.5644249,0
20.78161,-2.300924,20.460829,4
-12.713379,-4.2107143,19.489515,0
-6.0772424,10.423637,20.997934,0
18.662357,9.444168,-4.8638515,0
16.78216,0.06692899,1.3815175,0
16.390253,3.3285902,15.6304035,4
13.539811,1.8602331,16.591785,4
-10.597969,-14.566268,-14.681577,10
8.155699,-2.3975472,-13.736101,0
-1.3957003,-6.3578997,0.4993664,0
2.761607,-10.291837,-27.335382,10
21.672955,11.517306,11.532833,4
-14.73157,-13.731312,-20.43193,10
1.0826144,-9.991843,11.635549,0
21.469332,10.521916,-11.6505575,0
3.2535918,-22.245543,-6.8670583,0
-9.51544,-18.768967,-15.073238,0
-9.610745,-7.324488,3.5582063,0
-3.253331,-5.961162,-1.9919839,0
15.660245,-12.781714,14.477159,2
4.382752,-15.391251,-1.6359264,0
-1.3402762,7.257841,-3.949651,0
7.0568433,-3.5759637,-12.856159,0
-25.446358,-8.307707,-3.5112057,0
-15.51566,0.059663616,-4.1631866,0
-3.1860287,-2.8002899,-15.481809,0
-6.387842,-3.4970703,-7.4517117,0
9.069654,-4.124132,-18.052084,0
16.20595,4.1210027,5.206248,0
-8.760196,5.671093,1.412884,0
17.303802,-4.818495,-12.630695,0
15.158079,8.224284,1.357048,0
-6.746859,11.287983,13.950614,0
-9.045813,1.8129917,2.203156,0
-6.2313414,1.2141757,0.939299,0
-15.140464,-26.117,-0.5594774,0
7.1688046,12.001594,16.952269,0
-11.334654,-26.625458,-2.443228,0
5.3639717,-19.10027,-5.1017227,0
5.0088563,22.839079,4.230071,0
6.1430016,-3.8592615,-12.651628,0
-6.964472,-11.224573,-12.630254,10
17.83012,-2.749554,-9.020981,0
-3.6318429,-7.222721,-2.4025662,0
25.615395,-2.0630507,15.686209,4
10.920651,-12.380586,-11.230135,0
0.8741965,-9.767102,15.373265,2
5.093527,-17.99555,13.692788,7
2.5480952,24.84104,-10.5133915,0
4.0625653,-10.392916,-8.803465,0
21.490747,6.563042,-9.221106,0
11.696398,9.69626,1.9944962,0
-7.1954975,-24.129625,10.8119755,0
-11.330123,-5.563005,7.6169057,0
7.1280026,-4.4036794,13.33655,0
9.113916,11.422256,8.326317,0
8.9725275,-25.582117,9.381925,0
1.1957929,17.723732,11.782069,0
-7.3849287,22.92937,-0.4682503,0
-17.244232,-16.488235,-8.727074,0
-8.343919,-10.329079,-12.164202,10
-5.4531484,2.1662738,-14.026339,0
-1.4999729,5.885801,-6.020153,0
-26.713436,-9.4884615,1.6780162,0
0.21659517,17.636969,5.040161,0
16.602924,4.3629136,-9.086975,0
11.8750925,-1.4358683,-7.2248936,0
-10.874132,-8.431311,-11.761651,10
-1.375761,9.3020525,-12.384515,0
5.597862,4.289798,15.128912,0
5.3772345,-19.105843,-5.1081047,0
2.4074125,2.7384243,-27.301966,2
-15.588429,-8.314934,-13.9927845,10
12.868862,-6.1718483,-6.066643,0
-7.0201616,8.350956,-3.5897706,0
-7.868963,-24.605108,8.163127,0
-1.9336659,-3.5851889,27.055054,2
-11.630003,26.041796,-4.6292605,0
-10.851851,-20.903889,11.272993,0
16.481735,2.7591105,5.242632,0
-25.953651,-8.159583,-2.305407,0
-20.999786,-6.3317447,8.083266,0
3.3425832,-26.0352,-5.635095,0
-2.642174,-12.218742,-1.2385178,0
17.211506,-0.24258196,1.8057933,0
-3.2971616,19.776321,-12.833111,0
3.3828146,8.765427,-1.0373152,0
-14.238432,22.85541,2.174298,0
6.024026,1.8753133,0.1214317,0
-7.1479073,-5.163719,-18.606575,0
-0.940934,6.8513613,-6.715764,0
-7.9121184,15.517718,4.704484,0
-7.1410704,-11.105063,-12.543353,10
3.2423549,1.0600191,-30.214209,2
-9.144899,-23.4236,5.9439216,0
-4.4662046,13.276493,21.248817,0
-2.3852363,-17.240042,11.209018,0
-10.758887,0.19742167,-17.41311,0
0.7488453,10.072674,4.9782643,0
17.12439,-10.028941,-7.906605,0
15.925029,-0.2527809,-11.769228,0
11.742352,-4.7343097,-17.832819,0
4.9780254,4.4290276,13.238591,0
-22.330782,9.496541,5.21267,0
-15.720798,-8.977958,-2.4604,0
-19.545681,4.7253013,-2.5339003,0
-5.502681,-15.290054,10.030845,0
-9.201518,-6.8604593,17.205294,0
-14.986389,4.9134316,18.21635,0
13.902887,2.1201432,17.1861,4
18.448421,9.223588,-9.820148,0
-0.021544397,-20.960777,1.2398435,0
-15.097912,11.272423,-9.506224,0
-11.139925,-5.7531023,7.272051,0
-9.10599,-23.658691,6.906607,0
0.86139655,-10.829634,-27.859064,10
9.14686,4.2834363,-28.096048,2
-15.219152,5.5772805,13.649728,0
-0.27969965,23.141161,-11.226793,0
-9.933367,1.9722805,-0.38911104,0
12.483434,-3.4718592,-4.82466,0
8.27894,23.40496,10.664209,0
-6.9718614,8.533098,18.94305,0
12.338629,-14.202764,-1.93693,4
-5.4067545,1.3871628,-1.2006488,0
-19.936247,6.63866,9.833433,0
12.122085,-6.3954334,-2.1087534,0
9.220962,6.997218,-11.90651,0
-18.782875,1.1400765,17.347513,0
-1.1631863,-1.8350296,-13.963056,0
-7.123497,-18.633549,6.0461726,0
18.836245,4.8956833,-3.545796,0
9.925156,2.3947535,-20.40992,2
0.06801637,-18.555723,5.7811875,0
-22.119038,8.295573,4.795478,0
15.65894,-2.6624835,-4.0569067,0
2.5893247,2.8916526,-27.259956,2
-2.7986498,-1.9555013,-11.788656,0
-8.262877,-12.461603,18.940105,0
-4.660525,12.971879,20.367811,0
23.89838,1.0763943,-4.3335433,0
11.562666,-9.658392,-12.838172,0
2.2436562,18.745014,14.333462,0
8.791157,-7.7735643,-1.8459051,0
1.1355847,8.855576,5.3534803,0
-9.362518,-8.149287,1.8880361,0
-21.358356,13.381961,-4.390722,0
10.952472,-13.455349,-19.44175,0
-14.761697,6.076179,-19.713217,0
0.5879469,23.256483,-9.10429,0
11.861391,-18.52523,4.4189415,0
-2.812331,-1.7681952,-12.205314,0
-3.211993,1.421087,-17.114473,0
-4.7049317,12.769304,21.763523,0
4.0043674,-13.924514,8.388848,0
-8.18691,8.512196,-4.9679337,0
-10.42512,4.0025344,-24.429838,0
-9.101732,22.15938,4.7472167,0
16.011497,-0.44728056,-11.795053,0
19.193499,6.5673037,-1.0356084,0
-6.0369473,-5.566657,-20.651587,0
-21.212866,5.1433716,-7.9729624,0
11.927065,-3.4029534,-5.9026394,0
19.561138,10.0469265,-9.984151,0
1.363526,-20.655617,14.365538,0
-1.0287012,21.061365,-11.135987,0
-9.9087305,2.3910682,0.5571292,0
3.478681,8.9453745,-1.5484457,0
-13.289634,-17.939425,10.340288,0
-10.562091,4.0116467,-24.599068,0
0.14467804,13.148434,-5.3040123,0
-21.19342,-8.080905,11.081858,0
10.358399,-5.6865096,-1.9491042,0
-7.947027,-6.239817,-0.72079736,0
-9.253024,-22.479769,11.320832,0
3.9505448,-18.47126,18.008894,0
-14.378599,5.9872737,-17.788933,0
-6.421146,12.205923,-19.49818,0
0.3531245,11.301329,4.620746,0
21.093704,-2.549363,21.059147,4
7.9666853,13.746198,6.3981853,0
-8.840007,5.5824633,-19.471302,0
1.0152133,-9.915801,11.737551,0
4.6123486,10.879961,18.633753,0
-8.804381,6.7142754,-4.324017,0
13.342923,14.132539,-4.5424614,0
23.348625,5.540385,-4.509979,0
3.9193535,-14.035994,8.450469,0
-19.099901,10.723116,-9.411393,0
24.646904,-9.498261,5.067081,4
4.4173126,0.7761492,-2.2011416,0
14.423614,-17.646059,4.428756,0
-14.201653,-16.766308,3.9980805,0
-6.627881,13.444647,14.335003,0
4.021939,-13.938586,8.474336,0
6.532031,-26.613018,13.018928,0
-16.198324,6.57329,-19.6416,0
2.1132705,0.707924,-0.6927815,0
8.1505785,-7.6857047,22.85609,0
25.019447,12.622132,6.807904,4
2.104119,17.714622,12.705723,0
-6.707564,-12.960494,13.469944,0
-15.170426,21.400599,3.7948961,0
6.532031,-26.613018,13.018928,0
13.989202,-4.9520674,6.915582,0
5.063189,-25.891539,11.599688,0
-8.131824,-26.377605,-1.767906,0
4.5548706,2.352094,-28.194485,2
-12.69729,4.7363687,-14.114112,0
-1.7829791,-18.10866,-0.11257805,0
-10.240224,-3.9375093,20.516535,3
-2.386811,-17.23698,11.215799,0
15.096135,-17.223713,4.020429,0
18.201435,2.8850965,-4.114532,0
22.621162,2.3219657,-0.9030239,0
18.560808,10.391595,-10.417372,0
-7.447734,8.514456,-18.328953,0
-1.2237567,7.3728366,-4.0984807,0
-1.6605672,22.352312,-13.650258,0
0.73241097,19.400652,5.0708613,0
-23.159311,5.750815,-6.8337865,0
6.61203,-2.389612,13.598889,0
1.6662974,11.2091465,5.769649,0
0.9943864,-9.8855915,11.773946,0
19.609104,-2.8557389,8.970505,4
8.074676,24.398767,12.049227,0
-5.9579997,9.951038,16.79359,0
18.912546,6.5401363,-1.5424504,0
-7.480743,0.59622854,-23.054947,0
16.506174,3.278245,4.948519,0
2.3879578,9.180127,14.227557,0
-6.7466626,12.261994,14.013168,0
5.878889,16.56736,-10.5164795,0
23.439388,-7.815183,7.5101285,4
10.792941,5.5238605,-11.638084,0
-8.844715,-17.11753,-16.706501,0
7.332759,-3.3742473,-12.5946045,0
8.753943,-1.2613328,-2.492746,0
-7.1577573,-12.619948,14.3973,0
-3.2274866,0.5936994,10.4896555,0
15.263701,6.888515,3.6572607,0
-0.80223924,8.673894,-12.001351,0
8.022657,13.580422,6.484657,0
12.915475,-9.637749,-12.18132,0
8.223468,4.1790566,7.6661777,0
-5.7447953,10.768789,-21.992378,0
-5.9212236,11.527658,-20.37586,0
-0.020838203,-2.5557547,-15.0402,0
-7.646436,2.1524727,-1.6775085,0
20.126877,-12.238838,15.464656,2
14.478585,4.1821117,1.0252937,0
14.8192425,4.935259,-9.543014,0
-5.8915195,1.4754164,-1.2959092,0
4.2141647,15.196023,-10.217577,0
-16.840683,-16.737083,-8.535547,0
-12.690874,23.583706,0.55294114,0
-1.0996265,22.564804,-12.771562,0
17.460058,-7.868596,-12.452193,0
-21.99646,9.891211,5.5921593,0
5.258713,-9.944445,-9.35937,0
-21.390873,-6.4085917,6.7334304,0
-24.102234,-2.3264077,8.448663,0
-22.81257,-8.468337,6.1733074,0
12.468816,-3.5257847,-4.670584,0
-10.823643,-6.2237306,5.756831,0
6.096281,7.6049747,19.652176,0
-4.731019,5.3698053,2.0352538,0
-20.524834,5.045328,-3.8082879,0
2.3043725,1.1297665,-0.9513057,0
20.389988,-1.8168104,20.65014,4
23.199831,16.377645,6.701677,4
10.51785,-9.625579,-13.962256,0
18.683315,1.8209802,-2.940719,0
11.651385,-8.15359,-11.073677,0
-0.4855616,11.992864,8.729228,0
4.9484706,-10.061979,-9.117487,0
12.312103,-9.579657,-12.762149,0
10.411507,-5.7975254,-2.2060156,0
-11.806191,-19.82239,10.999741,0
5.7574663,5.938693,-13.557172,0
7.424577,-5.316251,12.811597,0
-5.9948254,-4.918808,-20.862183,0
-8.812463,-27.288343,1.6886113,0
13.8329,-5.716996,6.5415206,0
-12.272552,11.982149,-10.080197,0
8.21644,12.96326,6.8472085,0
4.114765,-10.442116,-8.977796,0
3.2530472,-10.172411,-27.137815,10
-19.140825,4.577905,-2.1758757,0
11.746731,11.089204,-2.2606626,0
22.316933,11.901313,7.890067,4
-10.180474,5.4685216,16.972775,0
-0.707995,17.677814,6.493739,0
19.311642,-3.957527,7.637503,4
7.144699,-3.4891875,-12.738651,0
-3.0684295,-0.61681354,11.471023,0
-7.9056497,-10.624745,-12.304376,10
2.5085135,-20.66411,13.398498,0
-13.164472,13.273066,-10.837855,0
-25.441038,-7.6258407,12.42741,0
10.014119,3.1147883,-20.873236,2
-16.901678,-16.936985,-3.3499417,0
-20.96808,3.769181,-8.428972,0
16.904287,3.196886,0.44924843,0
-7.872334,7.9651904,-3.2301846,0
-1.4665647,-17.279362,0.882047,0
-21.210875,-8.119369,11.105695,0
-1.6126148,5.5134473,-6.4121532,0
-9.745755,-9.235649,-11.777845,10
11.230603,-0.20920213,-1.0282058,0
1.3937212,23.61078,-7.02435,0
6.336334,8.380922,18.91143,0
-27.318998,-12.168608,3.235643,0
-12.741199,-4.284671,19.025148,0
-20.076323,10.810739,6.213494,0
19.964247,-2.9800687,19.013376,4
-15.212926,4.459955,15.06877,0
20.507881,9.192933,-6.0183296,0
-3.2451928,-4.0992684,4.015563,0
-2.6445022,23.626616,-13.001848,0
1.6112238,-9.833636,7.4404902,0
5.6521144,16.382051,-10.964138,0
18.55212,-7.858971,-14.86618,0
-10.127552,-6.618351,5.3077917,0
1.9267496,0.21221726,-28.783314,2
14.680935,-5.9629,-1.9109783,0
-15.040498,6.174824,-19.514992,0
-5.974671,10.59787,20.696926,0
6.249231,1.7084278,-6.637815,0
13.579074,-7.0026126,-12.08357,0
-22.560377,-9.52313,12.177464,0
-9.230489,-9.3557205,-6.385484,0
-0.095014416,21.25739,-8.522208,0
-5.3595924,12.055121,17.408394,0
-11.054688,-8.314789,-11.759931,10
-7.3254867,-19.65298,5.443077,0
-9.059455,-12.575455,17.297503,0
20.092903,6.4609337,-3.9264522,0
15.647543,3.6748583,15.8525305,4
-5.955427,-15.006866,9.678073,0
-24.962437,-7.05235,11.938101,0
-1.8436325,-3.6311455,26.878115,2
2.5554252,22.939802,9.242307,0
7.695657,-7.915413,22.576572,0
14.428819,6.797935,-7.6231656,0
17.550577,-7.8965735,-12.111777,0
-2.9096286,-19.913626,16.65546,0
13.719084,-12.975852,-1.8735499,4
1.8637949,23.53007,9.357343,0
-8.154474,-16.582417,-9.458218,0
-1.8068533,-3.648216,26.81032,2
-26.207586,-8.236004,-0.93477625,0
15.980361,6.726258,4.067456,0
24.736519,-7.9156094,6.5315437,4
4.0191636,1.8463281,-8.494707,0
4.2217855,22.92083,8.013342,0
0.9795719,-9.900772,11.707083,0
-8.728176,18.626564,6.7332606,0
7.432017,-9.231286,-9.345636,0
-11.03939,26.516369,-5.3352485,0
-15.161306,0.3841426,-4.68397,0
20.249977,8.748657,-6.0756297,0
-7.9422474,-11.560348,16.253532,0
16.56442,6.5969462,3.7356203,0
22.630692,12.533368,11.106048,4
15.934363,9.313905,4.600199,0
-6.2374406,10.297679,21.117203,0
9.0903,10.8472805,16.908585,0
-14.303231,5.930881,-19.328123,0
-14.966136,5.1635985,13.548689,0
-27.569414,-1.3199567,7.3627453,0
-4.7159896,-0.99418145,15.093186,2
6.3101597,-1.372942,16.808886,0
4.5650225,-24.691109,-8.370961,0
-1.9101944,-13.4262085,-23.58819,10
14.458343,9.471784,2.2426133,0
10.256157,-5.5537324,-0.89515156,0
-21.996477,-9.084645,11.773551,0
-6.618253,-5.1589594,-20.134129,0
21.489807,-6.4865513,15.463095,4
3.3633778,9.463234,-2.3206935,0
14.256085,-17.638016,4.498449,0
-7.983691,6.8020415,13.216517,0
14.386147,2.6009834,15.578932,4
23.937572,1.4245169,-2.3668804,0
1.7435324,9.358049,13.681868,0
-11.734444,26.502924,-5.6488166,0
-6.8435516,-18.551039,-17.187263,0
-6.9257345,-4.96047,-19.881182,0
4.5809,-3.1257362,-2.6270225,0
6.2676177,1.895822,0.10425432,0
23.052446,5.071699,8.680124,4
16.38989,-7.38885,-16.205402,0
3.358914,-26.050934,-5.6332603,0
2.965458,-21.781067,-6.8383775,0
-6.088025,0.8017477,-12.265993,0
-21.252441,13.289321,-4.2511573,0
-5.3553643,-0.59628177,14.771673,0
-14.296699,5.3384852,-9.735749,0
-0.13382125,-6.3058414,11.83001,4
-7.90498,-11.569958,16.263689,0
11.275241,-5.571819,-17.10714,0
-23.225708,-5.9604783,11.02151,0
-14.299297,-16.634619,9.875772,0
4.8211174,4.066015,14.12886,0
-9.674784,-11.501001,15.724051,0
4.4658422,2.48823,-28.877615,2
-1.6997797,-3.6972451,26.600914,2
22.67232,2.3457267,-0.92239785,0
9.748533,-1.0853076,-0.58051264,0
-20.858566,3.829012,-8.026613,0
-11.455509,-27.562502,2.5161507,0
-11.696776,26.215078,-5.542843,0
-15.81045,-9.23622,-14.8420925,10
-1.169125,-4.39666,25.282528,2
16.77321,13.5982065,-5.0061893,0
-13.508857,5.785511,20.789137,0
-20.662235,13.203289,-2.7707143,0
-11.796915,26.59259,-5.408797,0
-18.517569,1.256451,16.22128,0
-12.08512,16.79543,-2.518115,0
8.90884,4.5201917,-28.179756,2
5.173207,22.904709,7.383175,0
-11.59089,21.444412,5.1904125,0
-11.121309,23.321087,1.1178262,0
-1.3900816,-6.3475056,0.4918044,0
-7.2185783,-12.293006,17.804344,0
11.899393,-17.714788,5.609291,0
16.021683,-12.355472,13.314962,2
14.795596,4.876852,18.190231,4
-14.199701,-16.78108,3.9661298,0
-7.921791,-2.9196928,19.693068,0
-1.1855934,7.455534,-4.497875,0
-1.0844834,24.759706,-14.603067,0
20.012957,0.42241362,-3.454877,0
-21.45089,3.5276735,-7.9285345,0
11.246009,-5.7751966,-17.190014,0
11.211625,-5.4932055,-17.157677,0
10.1482315,3.4607089,-20.4417,2
7.367601,24.063055,12.644616,0
-13.864144,-2.6987762,10.636446,0
-2.9223232,-0.64020604,11.43009,0
0.37755752,24.163204,-6.9350185,0
-3.6524973,20.591566,-10.294243,0
-6.026967,-25.298267,9.607959,0
-0.723505,-11.435869,-27.890018,10
0.57264596,4.0308447,7.4481235,4
11.119857,13.352297,-8.930052,0
-9.312854,-2.5143178,19.095222,9
9.094734,10.837377,16.914871,0
-1.7294208,-2.5060303,-12.731145,0
-21.67363,11.798004,-2.5249832,0
9.955874,-5.310566,-17.166342,0
22.678736,13.747811,9.374418,4
-14.944859,13.742021,-11.004879,0
-8.545517,21.850243,6.120291,0
5.1805434,8.646166,19.391283,0
-18.560925,1.2525214,16.328747,0
-12.12783,5.205556,-19.84297,0
10.816713,-11.62607,-10.579365,0
3.8597903,7.045714,14.576731,0
-7.3136373,-19.645527,5.4462266,0
11.607593,-8.496314,-11.594706,0
-3.0759046,3.8114524,-17.616552,0
4.1280465,2.1378376,-29.40207,2
3.7757168,14.782449,-11.636337,0
-8.10028,2.3156872,-1.4077262,0
-16.921453,-25.21992,0.35564995,0
1.638276,11.462143,-2.4729023,0
-13.377999,21.056929,6.5708694,0
24.84391,-8.30013,5.5821805,4
-0.31997767,14.163066,5.9567595,0
3.1377113,10.152561,20.06076,0
-8.213389,22.959274,-2.065032,0
-20.003569,9.782458,-9.0802,0
13.981701,-4.936601,6.9116306,0
-1.9779325,-6.5037465,-4.4229937,0
16.874002,-17.79367,3.3767164,0
-11.167787,2.209231,-13.949001,0
-0.50966966,-16.5815,4.436504,0
8.168747,-9.082305,22.401556,0
-11.364616,-27.636719,2.130898,0
-5.926144,0.5867932,-12.069431,0
-10.303739,0.00029480032,-17.351503,0
11.878493,11.350539,-3.842687,0
11.769636,-1.3826985,-7.383107,0
6.0609045,-10.404521,-25.987066,10
-6.917828,8.29326,14.624129,0
-9.380785,4.527087,-18.942158,0
5.0721145,-15.075686,3.1260147,0
-21.595207,-11.296095,3.7938085,0
-20.83914,0.26644987,-3.8334038,0
10.737169,-8.326472,-10.759421,0
1.681183,-2.5327482,-16.533772,0
17.945498,-16.42722,14.566113,2
-16.669006,6.746812,-20.256378,0
3.4254107,-2.4265082,-1.2799654,0
-9.984044,-10.838466,-5.555507,0
19.754862,-0.7058339,-0.8195105,0
4.3981786,2.2581792,-9.758225,0
-4.5296717,0.14527501,-17.013105,0
22.768137,13.45529,9.100527,4
-5.429812,-1.2280936,17.679792,2
-12.438102,0.19485922,-15.781722,0
-22.23616,-3.333368,9.778234,0
-15.456756,-14.22385,-3.5976214,0
-6.945831,21.972572,-1.3760394,0
16.975796,-7.146059,-13.483814,0
23.33925,0.9919076,-5.6233487,0
12.555452,-17.683794,5.291035,0
-1.5318037,23.580666,-10.3464985,0
20.300646,12.43373,-6.5394187,0
-5.790518,-24.133764,3.0703084,0
-9.115722,5.951607,17.997932,0
-7.1159196,16.80985,3.2605164,0
-0.8748449,-5.4769344,24.04303,2
-4.090416,-13.934347,-24.681911,10
9.634678,-8.871791,23.142145,0
22.956324,4.505883,-0.60656047,0
8.279751,12.767834,6.982986,0
6.5775423,11.957448,17.069756,0
11.373577,-5.5583615,-17.080444,0
-14.89051,4.587907,14.123668,0
9.00657,6.8057146,-12.181147,0
17.936811,-1.919351,17.142267,4
21.458796,10.515801,-11.643532,0
2.5741658,2.8714013,-27.289276,2
22.851065,5.257167,7.9186354,4
-3.1894493,17.372812,-6.428094,0
-15.810447,-9.236223,-14.842092,10
-11.147814,-1.8600723,17.304571,0
4.904656,-15.118761,1.0239283,0
11.771341,-13.165602,-18.91565,0
1.268063,18.233105,12.909248,0
-9.962398,11.416915,3.8283436,0
-20.033932,-10.215329,-0.795995,0
25.693638,-2.0637884,14.253727,4
-15.315495,-12.607032,-18.58789,10
8.147253,5.86406,11.22024,6
22.832186,14.821603,9.898301,4
11.250523,-8.619062,19.725239,5
16.334795,0.9809866,14.158421,4
-2.9166846,-19.977558,16.707043,0
-20.164398,8.232353,8.321255,0
3.4929595,8.824287,15.352519,0
-23.073189,9.109791,5.335641,0
-8.481101,-10.235969,-12.124952,10
-14.59442,-13.832529,-20.653574,10
-9.175914,6.165828,14.199417,0
23.868038,8.368458,-7.431141,0
22.808222,-1.1602465,-7.5675893,0
15.429429,-12.751705,12.930464,2
11.4527445,-13.578225,-2.8271775,4
-6.4282246,-0.8185649,-16.785526,0
14.124117,-13.676968,-10.867869,0
11.037659,2.3019032,-25.45839,2
16.107718,6.6357374,4.6799026,0
1.5204519,-2.0681684,-16.76825,0
19.857616,-2.1031966,18.876303,4
8.286806,23.385296,9.75505,0
17.236292,-9.61153,-14.971223,0
-1.2606977,21.935436,-12.521699,0
12.95945,11.379468,-9.265056,0
9.780693,7.599687,-3.3389525,0
12.448676,1.7843812,6.5650654,0
-12.443655,0.18820812,-15.782917,0
24.465096,3.6801126,12.884538,4
23.86803,8.368704,-7.431531,0
-12.692798,-4.427097,9.2866745,0
-1.1039013,6.9629827,-6.0210347,0
-0.41455325,14.187215,6.0490093,0
-6.3819675,-25.299623,9.051912,0
7.4295945,3.4815671,-27.938738,2
18.902874,-3.7747161,16.638456,4
22.40464,15.876545,7.31606,4
-5.3328342,0.932654,1.3087993,0
-2.649893,17.281353,-8.101025,0
-11.226062,-10.793077,16.855167,0
9.425271,4.3209047,7.558827,0
-0.3525497,-13.984676,-18.649029,10
-12.314569,4.246846,-13.642099,0
11.828141,13.838922,-5.3998694,0
4.6379833,18.812387,0.9704845,0
23.465178,-1.3898308,-1.805611,0
4.2167606,1.2127677,23.586946,0
16.749382,-17.773256,3.428457,0
8.755627,-1.2637478,-2.489363,0
22.415972,10.712639,12.085016,4
6.674365,17.319082,6.8931627,0
-14.964193,5.161618,13.565239,0
5.5770836,0.47538388,-8.744689,0
21.70152,-6.602675,15.39891,4
5.6390853,-3.2923594,-1.8004459,0
-8.583683,6.9243507,13.41886,0
-9.81139,-3.8297918,19.493053,2
-25.325495,-7.4033,12.280195,0
-2.9671292,22.574045,-11.477842,0
8.288755,6.352087,-23.774462,2
-8.0852785,-6.293524,-0.5986501,0
7.019498,-25.407051,10.891184,0
-7.181136,-5.6194024,-19.37622,0
7.830567,8.661983,-24.056984,2
8.259309,-2.2545588,-13.605348,0
1.4459125,-10.054907,6.151994,0
0.35058138,17.40893,10.243675,0
-6.031532,-5.313014,-20.72712,0
-3.2471342,17.085056,-8.735462,0
18.693935,-2.9956558,19.930582,4
-7.5131106,22.197233,-0.7988647,0
0.34065104,-11.01009,-27.925943,10
-12.400911,11.170666,-9.548844,0
9.508486,3.557734,-27.655739,2
18.417294,9.868641,-10.314841,0
-8.313832,-17.727945,-17.590069,0
7.637939,3.5420258,-27.934553,2
-22.516071,1.2947328,-5.708094,0
-8.303132,-17.718065,-17.598852,0
13.886857,11.248033,-4.430092,0
-1.7877824,-11.977946,-27.52484,10
2.808612,-12.107781,1.86243,0
-15.72084,-8.977449,-2.4603813,0
3.1105242,14.8188505,-7.7585993,0
-3.3112414,0.13563861,9.287071,0
-11.796969,26.514912,-5.121937,0
0.7432864,-9.059472,17.07953,2
19.594707,-4.0396667,8.234931,4
4.0975437,1.8886484,22.84508,0
10.722027,8.269335,-11.6054945,3
-9.752088,-13.842836,-13.738203,10
-10.430561,5.6505127,18.719957,0
-11.362363,11.761518,4.65669,0
-6.508259,-1.2424382,20.343285,2
7.6785316,-24.05941,-6.0929646,0
-8.435137,18.421692,6.426788,0
3.8866074,19.346556,2.9168825,0
2.6923165,0.25644523,6.275856,0
-2.3746676,-12.328492,-27.185446,10
-4.728731,2.4068952,-13.393682,0
-19.304855,4.657733,-2.3510191,0
0.69805837,21.290651,-6.515654,0
-25.226463,-8.401149,-3.9768217,0
-13.082047,-4.477572,9.33687,0
5.662602,-4.4965863,16.317616,0
5.2048025,-10.434726,-9.533031,0
0.14730504,21.403454,-8.123207,0
3.3627584,1.4936283,23.925695,0
-12.420095,-1.2468313,9.702828,0
-3.0989563,19.618805,-12.454821,0
4.594485,-5.164204,-2.866854,0
13.146924,9.384911,4.2289486,0
2.981658,-22.848269,-6.82716,0
17.731823,-0.9594566,-3.831373,0
0.31899214,-8.467887,18.860483,2
-0.3947371,13.583555,7.9635057,0
21.601479,-6.6539993,15.23775,4
23.171432,-7.1596255,15.703982,4
11.330839,-5.8128777,-9.902817,0
-7.6094637,22.13773,-0.583631,0
-10.963683,1.1271374,-15.883896,0
24.54352,-8.237159,6.608227,4
4.4162283,23.917349,6.480648,0
24.661749,-8.857289,5.9896073,4
5.63172,3.961725,-7.599055,0
-10.174893,3.8635597,-24.16423,0
17.307396,11.951707,-7.8833594,0
12.37299,-6.8190374,-6.5057344,0
6.422565,4.302164,7.015801,0
-7.2443657,-11.037317,-12.504278,10
23.11172,1.5768987,-1.2474793,0
-11.649664,26.076677,-4.7512593,0
-20.812366,12.694581,-4.0597153,0
-6.719789,10.901509,14.015997,0
-18.97005,3.9805698,-1.1219217,0
-8.491127,-0.4826121,-23.8302,0
-18.615217,1.7602546,-5.981459,0
-2.1595666,10.538246,-11.240579,0
-14.44794,4.8432717,16.878313,0
-11.3218775,-5.582223,7.589009,0
-23.091845,3.926473,-6.2188587,0
23.744225,7.3111906,13.315346,4
7.2142396,-23.982077,-6.590481,0
2.3922439,-11.945959,-24.09788,10
7.965375,7.394145,-24.982155,2
-15.564036,-16.345757,-3.66706,0
-24.93141,-8.555711,-4.3952675,0
-20.108822,11.471319,-3.3734496,0
8.643022,-1.8003361,0.7501401,0
-13.873443,22.541853,3.562379,0
-8.481887,-0.60451084,-24.10536,0
18.823738,-0.49591893,-6.0135307,0
11.026055,12.659111,-9.790469,0
-5.358171,-2.1686442,8.988694,0
-11.022173,-6.0586367,5.938778,0
-18.971912,-0.53105706,-3.5513299,0
21.100195,15.495521,6.934662,4
-23.395773,-9.762812,-6.7553177,0
-22.401855,-9.420139,12.067104,0
3.2530472,-10.172411,-27.137815,10
-6.5395446,0.32021067,-17.24939,0
24.336866,0.71312493,-3.087272,0
18.613518,-16.394789,17.038963,2
1.9942274,0.41066778,-28.68734,2
-21.697397,14.277936,-3.6326673,0
-6.5787463,8.93369,18.409582,0
25.958849,-6.514039,8.014847,4
2.0652819,0.502172,-28.708447,2
-3.8360496,-8.505201,-4.350468,0
-7.022208,9.2181425,13.597236,0
-20.632421,7.47574,8.808576,0
-1.9196277,-7.013022,24.789892,2
8.825281,11.804083,13.103658,0
23.880836,5.060401,8.674805,4
7.320154,8.319583,-24.879292,2
-13.818281,4.9664016,16.409204,0
4.9212456,2.7361746,-28.653748,2
5.653737,-4.4440365,16.294905,0
6.7000575,-9.274734,-9.334244,0
-15.834937,-9.951526,-15.462396,10
-14.425463,2.0213966,-6.982976,0
6.861386,16.68318,6.6225314,0
-0.33498338,20.49825,7.33454,0
19.629297,0.1801499,-3.0162148,0
12.159344,-8.063195,-1.0561224,0
-27.248278,-12.860312,3.6489794,0
1.4191589,10.908936,5.5773854,0
-5.4003983,0.850793,2.2721403,0
-27.048397,-13.597209,4.020015,0
20.114105,2.9092555,-6.083039,0
10.860726,2.2990868,-26.415462,2
14.887386,-4.5365005,7.498372,0
-7.413177,-19.346016,5.641449,0
1.748585,23.26098,8.041623,0
-0.90311116,-5.32853,24.19625,2
-20.477203,-10.215666,-0.55955654,0
20.724384,8.184335,-6.448052,0
18.897816,-11.710919,14.189532,2
19.071949,0.17480734,-3.4343562,0
-5.944007,-14.99186,9.702883,0
-21.514563,1.9272288,-5.631518,0
-21.292755,12.988253,-4.9079227,0
5.105945,11.15014,18.17996,0
3.2722867,1.034268,-30.174961,2
15.310307,-8.071677,-15.9290495,0
-5.571642,1.4701353,-1.4342176,0
-5.5359073,11.999431,16.64861,0
-12.962431,-7.2889867,-11.850346,10
28.469786,-1.1831844,11.903297,4
-1.2815924,-13.910323,-5.086924,0
-11.147602,-1.8600664,17.304615,0
15.825227,8.935474,1.5918883,0
4.7060823,-5.7057314,-1.9310002,0
2.5664485,10.113885,-2.2635615,0
-19.696442,11.90049,-2.83351,0
-15.974434,12.953405,-6.619865,0
-6.9780197,-20.052975,-14.854469,0
14.535376,-5.1065626,-2.4564753,0
-7.529322,-26.98912,2.1618469,0
-22.895428,-5.6650896,10.804483,0
23.632856,7.3612695,13.372153,4
18.012836,-0.7232872,0.16424547,0
7.02493,22.471146,4.4988427,0
4.3706493,15.219383,-11.577867,0
-1.0785851,6.5854487,-6.5331955,0
5.393776,-9.063862,-9.135264,0
-1.6942047,5.7438993,-4.73141,0
-13.928404,-17.116957,10.001131,0
-9.533522,0.42216015,-15.111618,0
-18.692585,-15.012639,-9.180005,0
5.9979978,22.86981,4.370027,0
-9.363719,-8.153377,1.8914723,0
-4.323302,-2.7946064,7.702699,0
-14.342377,-16.712341,9.455174,0
-16.225767,6.5837455,-19.730886,0
4.512542,-13.150137,-25.648832,0
-5.582123,-6.8722105,-1.1939346,0
20.958664,6.1216836,-8.482018,0
-6.4312544,12.1025715,-19.586897,0
-12.8926115,4.031136,-12.105527,0
-19.581179,-13.921271,-9.064083,0
-5.1513543,0.03234765,-12.9716015,0
1.4715542,-10.033515,6.643934,0
16.507734,3.2484686,4.9570613,0
23.203999,5.6084433,8.089493,4
-14.362363,5.962147,-18.727318,0
0.6390852,-9.146947,7.634874,0
25.863503,-2.0283613,15.255714,4
-9.258951,-11.504989,15.847251,0
-2.7936776,-3.972221,5.942916,0
-21.417707,-6.5334105,6.6117253,0
-8.907304,-11.499774,15.962473,0
-20.814606,12.689034,-4.08685,0
-21.059628,12.500835,-3.0000155,0
7.4594035,22.98764,5.476531,0
13.250825,-6.0352693,-10.433136,0
-1.9109203,-2.4425607,-12.352334,0
-1.6361063,11.554111,-9.593086,0
-12.546038,21.670828,7.034094,0
-22.245052,-3.3182018,9.796016,0
-8.7837925,18.091045,6.7056756,0
-14.23735,-18.439997,1.7398314,0
-10.559096,4.3451877,0.06740443,0
21.462122,5.4812517,-1.7662283,0
-7.2443657,-11.037317,-12.504278,10
3.81207,23.983885,7.1612563,0
-9.533469,-6.02647,17.800169,0
-10.366976,11.156364,3.9775345,0
8.843883,-9.001516,19.132463,6
-6.563102,-6.4210424,-6.193904,0
27.116112,-1.7953787,12.663155,4
18.296408,-7.9676614,-14.796566,0
-5.612398,-20.162834,-14.878975,0
6.2097964,4.994146,1.2397518,7
-7.437713,-5.729128,-18.912235,0
15.011774,12.257574,-0.746134,6
18.831985,2.10006,-10.032209,0
-3.1048818,0.38998467,-16.311207,0
-6.725792,-20.075434,-14.826721,0
-0.539568,7.0988784,-3.7303393,0
-7.484614,0.44377506,-13.079236,0
14.980593,7.359937,-8.768833,0
-18.68571,-9.710231,3.234757,0
12.460873,1.9405795,6.511081,0
13.742032,2.1016772,17.14735,4
-1.1838199,15.262667,-5.4564447,0
-0.53368455,-16.534313,4.464823,0
8.915829,8.858215,7.8070235,0
-8.116943,-3.0431683,19.767618,0
17.6635,-15.450548,17.072754,2
-9.453874,-19.190311,-15.122578,0
4.7264194,0.9699105,1.4253579,0
15.358923,-12.988023,13.162112,2
-6.3932056,-1.3646466,19.410036,2
0.99270284,21.128338,4.8758955,0
-14.413316,19.466549,6.384897,0
10.983418,6.2821994,8.973719,0
-8.933484,5.6119676,1.3304268,0
0.41522577,-9.899737,16.815073,2
23.55968,-1.8539047,-2.872498,0
0.4156922,24.222883,-6.9431643,0
-20.476978,-10.215777,-0.5606153,0
-6.630016,19.597868,2.5263805,0
-14.068461,-3.7946692,7.4563007,0
10.145905,-6.571653,-5.650398,0
-12.586003,14.635372,-11.493776,0
8.759133,6.155359,-22.02145,2
8.516126,-6.209869,23.401114,0
-11.728586,-4.1486597,20.506441,0
5.6277914,-10.231467,-26.087027,10
-7.980471,-17.553059,-10.834116,0
-1.9751638,18.095211,-7.9861097,0
19.727272,11.105237,-9.749032,0
-7.402084,-19.410614,5.600221,0
16.752058,-9.010837,-5.5601163,0
6.755827,17.310745,7.0105352,0
13.51805,5.5235066,-9.75182,0
-16.594038,-10.437307,-2.3024986,0
4.386103,2.45959,-9.592527,0
6.8330097,24.652985,9.217443,0
1.4514303,-9.691774,7.5025706,0
1.9801614,-11.931765,-24.09564,10
-8.503152,-1.2911973,-25.140465,0
-7.5239944,-26.38002,-1.1595442,0
-19.308437,4.557844,-2.061969,0
-16.377756,15.514776,7.0938005,0
-0.008481413,-5.5740457,12.285209,0
-22.8355,-5.5899267,10.756695,0
-2.9184575,-0.6384897,11.426472,0
2.8300393,-15.004312,-2.6969397,0
-10.780209,5.8222275,19.132359,0
3.2560773,9.471803,-2.1506932,0
-27.302069,-12.322228,3.3262846,0
2.9638853,-22.11644,-7.7624955,0
6.591497,-9.223737,-9.135833,0
8.458296,11.228305,13.093722,0
-10.9805355,5.636741,18.653198,0
16.971523,-4.79546,-12.640741,0
-8.932484,-9.587138,18.088394,0
6.6483707,0.9807124,-9.512828,0
12.646206,9.717989,2.4374983,0
-15.537703,-25.84972,-0.8620221,0
24.380465,4.166975,8.080415,4
16.08537,-9.692471,-3.198299,0
-16.595482,-10.252953,-1.6520116,0
-12.5395775,5.4533024,14.05309,0
1.5122967,-9.980213,6.980371,0
-20.631369,7.4799056,8.804156,0
-23.178907,9.204727,5.446014,0
5.818405,-10.294031,-26.043915,10
-27.084385,-9.248329,-0.38525465,0
-20.121645,-0.22450161,-3.4844904,0
-1.525882,14.182111,-5.7288446,0
23.771593,5.881236,8.337317,4
-7.9933534,-17.50206,-10.758528,0
18.64177,9.109051,-4.71825,0
-6.3797026,-20.032242,-14.932345,0
-21.613474,14.195691,-3.5800626,0
11.718712,-6.2832456,-17.515924,0
19.76152,-2.754742,21.883905,4
8.532634,24.278091,11.388285,0
-12.105643,16.020155,-2.038668,0
4.0898876,1.19779,23.651194,0
6.5152287,4.384751,7.1715655,0
-14.4263935,13.376124,-10.290026,0
5.6168404,22.772959,4.220724,0
-17.520655,4.4357567,-2.2582424,0
-15.979934,12.890129,-6.619151,0
10.906548,-11.706593,-10.941295,0
22.505777,6.488986,8.783781,4
-10.099006,-21.713428,11.377474,0
4.5775247,2.5023868,-28.673998,2
0.037123892,-1.1228303,26.914091,0
-13.303637,14.471918,-10.938382,0
13.44198,-7.0401692,6.7244916,0
-7.4606586,-26.72723,0.50430316,0
1.8025317,24.896759,-7.4539795,0
2.4418082,14.38969,-6.172379,0
22.969587,-7.3988304,15.442064,4
-2.8063006,-3.9369373,6.01386,0
27.409552,-1.5245585,11.821147,4
5.7418985,-26.279478,11.27653,0
16.790585,-9.028524,-5.555068,0
-5.5717306,-2.1275141,9.230138,0
-11.804787,15.656028,6.6535015,0
3.1740232,22.052729,3.318236,0
5.150082,-10.158474,-26.203176,10
1.1195558,-10.747461,-27.810228,10
0.5469084,4.157366,7.377348,4
-5.1090117,-1.9244046,-16.750677,0
28.424652,-1.2551284,11.853212,4
-12.675079,19.998894,7.519868,0
4.7089224,9.413576,19.280499,0
-7.996827,5.623618,0.855589,0
-26.361628,-13.753351,4.0990434,0
-15.9522,4.313215,17.708405,0
-13.361788,-27.207504,1.4795321,0
-0.9203085,18.116274,-5.3898396,0
3.0452192,-21.790073,-6.836618,0
-0.9158743,-14.291153,-4.971897,0
-0.978879,18.078953,-5.446788,0
6.2097416,8.511288,18.901,0
5.311169,4.402769,13.855116,0
-1.7811701,-18.107761,-0.11040071,0
10.939844,6.133883,9.20705,0
-9.250464,18.20987,7.0717506,0
3.8803265,1.9993415,-10.088365,0
-12.933856,10.839566,-9.384164,0
4.5644174,-24.693092,-8.370501,0
-0.71470773,18.05788,6.6792736,0
2.7729924,-20.70083,13.223711,0
-12.962432,-7.2889805,-11.850344,10
-16.113651,4.626724,18.978708,0
23.066671,-1.6545349,-0.5628476,0
19.156002,-12.210814,13.171429,2
4.321572,-15.297146,2.7936654,0
-1.3284751,10.078301,-11.23179,0
-24.107288,-9.074851,-5.46628,0
1.3014735,21.636515,5.7846103,0
1.4873034,10.880152,-1.8735504,0
6.0892663,3.8545623,-6.985596,0
17.097178,-8.515688,-14.561343,0
17.129942,-17.83092,3.2698338,0
6.228024,24.743008,8.9107275,0
27.354605,-1.4582751,11.737169,4
22.924633,-7.5041165,15.238817,4
3.188549,-1.7775425,-1.2460417,0
-13.956661,23.050718,1.7970556,0
-14.351917,5.9721456,-18.147556,0
-3.1137638,-11.435075,-0.8652913,0
1.7598623,1.265113,27.779947,0
-1.0508816,-13.989654,-19.476595,10
-16.39244,0.2609285,-4.941256,0
-12.162934,16.66849,-2.3822846,0
-4.1730957,-8.143215,-3.0424302,0
-13.940182,24.2363,0.80925894,0
18.378172,2.5524716,-1.9762387,0
-0.9791981,-11.552273,-27.83908,10
-13.609781,5.5828843,12.270219,0
19.234241,-11.092412,-6.3257504,11
6.1615562,-1.8784633,9.788955,0
0.9184072,-19.44922,4.236995,0
-21.54876,1.338345,-7.179615,0
-0.32744834,14.194787,5.951665,0
14.123466,-13.677417,-10.868005,0
9.55832,-2.7781723,13.190756,0
14.760817,4.4147205,18.49156,4
20.320848,-1.1874987,-8.284522,0
-2.3253546,-6.760156,-4.1260552,0
1.022384,-12.785027,-21.953257,10
-8.862332,11.332987,3.3385494,0
-1.170726,-11.084186,-7.0094695,0
-19.432951,11.000351,6.418141,0
-5.8398933,-19.604889,-14.669788,0
9.784467,4.9311814,-4.6860614,0
14.06561,6.4610443,-6.786979,0
-6.5750546,-4.2675233,-20.467094,0
-9.961228,3.9413922,-23.751366,0
22.972645,8.397888,-7.3348956,0
-17.157253,-13.427368,10.146724,0
3.8293908,-10.463773,-25.621124,10
-5.9818606,20.896791,2.7266731,0
25.793613,-2.0482674,14.504379,4
3.6639762,-1.5532465,24.306042,0
-7.716405,1.2997214,2.2999918,0
-23.221886,9.689649,5.535427,0
-12.370575,6.7640085,11.174273,0
3.6233408,-14.289676,8.408782,0
7.0512233,22.971828,5.17814,0
-6.634698,-13.010335,13.297496,0
20.599525,9.029608,-7.83488,0
19.714317,5.1507626,-7.8468633,0
3.83109,-20.324299,13.553667,0
-5.7015758,-25.755358,8.714588,0
-7.30904,16.009592,3.3486466,0
16.386368,2.6424265,0.6300059,0
-22.249609,-3.3246322,9.797556,0
13.817457,-17.664698,4.6939836,0
-0.5554818,-7.036897,22.193798,2
8.377542,-8.33472,22.757118,0
1.8018245,18.380997,13.546045,0
8.242571,-2.979381,0.32565692,0
2.9108253,24.069714,9.707457,0
20.604406,13.336784,9.1039,4
20.952303,-5.4161744,7.594986,4
-14.755146,-0.5593806,-7.0858903,0
-16.01761,6.526114,-18.993893,0
-13.804166,14.527508,6.2331567,0
-7.5061674,-12.339507,17.643103,0
-1.4062083,9.243666,-12.762473,0
23.147068,1.6268768,-1.1898304,0
-3.6318429,-7.222721,-2.4025662,0
15.113318,1.0324337,14.633003,4
4.1101665,2.1814387,-0.34282026,0
-23.168121,-9.851692,-6.562553,0
14.4085,-9.263627,-3.9799602,0
8.808396,-2.4646714,14.907234,0
-15.79657,-0.7396708,-3.5818813,0
8.950172,-25.61459,9.492196,0
-0.90416235,-14.311685,-4.8228564,0
-14.638492,1.2161615,-6.4666643,0
-3.7422147,-2.392221,-15.628653,0
7.5165534,3.0342975,-21.51283,2
11.250523,-8.619062,19.725239,5
10.088057,-8.356837,-10.522024,0
2.830701,0.2674535,6.343231,0
-6.9210067,-26.746992,1.7118028,0
-3.8676045,-14.306217,-22.974731,10
-26.648895,0.9406115,9.359114,0
-6.719222,0.3034077,-16.900253,0
-1.1707189,-11.084181,-7.0094633,0
18.572887,-4.073954,17.15659,4
-1.4960773,24.651737,-11.612478,0
19.033472,-3.9193637,16.543941,4
-9.232692,-9.360423,-6.382816,0
22.665138,-7.839702,14.358091,4
-13.447858,14.471592,-11.036179,0
-3.3327708,0.044628214,9.114286,0
-16.017918,4.7671685,19.868938,0
-22.349709,-11.869088,2.9625683,0
-5.296317,2.0708067,-14.021909,0
-5.944382,-14.99202,9.702793,0
6.513513,4.464869,15.638585,0
-18.537025,4.2718825,-1.6009679,0
-2.9199111,-20.007622,16.70843,0
-11.527675,7.502115,10.933724,0
-9.6616955,18.010738,7.255908,0
-27.321331,-11.778164,3.0003722,0
-12.15579,6.364084,10.479611,0
4.60054,-19.474592,17.519217,4
4.7657185,-19.181288,17.24784,0
-15.882954,-14.814786,9.795615,0
-0.3190677,-14.151364,-19.008451,10
-9.15607,18.355288,6.997212,0
13.345626,-12.464264,-17.081581,0
-9.184457,11.342315,3.450041,0
18.45648,-3.1402898,20.338522,4
-3.058773,-11.53093,-0.91016424,0
-24.243769,4.1548295,-3.1376777,0
-12.419961,-1.24654,9.702662,0
-2.7808664,-3.9936733,5.9289503,0
-5.294974,-0.83108854,-13.302569,0
8.222431,6.7355776,-23.794085,2
0.80197316,-9.518944,16.190763,2
16.954836,-11.78273,-8.443007,0
5.248628,2.6148443,-6.789661,0
-7.4123406,-19.381554,5.6199703,0
-6.412187,12.285646,-20.171648,0
25.021688,-2.2040803,14.728893,4
-17.808317,11.941961,-9.949229,0
-7.812345,-11.587636,16.296051,0
-15.144557,4.2483125,-9.8634615,0
13.310637,-12.652925,-1.4630532,4
0.6798862,-20.646902,15.390133,0
13.297781,12.248275,-5.273592,0
24.579838,-8.161362,6.4857125,4
-7.634224,8.730783,12.861354,0
-13.551675,-19.241852,0.9227991,0
-14.406597,22.930368,2.099005,0
0.7915343,-9.283621,16.642286,2
4.081848,15.376056,-9.026284,0
4.570565,2.2238905,-9.645704,0
-12.817699,4.342958,-12.647248,0
24.773817,4.1351047,7.6828923,4
-1.1860311,8.076511,-3.2379856,0
7.8657184,9.0115385,-23.589216,2
-6.8453903,18.87232,3.0667422,0
-6.388861,-0.9772649,10.461196,0
3.911076,-12.67823,2.382667,0
6.106118,16.701035,5.7161837,0
-0.285744,23.144464,-11.224884,0
-9.234873,-9.365203,-6.380077,0
-13.018244,5.2534003,14.36898,0
-4.2442093,1.0080994,1.2371284,0
-11.733162,26.501457,-5.6528063,0
3.3249035,8.799463,-0.98301196,0
-18.475752,-9.7891865,3.0017552,0
13.723849,-17.66409,4.7417893,0
23.980492,-9.204148,6.5007663,4
-22.38921,1.9009593,-5.408236,0
6.5274596,-26.614426,13.017273,0
22.716505,-1.1810815,-7.387177,0
-25.272285,-7.3330145,12.090507,0
18.513535,6.4921346,-11.971433,0
-8.293296,-6.398661,-0.38874853,0
-12.377269,12.492999,-10.065381,0
5.444002,22.689695,4.149021,0
13.711796,-4.881166,-5.9961333,0
14.108621,-13.679556,-10.874073,0
19.127163,11.406351,-9.518361,0
-6.815349,-24.497572,10.532999,0
-3.370437,19.955536,-13.115406,0
8.84136,-8.711285,-11.27171,0
3.830999,-20.324326,13.553639,0
-11.170407,-27.625896,2.2968545,0
-3.2190132,0.49505022,10.220754,0
23.074102,-7.7741866,7.312826,4
-9.199232,-6.856653,17.19459,0
1.6797881,-9.483256,6.0952086,0
1.8571687,1.1469121,27.805115,0
21.172508,-0.8106128,-1.6063683,0
14.758808,5.1108646,-9.462078,0
-7.7570577,-18.430622,6.2593675,0
-1.707621,-7.493275,24.132591,2
-12.274177,4.510455,-22.996685,0
6.73744,3.969101,7.248855,0
1.1182861,18.372267,4.1136823,0
4.8896465,-14.868101,2.5618467,0
-14.393606,-17.550863,2.7671576,0
-7.971985,-4.4475937,-19.191826,0
-1.1706994,-11.084166,-7.0094457,0
4.7583103,-19.18728,17.24317,0
-26.360912,-0.4022083,6.8919187,0
0.55103976,13.612707,-4.9430547,0
-1.7090124,20.38479,-11.551982,0
7.5293484,-3.2317908,-14.46244,0
-20.933939,-10.215537,3.7953577,0
14.403771,9.074722,-7.676834,0
0.73976,17.825893,11.522221,0
-5.6014953,11.089763,19.836046,0
17.371815,3.652565,-7.9575715,0
0.00083786575,21.23914,7.3900213,0
-6.3788466,-0.95253605,-16.760195,0
-9.197184,-6.868847,17.202826,0
-11.190044,-10.784439,16.911203,0
27.84582,-1.5277594,12.11752,4
11.629869,13.654146,-7.8621206,0
12.313167,-6.7784758,-3.063623,0
-5.253801,0.932079,1.9278913,0
-5.7359424,-25.617462,9.156225,0
11.531208,-13.244886,-19.055088,0
5.0911226,11.34113,18.11511,0
3.2511861,1.0578116,-30.19503,2
16.925846,9.550086,-11.413558,0
-12.745425,16.50898,-2.2180042,0
-11.759877,-21.610838,10.699824,0
-14.550524,-26.347158,3.5494158,0
-4.7673764,12.68432,21.108475,0
11.0324545,-13.422992,-19.380129,0
3.2595541,14.648065,-9.40798,0
-11.7055855,-5.4260697,8.033304,0
14.676787,4.745064,-9.627457,0
6.9868493,-9.897351,-10.38653,0
-9.232692,-9.360423,-6.382816,0
-15.424724,-25.971373,3.176876,0
0.31785786,-9.145074,18.124554,2
-4.5623093,-2.0297291,-16.578423,0
10.071123,-8.586029,-3.734236,0
13.644804,-7.150495,5.7909155,0
-2.0328624,1.2160268,-17.338045,0
-10.682186,4.4586945,0.06206036,0
-0.42908743,-13.593013,-18.903765,10
-5.5511045,-22.326326,3.3241105,0
-21.609838,-11.281788,3.737023,0
7.8116355,23.694483,7.770167,0
-15.326657,20.614975,4.552087,0
3.6784964,10.19064,19.747255,0
23.867067,1.2232581,-5.0771985,0
10.507632,-9.598933,-13.979491,0
1.7248547,24.578594,-6.733168,0
-11.806168,-19.822409,10.99974,0
-1.357672,18.01685,-6.1949587,0
-10.014656,-11.748996,18.780434,0
-9.362515,-8.149291,1.8880372,0
23.134752,14.075557,8.849255,4
-10.103674,-21.723248,11.386714,0
-12.376003,-1.2645481,9.747508,0
-12.690359,16.511093,-2.300889,0
-7.2571945,-26.855202,3.3143382,0
8.938411,-25.635595,9.562208,0
7.325206,-4.952784,13.1787405,0
-16.541199,0.54714453,-2.7969744,0
5.3934264,-26.480541,-5.668338,0
-13.897838,4.966396,15.915262,0
1.0930077,10.705523,5.314772,0
1.543336,22.083511,-10.439551,0
19.837921,1.1122524,-1.6812876,0
-10.121308,1.1190052,-14.605859,0
12.23875,-14.226814,-11.625734,0
15.2186,-12.83152,13.302772,2
-7.3917017,22.265635,-0.7170402,0
4.43011,-2.7241,-2.5401368,0
-12.4684725,-20.658018,-0.2842904,0
-12.720181,-4.762697,9.0325,0
18.411037,2.458955,-2.295395,0
8.289424,-1.9698597,14.733607,0
-13.541378,-19.252117,0.9109328,0
11.629228,-4.719807,-17.776934,0
-21.731462,14.370322,-3.6088936,0
-7.100056,-24.254341,10.719308,0
-19.675974,-0.6911638,-3.4046566,0
-3.5245905,-13.178255,-26.035866,10
-1.9779325,-6.5037465,-4.4229937,0
5.323218,24.764448,8.939788,0
8.4850645,24.035982,9.270052,0
-8.308264,-13.694103,-11.520225,0
-0.8978489,-5.350374,24.171673,2
24.71488,7.9685555,7.912223,4
7.80866,-2.8665042,-14.115044,0
-11.96426,17.272654,7.2240543,0
-5.2917137,8.726034,-22.54821,0
25.049889,-8.42229,5.8856106,4
24.739319,1.4359019,-3.9869933,0
-19.667429,0.451493,-1.772908,0
-11.559413,23.250914,1.4868941,0
3.8284063,-1.4951403,24.248156,0
-19.480335,10.514772,-9.340586,0
-6.745789,-11.376287,-12.709877,0
7.051968,-8.770552,-9.127519,0
-5.14086,-10.414401,7.667951,0
-3.0315707,-0.9324786,11.019768,0
-4.114613,-2.9489439,-11.601251,0
15.597491,-17.696276,3.9186707,0
0.34065104,-11.01009,-27.925943,10
-3.3811827,1.2533901,-17.146688,0
16.28099,3.4786272,15.774066,4
-19.818014,-10.211319,10.985016,0
-10.891873,-26.955797,-1.7958528,0
12.208,-6.835039,-6.1892605,0
-8.826053,1.6666957,2.480068,0
3.0028856,-10.248539,-27.231588,10
10.60372,8.958315,-11.758279,3
-2.6976078,-1.9983711,-11.933608,0
5.428959,-26.251307,11.04879,0
-27.099722,-13.478484,4.0359626,0
9.016849,-4.404366,-18.109205,0
-0.3489187,14.1439495,5.9897404,0
-7.3136253,-19.645515,5.446218,0
14.588091,-5.096303,-2.415864,0
23.40877,-9.069427,7.71338,4
15.184846,1.0788472,14.403564,4
-8.49632,8.366967,-4.538698,0
-10.004222,1.2263685,-16.008905,0
14.987058,4.8227706,18.266512,4
15.029589,-17.488632,4.1185365,0
-7.3081245,-19.642578,5.44813,0
4.577944,-15.246454,-1.1186234,0
4.426847,-15.479352,-1.8072692,0
-16.74642,1.3667498,-3.2569091,0
20.949677,-1.9105557,20.305725,4
1.3355726,1.0987142,24.387192,0
18.386124,-1.0676699,8.102348,4
-6.059001,-1.1050365,19.959612,2
18.49053,-2.3845465,-9.00048,0
-4.848575,-7.9071875,11.347478,10
4.700378,0.73667586,21.18668,0
-4.615705,12.970044,21.31405,0
11.789731,13.768057,-5.401252,0
-8.138578,6.8700757,-20.521614,0
16.161589,-7.1456547,-16.523155,0
-7.6017756,8.792656,12.978752,0
-12.637319,4.216406,-13.069325,0
6.888214,23.789207,11.849703,0
-13.374873,17.157341,-1.4448988,0
-9.964529,3.9471126,-23.762098,0
0.87435484,-9.0004015,4.7578764,0
-2.0766242,3.7938564,-17.65811,0
-19.61564,0.38727036,-1.7906815,0
1.626159,-11.187782,12.838388,4
-1.2717656,21.555553,-12.174998,0
-15.076751,-13.237178,-19.576996,10
10.054947,-8.573202,-3.7645326,0
3.146922,-21.862076,-6.8405232,0
-8.653975,5.9696703,17.134153,0
22.539316,14.346855,10.272929,4
-1.3961366,5.694585,-7.0342803,0
6.1745496,0.12722844,-8.720615,0
4.1876764,3.950329,-26.61989,2
5.5839224,4.514652,13.56569,0
3.8125026,19.340103,3.0495563,0
-3.99882,-10.160506,7.9456406,0
6.132607,16.663513,5.123227,0
-8.215842,16.68673,5.8195257,0
15.493333,9.055168,5.0944324,0
16.454634,1.8096024,5.9719853,0
18.706293,-3.6313424,8.668372,4
20.99713,15.449477,6.822782,4
4.709484,22.983664,4.472195,0
5.079747,1.8280014,0.1648375,0
11.584095,-4.9529343,-15.558803,0
21.533129,1.1778022,-3.9959877,0
26.72302,-1.8215166,12.993812,4
-1.2396636,-11.677878,-27.76231,10
6.211092,4.9956183,1.2404095,7
-12.713379,-4.2107143,19.489515,0
-12.048452,-18.010244,-2.9788356,0
-1.7630763,5.663859,-4.9236894,0
-6.636846,-0.28533706,-12.561914,0
13.843797,-7.0452447,7.1106195,0
6.4536753,24.887972,11.230948,0
3.6221013,-0.29767218,-0.34623626,0
-19.849134,-10.212196,-0.882194,0
0.9412296,18.653767,4.4357214,0
-8.81187,5.483953,-4.397964,0
-10.514033,3.6227884,1.3680831,0
11.135221,13.271107,-9.025713,0
3.2999253,8.884262,-1.0918286,0
-1.5841824,20.41501,-6.3573503,0
-16.572763,-10.440054,-2.29924,0
-20.144367,-9.5814495,3.493486,0
12.211075,-14.216211,-11.635314,0
19.857185,-2.1765294,-7.857697,0
8.083529,3.1087878,-21.252975,2
8.848821,11.397635,8.498369,0
0.11993366,-6.820872,11.579283,0
6.3195243,4.241517,-7.327791,0
7.5159516,-24.813473,6.66746,0
-16.659336,-13.990337,9.989271,0
14.140659,-13.677746,-10.861428,0
9.17545,-4.50001,-6.7635164,0
-6.580015,12.415779,-19.730999,0
19.576754,-0.103285946,-8.7410755,0
-23.194798,6.035931,-6.350125,0
-16.163294,4.481696,19.164162,0
12.109869,13.805648,-5.2759137,0
-2.81586,-1.390868,-16.549587,0
6.173668,4.4089565,15.365681,0
-1.0774497,6.8410964,-6.213778,0
3.2605407,-22.229336,-6.8651614,0
-9.60489,-27.488695,1.191208,0
-23.645021,-9.45743,-6.17209,0
-7.0549755,9.1940365,13.645664,0
11.751242,-8.671549,-11.933221,0
-15.787365,3.681502,19.659737,0
18.37527,-0.119442075,-11.693414,0
-13.074129,-27.315296,1.388797,0
-6.363382,-7.596864,10.057882,0
-16.347198,0.257185,-6.0190835,0
7.012778,16.592136,6.6874156,0
-10.240224,-3.9375093,20.516535,3
1.913418,0.2147958,-28.756931,2
1.2930275,21.019974,4.7092824,0
-15.6932335,-8.65345,-14.31354,10
-15.203277,-12.973045,-19.15819,10
-14.395914,-17.404411,-3.7542546,0
8.546512,-8.417398,-16.614336,0
-3.5275733,0.19167906,-16.55169,0
11.96234,10.667704,-1.474755,5
-11.955991,-27.481792,2.4346492,0
5.8337135,4.504477,13.675141,0
9.532307,-8.362393,17.573242,0
23.191074,-7.1384964,15.739748,4
5.438244,-25.669748,11.498786,0
-1.1583189,18.004112,-5.6496644,0
-7.045686,11.070017,13.432838,0
-17.9356,-12.362308,10.402713,0
-2.6527128,-12.506976,-26.987617,10
3.3426003,-26.03508,-5.635046,0
14.3397875,-11.766076,5.5587325,0
-1.6117203,24.380419,-15.373818,0
8.888193,-25.689133,9.713824,0
9.071073,4.231685,-28.043959,2
18.36516,-1.0738168,8.229896,4
16.304354,14.109944,-5.4003787,0
3.4103105,-26.092728,-5.6268077,0
-9.564493,5.7307754,18.021244,0
12.309534,-17.706928,5.4164114,0
15.721219,8.880569,1.4885758,0
5.024941,15.61072,-11.040329,0
-16.909704,-16.94125,-3.3480396,0
8.9717455,-25.58334,9.386129,0
4.2898464,23.455679,3.6759,0
-15.467513,-12.156831,-17.951757,10
-6.6972,11.736858,-18.578836,0
2.9922993,3.2269416,-26.905138,2
8.935771,-2.61032,14.841852,0
-2.3244212,-4.7807274,26.877037,2
9.7398615,7.622525,-3.4969177,0
2.7395213,2.9891255,-27.186766,2
-9.246004,-19.813772,-15.173369,0
24.810217,4.1808624,7.894461,4
-6.3685117,-1.8297017,10.941343,0
-10.1985855,-6.5567336,5.452837,0
-1.251456,-16.3699,1.6222141,0
4.719057,-19.221024,17.225315,0
6.262412,4.073739,-7.392397,0
25.006176,12.6774025,6.702046,4
12.11675,-13.068291,-18.316017,0
4.9075637,24.480223,7.962826,0
-14.477383,-7.1626654,-12.516925,10
-1.3885049,20.619152,-11.333276,0
-7.9504423,0.3696879,-6.3907094,0
-6.216485,10.284637,21.329174,0
-3.50511,0.7561232,-17.058985,0
-12.310393,15.487854,-1.4939662,0
-8.022648,-17.353428,-10.547629,0
4.277512,-0.43585506,5.945703,0
0.34071887,-11.010252,-27.925425,10
9.703456,3.5914028,-27.730976,2
15.000622,12.264264,-0.74149764,6
8.737317,-6.2890844,23.479237,0
-19.8063,0.6236758,-1.7297155,0
-9.341958,1.9161712,0.87780845,0
-7.8038726,-3.700326,-19.422058,0
-1.5856144,11.464112,-9.586135,0
-16.9409,-13.709648,10.069312,0
12.231892,-17.7827,5.3457665,0
-14.670924,0.75269645,-5.9816747,0
-19.85451,3.6594195,-8.167262,0
25.169388,-2.0747776,14.787489,4
14.085892,10.880315,-6.281601,0
-6.38793,-3.4976916,-7.4513974,0
-24.004421,3.823603,-2.190354,0
-8.300487,-24.33058,8.037814,0
-22.268175,-9.89373,0.63716036,0
-15.723573,-8.982931,-2.4589293,0
0.5038696,-20.632015,15.842546,0
-14.90154,-7.3281794,-12.875012,10
8.243838,7.7615247,-22.52252,2
-24.007706,-8.9068,1.18877,0
-21.076,1.8642732,-5.354116,0
-11.249919,0.60904384,-17.291794,0
-0.688099,-6.635441,22.79148,2
-2.6448193,-12.206862,-1.2334162,0
9.576054,-2.8032157,13.209177,0
19.512442,11.797767,-8.163863,0
-4.16192,5.132638,1.6781231,0
0.38550484,17.685995,4.8368297,0
-6.185476,9.934118,15.389562,0
-22.249134,-3.3223317,9.79689,0
8.303366,12.932131,6.803352,0
22.218166,10.733045,11.021681,4
-14.16904,-3.4036431,10.620805,0
-18.906801,1.2481905,17.29095,0
-5.4843297,10.207104,-22.868029,0
11.612669,-3.6158473,-7.1461654,0
4.545898,2.8555446,-5.8314137,0
7.5473747,-3.2395422,-14.40154,0
4.6845913,-22.928406,11.095906,4
-6.563102,-6.4210424,-6.193904,0
16.9453,-17.799858,3.3457048,0
14.119952,-13.195441,-19.796194,0
-3.2087054,0.564413,10.438814,0
-27.715399,-1.1994195,7.2460837,0
20.579363,-2.6361148,21.569256,4
9.767973,-6.9794493,14.103013,0
-10.763438,-10.228674,-5.8236027,0
20.40911,0.6853403,-3.724804,0
-8.802679,-0.5943738,-23.827974,0
15.888879,6.6982126,4.437491,0
2.4926028,-14.707023,-2.7874293,0
4.259755,10.759857,18.944738,0
-0.22343361,-1.1265196,-16.15499,0
6.275513,-0.70536697,8.374613,0
2.3902633,-25.522175,-5.751725,0
-20.063597,9.443777,-9.023177,0
7.533351,0.7494254,-9.591262,0
18.484425,2.1900804,-2.769999,0
-13.667343,-3.126666,7.35422,0
4.209294,-19.49512,16.255816,4
-9.318959,-19.801994,-15.196485,0
19.127184,0.50097704,-5.3847632,0
-7.491884,15.572827,3.520656,0
13.667006,-5.9222693,-13.271011,0
7.5702753,22.43361,4.7646027,0
10.686141,-7.4457545,-9.960367,0
-8.935574,1.7459419,2.3535268,0
-9.506866,-6.685262,5.543549,0
10.548877,6.056456,7.8371277,0
-12.278251,4.555712,-22.756372,0
-6.045699,11.663799,-21.125002,0
-3.0455365,-14.295579,-21.850914,10
-24.944674,-8.550842,-4.4002495,0
-12.573602,13.6697235,0.014262289,0
4.013127,-14.184987,8.806093,0
9.627067,-0.25105974,-12.14843,0
-7.1849704,22.524614,-1.7762868,0
-11.248998,-27.703318,1.5830852,0
-23.838768,3.77986,-1.822342,0
-15.822059,-10.166671,-15.666292,10
12.506177,-13.390911,-1.6733284,4
13.634008,-8.891265,-13.19824,0
-1.474072,-2.0606992,-14.7863,0
14.271982,12.141527,-4.230626,0
16.77656,-14.2174015,12.310634,2
1.1312194,-12.698172,-22.198042,10
-6.4580135,21.982107,0.9672966,0
-24.835579,-8.733604,-6.388296,0
5.090654,20.889175,2.8122609,0
1.1829576,22.7775,7.6622667,0
6.0406,8.540967,18.972008,0
15.067542,12.228542,-0.7685269,6
-7.772715,-18.008785,-17.503113,0
-0.47189316,23.96281,-12.21389,0
-4.9733195,1.6106902,-13.981215,0
-6.9085383,12.302021,-19.039154,0
-8.922736,23.310287,-1.9682835,0
16.045803,-9.348846,-3.1481626,0
-8.125256,-0.4369696,-23.941702,0
1.7606125,24.983791,-7.2549305,0
-8.750499,1.26557,-8.500905,0
-1.3162886,9.173259,-12.677993,0
2.9893286,-12.026423,2.2335105,0
2.846247,-20.720325,13.167454,0
-3.250557,-4.128026,3.9490113,0
-6.1238847,0.5678579,-16.745274,0
2.2313576,17.224928,11.56127,0
3.7398589,10.186424,19.685682,0
-1.509374,19.762463,7.3170047,0
-7.958881,-23.544968,11.053586,0
14.106352,-13.206059,-19.810236,0
-16.631495,-16.66267,-4.076129,0
9.495762,-9.249627,22.94637,0
-5.0147557,-7.975181,11.262223,0
16.231092,-17.685785,3.6382012,0
2.4371543,-0.47980842,-0.9082816,0
-9.494695,14.674322,5.237475,0
-15.284011,20.739084,4.5067363,0
13.283741,1.2524405,6.048653,0
-12.0496,15.656314,-1.8627225,0
19.53056,11.565889,-6.4000287,0
-1.2117964,-13.998248,-4.507051,0
-6.171143,18.70649,1.3426403,0
-22.774574,-10.243244,-6.979847,0
4.2200317,10.837124,18.939604,0
15.873813,1.2074066,13.828054,4
2.0863829,-15.969309,3.20626,0
12.855102,-5.107773,-12.408082,0
13.59833,-13.131291,-1.9340395,4
23.518616,-8.951803,5.842895,4
-4.7336893,-0.9906046,15.129096,2
-15.443802,-16.32642,-4.1380825,0
7.2211795,-23.974968,-6.5926394,0
0.92540675,9.654449,5.1449585,0
16.66166,-12.134344,13.498668,2
7.345026,14.972015,5.811618,0
12.524596,-7.6475883,-1.2059569,0
-13.519792,14.466313,0.8070885,0
3.5971732,15.029137,-8.832321,0
21.13475,-0.15724365,-0.8583249,0
6.144522,4.4963098,7.065858,0
-2.248955,-5.5998273,26.222357,2
3.4888496,14.63894,-10.649684,0
-20.2041,11.587367,-4.137633,0
-9.513292,-19.750916,-15.285716,0
8.588326,-2.4996467,0.7868045,0
-14.650553,3.6739466,-8.966899,0
6.710668,-19.617619,-5.7267423,0
-0.591958,23.970158,-12.710177,0
-18.921537,1.2507167,17.284,0
-0.90553224,-5.3158526,24.209879,2
3.9286618,-17.456202,13.099111,4
-4.846795,-7.9181614,11.344152,10
-9.22826,-9.35108,-6.388122,0
-0.3524671,23.56798,-7.196216,0
11.135345,-4.498366,-17.90277,0
-7.314374,-19.646439,5.4465866,0
24.33783,-8.8227,6.881712,4
19.327139,-2.400173,19.33855,4
-14.686824,4.6747684,13.725149,0
-21.342676,-11.06946,3.8728993,0
-7.9634666,-6.245179,-0.70674384,0
11.924567,-9.03861,-12.444988,0
-14.6316395,-26.140842,-1.3719603,0
23.867939,8.368679,-7.4315147,0
9.337464,-10.754758,21.843054,12
-21.601398,9.724724,6.2403755,0
23.087416,5.5170445,8.908246,4
-16.143974,4.578395,-9.957561,0
-6.3131204,-2.0187774,10.380275,0
3.020345,8.991693,14.761176,0
-19.932436,10.4178915,-9.215365,0
18.202856,6.033073,-11.845639,0
-11.725502,-22.378714,10.4798765,0
-24.38129,-8.890081,-5.159385,0
-7.29214,20.396046,2.9198809,0
-1.1823545,21.44482,-6.6077313,0
-9.427658,-9.502561,-11.84754,10
0.9423259,-9.897942,14.771913,2
2.5094883,-13.395609,12.11534,4
-5.860437,11.336989,-20.881498,0
0.5455509,-20.636208,15.726689,0
6.569743,-3.1605303,-1.0460935,0
-14.463562,4.841385,16.873392,0
-14.331208,5.502042,15.454911,0
-12.728215,-0.9525377,9.126432,4
4.65586,-5.581577,-2.0652828,0
-2.242343,11.127521,-9.520628,0
-3.722281,-7.2217226,-2.2928376,0
8.843278,4.518043,-28.174654,2
-15.190047,10.180086,-8.442506,0
15.6629,9.124067,1.8331494,0
6.7972016,-19.65145,-5.764522,0
-9.362518,-8.149287,1.8880361,0
11.501704,0.28164652,-1.8167673,0
-21.458809,-6.2386837,6.531586,0
16.182543,1.6387691,1.1996498,0
4.464023,23.493511,5.4196877,0
18.68418,-15.96055,18.375696,2
21.39506,5.7556095,-1.0618106,0
17.083696,-8.63786,-3.9803686,0
-9.797383,-3.9303043,19.336197,0
24.034025,-4.666785,15.333241,4
8.149031,-3.105309,0.27573135,0
-1.033352,-13.852535,-4.570983,0
5.8739305,-25.502357,11.267739,0
16.362463,-0.048544753,0.62850475,0
9.534384,-9.434343,22.883957,0
-9.715808,13.696002,4.6290407,0
-0.058212623,-6.080158,27.941652,0
-9.980636,-10.831536,-5.559368,0
9.485395,-10.917076,21.714142,0
-0.27915257,25.26361,-12.788321,0
4.237832,-0.31784293,6.0805554,0
5.804703,4.443762,14.427251,0
3.0956202,-15.395686,12.007839,0
-5.6856136,11.071313,-20.274591,0
9.09032,10.847298,16.908571,0
-0.16946721,-1.6047817,-15.788992,0
3.0416281,17.170017,12.205781,0
-12.713379,-4.2107143,19.489515,0
-24.846807,-6.974891,12.124119,0
1.3934296,-10.096614,6.1006317,0
-20.812756,11.528345,-6.173271,0
-6.1872635,-1.6047552,19.47793,2
-22.806448,-8.466739,6.167909,0
4.63104,-19.479776,17.623838,3
19.783302,2.9208636,-6.4007187,0
-6.499538,7.7885075,-21.493517,0
-0.37580228,12.763279,8.414066,0
-17.185076,-25.082329,0.94356805,0
14.354171,-8.283224,-2.393399,0
8.474823,24.261919,11.250019,0
0.0047647967,-21.13239,1.5098728,0
-15.203277,-12.973045,-19.15819,10
-4.6389227,-3.9365714,24.217947,0
-23.849361,9.110943,5.4571066,0
-12.913819,13.832538,0.36844355,0
2.6295998,1.1687403,28.573736,0
20.660408,13.4317465,9.028153,4
-9.933851,3.9504178,-23.794594,0
-7.734076,7.89156,-4.903004,0
15.2141485,-12.806483,13.310306,2
0.6526417,-20.644365,15.462472,0
0.8047095,-9.524612,16.173683,2
-6.1661263,-25.95422,-1.0885024,0
5.642369,3.79713,-7.569484,0
5.397149,4.3252645,13.994158,0
-22.896645,11.211203,4.3820744,0
-6.7561154,8.758413,18.691494,0
-4.270771,-8.609273,-3.6842566,0
3.1271877,4.447687,-29.218899,5
-27.04617,-10.128183,2.0187733,0
10.989655,2.3120928,-26.505457,2
-1.3856452,-6.373725,0.52827996,0
0.0133254295,13.382569,-5.191431,0
20.632765,13.624221,9.160969,4
-6.289794,1.192181,-0.18970779,0
-25.124832,-7.149911,11.912194,0
12.91049,9.03378,0.26754528,0
9.339197,5.2842517,9.188495,0
-22.248762,-3.333797,9.80187,0
19.425531,11.143776,-9.371871,0
-20.57003,13.119879,-2.7291818,0
-5.5944953,-25.689442,9.212243,0
-5.823332,11.07891,-21.415455,0
-13.245558,-27.25711,1.4005935,0
-20.509321,-12.793455,-8.709732,0
6.3031926,5.7232256,-13.025721,0
-6.7208805,-26.687466,1.8282365,0
5.1395,-18.017866,13.750449,7
-8.31043,-13.702666,-11.515052,0
-0.08232146,-6.552291,11.720299,0
-6.037555,9.280472,18.056581,0
-19.746815,-9.602085,3.4052913,0
-17.971191,11.960728,-10.029402,0
-6.1865444,-26.417843,1.2466172,0
-25.37351,-8.342945,-3.6584942,0
-12.198698,22.733854,6.294061,0
-27.574068,-1.3162031,7.360658,0
21.661427,-6.8819532,14.796344,4
15.865104,-7.9286904,-15.90218,0
-15.857003,-25.708538,3.2899487,0
18.813616,-16.787846,15.38799,2
-15.641594,0.46019495,-3.8479629,0
-11.843367,20.21232,7.7211986,0
-8.014541,-17.404945,-10.610857,0
-11.658666,-14.021809,-15.265057,10
-16.554773,-10.439607,-2.3020296,0
4.4899945,24.118004,7.0626287,0
25.01098,12.676929,6.7179394,4
-7.8588595,0.20948268,-6.3666234,0
-15.43296,-7.9673133,-13.640601,10
-8.031817,-4.15358,-19.157715,0
-27.022713,-10.060853,1.9825903,0
1.0859262,-12.733934,-22.101486,10
-6.853633,7.737747,-19.937996,0
11.251657,-8.618145,19.721706,0
-1.1142069,6.810966,-6.204724,0
-3.2399232,-5.9549994,-2.004028,0
-21.128162,10.424456,6.0593514,0
-6.496744,-24.823402,10.188326,0
20.156536,-2.705153,21.908243,4
10.427763,-12.4850235,-9.571768,0
11.13933,-10.788386,-2.0226874,0
9.84284,-5.471894,-17.673449,0
-3.4092534,16.784067,-8.258459,0
-15.516992,15.284687,6.778607,0
-18.259533,1.02546,17.469828,0
-0.9874071,23.16647,-13.081831,0
-11.69304,26.188053,-4.809311,0
5.805334,-26.204988,11.114337,0
10.092988,3.1929984,-20.591202,2
-27.745054,-1.5521215,7.074274,0
-14.10345,5.2248955,12.753311,0
-1.2759688,-3.0510352,-13.126039,0
14.3431425,9.217481,-7.5926824,0
16.827662,6.5147643,5.3211284,0
-0.25704297,-8.411221,20.368523,2
-27.190779,-13.3958845,4.0012803,0
-6.4914756,19.62375,2.6058328,0
-13.132657,5.103293,16.075172,0
4.3725905,23.686094,5.8758054,0
18.812971,0.5699291,-6.625134,0
18.620932,-7.832732,-14.683393,0
11.440672,-8.902565,-0.8911346,0
-14.232094,22.885714,2.1536753,0
6.1313615,24.835226,9.800785,0
15.83063,0.5373206,12.507839,4
6.336866,11.480766,17.316113,0
-18.915674,1.25044,17.286743,0
-8.318801,7.0328155,-4.69775,0
-3.824024,-2.7804444,-15.554904,0
-1.1686503,-11.102035,-7.007772,0
17.698242,-15.476237,17.071331,2
-18.969915,1.2628495,17.263237,0
3.7104316,-10.280592,-9.479251,0
-12.688853,-19.64883,2.2006567,0
6.371013,5.74353,-13.0234785,0
-12.399422,11.368215,-9.634277,0
5.528924,16.297861,-9.967113,0
0.7837515,-9.165297,16.84904,2
-19.317448,-0.53335524,-2.4967973,0
-7.3621445,22.080906,-0.8050704,0
-12.962428,-7.2889957,-11.850351,10
-8.335395,13.061369,3.3643744,0
19.866367,-1.797025,21.447174,4
-16.929441,-13.724795,10.0651865,0
12.089199,-17.754694,5.443557,0
6.1789627,0.19155818,-8.728387,0
-6.560645,-6.425324,-6.195069,0
-1.7727517,-18.114737,-0.09901701,0
-11.681287,16.796988,-2.7876687,0
9.528404,-8.36542,17.580097,0
0.31138465,-18.640375,5.1375666,0
-13.3770275,5.437004,-15.675179,0
-19.635862,10.9500885,6.3432374,0
0.7773544,-4.780343,12.835882,0
-18.045084,-9.801411,3.1188598,0
-10.64106,13.778414,5.1969624,0
1.9098401,-11.78684,-24.391348,10
-15.511228,5.8674493,-9.667386,0
-5.5703425,12.028136,16.44007,0
-13.189723,5.8326945,20.570402,0
19.91916,-2.085563,-7.9552965,0
-20.208557,4.926403,-3.330416,0
-5.675452,10.524636,-21.850954,0
12.903431,8.863662,0.39074147,0
8.477545,24.26167,11.243212,0
-16.079515,12.9396925,-6.5857916,0
-3.155405,-1.9364305,-10.5767355,0
-7.2900896,8.97047,-20.46881,0
23.497938,7.5905485,13.381641,4
-13.5597315,-26.65318,-1.1783115,0
19.148726,11.397782,-9.533158,0
16.136848,-12.581255,14.848168,2
-13.684219,17.245626,-1.1500506,0
-9.694103,-22.09718,11.375696,0
-5.507761,1.5237579,-1.6532118,0
-14.923079,18.504211,6.130971,0
17.279972,4.725395,-8.433029,0
-10.327488,10.1669235,3.6933582,0
2.9285393,-21.986227,-8.249606,0
1.0901524,18.438023,4.20851,0
-3.0503764,-11.545992,-0.91725326,0
-5.3090897,-9.142734,6.4191957,0
16.493538,13.763291,-5.08951,0
21.705864,-6.720905,15.209622,4
-9.234873,-9.365203,-6.380077,0
-8.308266,-13.69411,-11.520228,0
4.6633844,-5.173055,-3.3596046,0
-10.695104,-11.469861,15.37221,0
-13.090381,-18.20288,10.458145,0
1.4996785,11.019678,5.6448674,0
8.226988,-9.340317,-14.71903,0
-10.385604,-26.635958,-2.3696504,0
-2.9179323,-19.99787,16.724243,0
7.261028,24.501886,12.098541,0
-1.3780258,20.411837,-6.1499586,0
6.692547,10.652991,17.58376,0
-2.1271343,-3.1646767,-13.470961,0
-12.239521,-4.8472676,8.757797,0
-0.6906149,11.458327,8.881513,0
-1.3578694,25.361132,-15.338595,0
17.017931,9.607842,-11.427764,0
14.573582,4.3776674,18.417866,4
-7.287205,-13.54502,10.612821,0
14.851945,1.4101924,15.206888,4
-17.212412,4.46365,-9.725537,0
-18.757586,-9.700296,3.2470002,0
-0.08349957,22.287523,8.427019,0
5.871167,-10.314614,-26.032145,10
18.344246,-2.6815903,8.88862,4
-14.111176,3.9149652,-9.566319,0
-14.559037,24.252762,1.0031472,0
-15.748222,4.778053,20.7684,0
-2.8616877,4.015,-17.739574,0
-2.4576743,17.080082,-7.438265,0
-18.340267,-24.18651,2.1418018,0
-1.2981939,-4.1261115,25.67047,2
7.0070953,-2.241686,10.592197,0
3.3015351,9.3500595,-1.9944763,0
-24.009268,3.8884284,-2.0124662,0
-6.1592245,-20.076387,-14.877205,0
-23.155325,-5.9066815,10.982598,0
12.458077,-12.221124,-1.2803828,4
-15.93464,-25.804337,2.4576309,0
-26.999853,-9.998719,1.9480886,0
-2.2744443,-14.758736,-4.6788907,0
1.0725162,-10.130071,13.624793,2
3.342973,21.746445,3.9824586,0
11.631978,13.899132,-7.587656,0
18.341722,-3.6598253,-10.379695,0
-21.912266,13.364175,-5.088318,0
19.135002,-16.063116,17.188356,2
15.308031,-8.072216,-15.930647,0
-11.241416,4.5364137,-0.13166969,0
17.995026,-1.1817743,-3.938646,0
-3.3878138,-1.7726477,-16.509321,0
-8.077066,6.8595476,-5.5526896,0
8.895617,-9.89585,-0.015464049,0
-7.6430736,0.24186565,-13.120029,0
2.507919,-13.391934,12.115227,4
-15.5433035,-25.846457,-0.8648652,0
3.0284405,8.951677,14.93481,0
12.901185,-5.67256,-14.494151,0
4.397454,5.6161175,-14.462441,0
-17.753702,-8.713815,-3.7309608,0
-14.99933,-26.07134,-1.0029913,0
-1.8883004,-14.172443,-20.406355,10
-7.205306,19.821075,3.6046932,0
-1.4304175,-13.394484,-4.6393404,0
4.281027,-0.43704018,5.945578,0
6.7512193,0.8047509,-9.506994,0
8.5013275,-2.7392707,0.8758997,0
27.32751,-1.6792662,11.772792,4
0.76189303,21.948206,6.015601,0
-7.9718904,-0.42652965,-23.983847,0
17.011063,13.245215,-5.298884,0
-7.2030187,-14.518013,-11.624843,0
-7.536341,-2.185477,-23.942291,0
-13.723557,-3.1102786,7.3875027,0
-11.237617,-5.7542815,7.339374,0
14.929325,7.2898426,-8.711393,0
-7.99034,7.4468575,13.875777,0
-12.345386,23.077316,2.1753063,0
-23.29894,-9.733332,-6.4236937,0
-13.236412,-18.500061,-1.398761,0
0.35280225,13.748762,-4.9125433,0
-10.268758,11.250315,4.0972567,0
-9.346952,-3.9720747,20.134426,3
-7.9914584,-0.4443644,-23.965063,0
-10.228452,-14.713809,-14.453201,0
3.9034388,6.977357,14.4816,0
24.174814,-1.6636603,-3.3359835,0
15.958663,3.6291232,15.801339,4
6.766519,6.903013,-12.174409,0
20.2054,-0.78408974,-1.499735,0
24.50975,10.988989,10.520731,4
1.0171963,17.249935,10.54498,0
13.345794,-12.461117,-17.078613,0
7.9053516,22.830866,5.586112,0
16.574713,13.694078,-5.0484805,0
21.479519,5.7343297,-1.0954593,0
0.05626254,21.490736,7.4819,0
21.253855,2.4413283,-10.642526,0
17.518297,-5.4079285,-10.611644,0
-18.72215,4.5061126,-2.056998,0
5.654002,-4.44506,16.296158,0
16.985863,-9.085444,-13.041459,0
16.769371,-14.220886,12.306042,2
-12.1491995,5.213978,-19.84062,0
-11.836406,22.454395,6.7838755,0
-0.92332256,20.680601,-5.9295716,0
6.7661867,16.051945,5.833428,0
-0.02935539,-13.752923,-18.642752,10
-20.12702,13.002764,-2.3242233,0
18.381134,-1.0695212,8.130663,4
1.398542,15.503508,-4.0593114,0
15.87441,1.1883324,13.813974,4
-6.205228,0.36765334,-13.463255,0
0.81408525,-4.7353835,12.866791,0
1.79503,18.384272,13.547027,0
-14.465985,-16.428875,9.774763,0
5.382075,-27.302132,11.35977,0
-0.5458865,-2.0802267,-14.756193,0
11.250523,-8.619062,19.725239,5
5.727834,5.9363437,-13.552777,0
7.885884,-2.7331305,-14.062493,0
-2.3743427,-12.32812,-27.187218,10
-8.892629,5.773179,16.454794,0
-21.469961,10.222264,5.853228,0
-0.5521699,-8.337475,21.084728,2
4.4594216,-2.8698423,-2.6314042,0
23.90338,7.103385,13.243084,4
-8.416937,7.167835,19.615622,0
7.5084066,3.035002,-21.515083,2
-11.777637,26.602776,-5.401908,0
-8.377737,-11.519979,16.107578,0
-8.65986,7.662429,-2.987791,0
-1.7812004,-18.10776,-0.11037572,0
-1.215203,-13.996282,-4.506121,0
-14.899852,-7.3253303,-12.877827,10
-0.31506145,11.0614,9.0038185,0
11.446968,-9.98177,-13.566795,0
7.3135595,-23.878815,-6.630659,0
-11.00169,-10.536236,17.972548,0
-2.9459043,-0.74357474,11.342176,0
-21.814241,14.431258,-3.5324779,0
-14.076713,-3.7892144,7.4628882,0
-22.227757,-10.06587,0.16591215,0
16.646626,-1.0219094,-11.951394,0
-21.599833,14.08759,-3.7325058,0
1.0529768,-10.098076,13.702532,2
13.655422,12.737337,-4.67224,0
-3.3579063,-0.35052866,8.347218,0
-19.93035,-0.48940912,-3.1825912,0
-6.8816266,8.347235,-3.706967,0
0.51256025,4.3556294,7.197515,4
-19.03004,10.971053,-9.574814,0
-17.993969,11.936844,-10.068899,0
4.42298,2.5253928,-29.003237,2
9.42065,-10.854243,21.765528,0
16.404797,-7.3916135,-16.195627,0
18.618917,-3.0646012,19.863745,4
0.7956128,-5.257718,12.540461,0
4.8394256,-25.041397,7.227609,0
12.646585,-12.099406,-1.1291268,4
0.9811186,-9.906858,11.725137,0
-0.3305392,-7.4127994,21.370285,2
13.702627,-12.994212,-2.7031674,4
-13.347279,23.800165,0.9226059,0
-1.1653965,20.603067,-10.744072,0
-12.519494,12.754424,-9.572598,0
5.9841723,16.81658,-9.722281,0
-8.604706,-26.450695,-1.8804157,0
-3.0286577,-1.0538281,10.784058,0
6.211943,4.9965506,1.2408882,7
23.489609,-7.874496,7.4170556,4
22.887981,1.3740726,-1.1113443,0
-4.021532,-7.1797295,-1.9597183,0
4.952212,-19.073904,17.637516,0
-8.047705,-4.150334,-19.14884,0
-2.094998,-6.4694715,25.426088,2
-9.719091,-16.26888,-15.354588,0
-16.80482,-25.287249,0.1841331,0
4.031371,3.1451676,-9.608606,0
-3.5503712,-1.6251911,-10.558324,0
-2.8920069,-19.822538,16.596628,0
9.865039,-8.826047,1.4422643,0
-20.736172,2.5540612,-7.486405,0
2.3951206,1.3761026,-1.3456639,0
15.648825,-0.00084632315,-5.435903,0
25.20217,-9.47084,4.2213683,4
-27.30133,-11.531055,2.8459902,0
-1.173123,-11.08347,-7.0081253,0
-0.78291464,-2.4056292,-15.074205,0
-15.439087,-1.0700458,-3.9834707,0
22.596334,12.927029,9.65228,4
10.609426,-10.603603,-9.313161,0
1.6219326,18.341616,13.369997,0
-26.197588,-8.291332,-0.6183677,0
-9.232723,-9.66509,-11.904132,10
9.606094,-0.49089628,-12.023196,0
-2.6398826,4.67998,-19.30223,0
-2.641958,-12.219618,-1.2388934,0
-0.6415246,-1.6355423,-16.231775,0
6.0259833,3.9699256,5.757153,0
-7.2065926,-26.208384,-1.4466344,0
22.291838,10.242815,11.416353,4
2.409563,1.5178661,28.55837,0
-23.172802,-12.894536,3.5184965,0
15.873957,-12.689064,14.692297,2
4.016434,-27.744741,6.956391,0
-27.278954,-12.577469,3.481464,0
15.036804,12.244126,-0.7557059,6
-9.369525,-8.191253,1.8645352,0
-21.159569,0.06387874,-3.876121,0
-0.90713656,15.267895,-5.293099,0
-1.8740941,11.0107765,-11.046915,0
8.9848995,4.235325,-28.026857,2
-14.686893,4.674414,13.725528,0
-6.384842,14.072702,14.85499,0
-14.121196,5.9026794,-17.408709,0
-6.69277,18.853338,2.7358103,0
5.149599,-18.021421,13.759007,7
-16.827898,-16.721842,-8.52173,0
5.1543503,15.893709,-11.2983675,0
14.277972,-5.862427,-15.964336,0
-8.5761,6.985921,-4.5127196,0
14.470229,4.192866,1.0265061,0
-17.3962,-9.365147,3.6328697,0
20.620756,10.12067,-7.8495502,0
-9.695196,-22.096642,11.376552,0
4.742362,-9.933173,-8.954384,0
-1.3427367,8.307578,-8.97101,0
-0.97923243,-11.552329,-27.838917,10
-23.066229,-5.8381095,10.925603,0
-6.87135,-18.531294,-17.204142,0
5.0459027,21.321184,3.0947144,0
8.208317,24.355495,11.808833,0
8.983087,-7.6211696,13.331349,0
-22.728224,6.011908,-7.468969,0
-8.549975,-10.776801,-12.6239605,10
1.6974348,-10.003767,7.409937,0
-21.05234,-12.135808,-8.331865,0
-27.263182,-1.7507432,7.4750223,0
16.053808,1.4379638,13.53067,4
20.908018,12.960125,-9.334144,0
-2.2495277,10.679441,-11.16492,0
9.7375145,3.6064079,-27.754848,2
0.578694,19.629616,-4.2897744,0
21.16714,1.1100107,-3.949389,0
-13.682399,17.244064,-1.1553776,0
15.711211,7.8675003,2.0064683,0
7.0572677,-3.569662,-12.863289,0
15.947893,0.43792206,13.255863,4
-12.539269,5.4541802,14.049537,0
10.891883,-12.377868,-10.90179,0
4.491339,-5.58637,-2.3306265,0
-9.613625,-26.575306,-2.1577115,0
-6.0299597,-1.0992982,19.918095,2
-13.58016,-26.363457,-1.9155837,0
-15.283516,-12.736235,-18.79316,10
-8.060487,6.2770276,22.212729,0
18.722696,-1.1554623,1.1321577,0
8.2287445,3.4917321,7.5564723,0
-7.1633687,-1.7441279,-23.334105,0
-2.0669973,2.9332893,-18.29468,0
-21.031303,-6.31282,7.952317,0
6.4404387,1.3947364,-6.9845285,0
-2.8793697,-4.016844,11.568257,4
-0.49587345,-7.162767,21.957998,2
11.794453,-8.854552,-12.189606,0
-10.8914,-27.000565,-1.6925174,0
-0.1390917,24.49352,-14.287975,0
4.605835,18.726887,0.72941625,0
-16.831131,-16.733603,-8.535178,0
25.01766,12.626128,6.8055115,4
12.896985,-7.2936397,-14.750173,0
7.5869126,-5.6317325,12.910658,0
-19.133932,10.611606,-9.411741,0
-12.668019,-2.3605778,-6.632717,0
3.890547,-1.6098142,23.560028,0
-1.5635242,18.38585,-9.905388,0
-18.184788,-9.789509,3.1363056,0
9.466176,5.269644,9.124147,0
2.946677,-22.227804,-5.92543,0
0.34618902,-1.0577691,-16.663385,0
-9.057314,7.472489,-4.037831,0
5.1560435,4.289632,14.161895,0
-19.060658,10.254622,7.2386436,0
-15.272944,-0.041245442,-4.4535975,0
-2.9278321,-0.63173246,11.43471,0
-7.552252,19.744324,4.542274,0
4.6126995,19.217947,1.5598272,0
23.078014,1.6737378,-1.0144823,0
-4.962456,-9.635703,6.5854588,0
-3.8676045,-14.306217,-22.974731,10
-21.218042,-8.126117,11.106223,0
-15.478606,11.101305,-8.711034,0
-9.15389,-23.356318,5.616472,0
-22.243326,4.454187,-1.2651896,0
9.016531,-25.486366,9.0798435,0
-15.021084,9.245369,-8.637169,0
-4.7613235,12.698819,21.128239,0
-8.123103,20.949932,5.5873723,0
3.7514832,18.823483,-0.9855256,0
-17.18827,-10.112916,-1.763025,0
10.974542,12.728678,-9.775285,0
-10.606112,-27.182947,-1.0676773,0
22.315699,15.667208,7.012123,4
-9.501716,-9.4447,-11.828198,10
-15.810447,-9.236223,-14.842092,10
9.652152,-9.443319,-14.6861,0
-24.917381,-7.033669,11.898104,0
3.9318128,1.2781389,23.712528,0
-1.769451,9.898726,-11.989998,0
10.571114,-12.552126,-4.3637614,0
0.93978024,21.787527,-6.3696046,0
-16.997828,-13.634949,10.08947,0
0.8144583,-5.441979,12.428014,0
-16.59845,-16.668571,-4.0974555,0
2.9293058,9.14933,14.427069,0
-15.629695,-11.530976,-17.078197,10
-18.740168,1.0512737,17.348976,0
1.6120319,-10.03345,7.3566523,0
14.266777,-11.63038,5.7027926,0
18.880047,-3.8066244,16.69635,4
19.795296,5.5202303,-8.307634,0
8.930827,-8.484548,-10.190941,0
-1.304378,17.814001,7.059611,0
-16.621008,-16.68726,-4.0380254,0
18.282255,0.35265028,-6.5227003,0
-7.515185,-12.34131,17.63841,0
-18.765358,2.023124,-6.6974273,0
6.6564403,17.399332,7.137664,0
7.0317035,-2.2618115,10.6291065,0
-7.59519,8.788249,12.966611,0
-19.051573,10.759393,-9.476466,0
-1.053555,8.107652,-4.083707,0
6.608436,-25.30687,11.131493,0
2.5574508,-13.517277,12.062097,4
-6.7078137,-12.963842,13.463854,0
4.033816,14.922815,-11.119916,0
5.463746,-10.193606,-26.123434,10
-16.011145,4.4034433,18.095633,0
5.3773437,-19.105873,-5.1081457,0
-13.612159,14.516059,0.9158784,0
-1.8342798,-5.6063004,-3.6345801,0
-7.734745,-6.4557405,-18.50029,0
4.1001,4.031753,-26.485573,2
24.213766,5.02602,12.026864,4
-9.379006,-19.772623,-15.243757,0
7.404147,15.060519,5.8347664,0
11.011539,-10.495534,-1.8857158,0
19.247034,-11.09125,-6.3276834,11
12.885563,11.793666,-8.86888,0
-14.55287,-16.344612,9.676661,0
-8.527505,23.111288,-2.047678,0
-6.9305997,20.96526,0.8417754,0
19.885712,-1.3488741,-8.371106,0
-12.417656,-1.2521245,9.709244,0
-20.957163,10.724469,-7.3934703,0
3.0011537,9.247089,-1.1933578,0
-5.7473264,11.141353,-19.908318,0
14.798762,-8.108883,-1.7797205,0
-13.622023,15.643922,6.4222145,0
-4.0663204,-13.751255,-24.99488,10
-23.472036,3.705972,-1.3163592,0
-12.858714,-4.414604,18.37714,0
7.002749,-23.80225,-6.9906034,0
-7.904532,-10.623061,-12.304312,10
-12.989351,-18.347626,10.497212,0
2.7486022,-21.872305,-6.845729,0
-9.325944,18.478182,7.154635,0
14.618135,-6.0604997,-1.9108175,0
5.395429,15.227839,-11.130177,0
2.840228,-15.055608,-2.7510934,0
-3.1814675,-14.30309,-22.019295,10
2.617316,23.917322,9.509202,0
-5.5273714,8.7101555,-22.388227,0
-18.31842,0.012255019,-1.4178836,0
16.069347,0.3781777,16.640207,4
13.847355,6.8436775,2.7760694,0
-7.886018,16.451105,5.1438823,0
-14.812657,5.3598495,12.10806,0
-15.656734,2.9414837,18.299747,0
21.731691,11.545672,11.562447,4
-9.1719475,-23.36756,5.6445074,0
3.2929742,3.4771252,-28.998762,2
-6.105947,-1.1104437,20.03052,2
-13.689003,22.666395,3.3759534,0
-8.474344,-17.15364,-11.731076,0
2.4976428,-20.66647,13.383929,0
-4.1606164,-13.982144,-24.367277,10
12.3153105,-17.717606,5.3742976,0
-26.639921,-0.208282,6.793291,0
-6.3708706,-24.950136,10.045357,0
28.265375,-1.4896849,12.316128,4
-18.220078,-15.9768305,-8.6485615,0
4.606261,0.9728272,-2.533713,0
12.616149,9.764793,2.488904,0
-6.263522,13.8444805,15.080821,0
-16.095295,4.6500196,19.336409,0
-15.241417,-12.860993,-18.98426,10
12.499067,-6.7299995,-6.0693326,0
11.800431,0.20001249,-1.350894,0
-20.11614,-9.583182,3.485317,0
-2.4733872,19.503592,-12.447976,0
-10.977934,-27.722982,1.5330249,0
-12.478448,13.790244,-0.38396162,0
18.356752,-0.8157162,-0.044762865,0
-6.548354,20.351164,-0.050243277,0
4.0846205,1.4800789,23.41102,0
22.483038,11.963433,11.529724,4
-13.4585495,14.769306,-10.958716,0
-1.4158982,5.6854086,-6.2211866,0
-22.72672,9.775377,5.5697107,0
-1.3468353,8.4032955,-8.965406,0
0.11291399,21.275404,-7.9446483,0
25.008965,12.634795,6.7985377,4
-0.84146965,8.393405,-4.996584,0
3.8159084,-16.705624,-3.4615307,0
-18.136513,-9.793122,3.1291401,0
15.553249,-17.695658,3.9381905,0
-2.82363,17.749535,-6.2284784,0
19.22713,-12.154272,13.204073,2
-5.980538,1.2050622,0.8802104,0
9.09032,10.847298,16.908571,0
10.851027,-7.373911,-10.098501,0
3.3853388,8.837179,15.207132,0
21.180384,5.768912,-1.069391,0
-8.750564,23.536547,-1.6709028,0
13.053252,0.4206449,6.617279,0
-11.126338,4.56142,1.5531924,0
-14.367636,5.1866465,-9.457792,0
-10.562228,5.4656377,15.973793,0
12.591229,0.5851788,-1.2668244,0
5.043764,22.519053,4.01424,0
-17.1233,-13.474878,10.13083,0
-16.968534,9.902231,-9.163762,0
19.930857,7.97881,-6.107895,0
23.565397,3.9663885,-3.432881,0
-8.13089,6.420868,-20.815804,0
-12.427542,-0.17771521,-16.198666,0
-14.613518,10.695293,-9.033721,0
14.068321,6.5805745,-6.814713,0
-11.728586,-4.1486597,20.506441,0
-7.1828465,0.5032758,-13.353172,0
-7.146656,8.835382,20.189688,0
-23.604212,8.890289,5.289471,0
25.030912,4.4447427,7.3884444,4
-2.2942917,-6.738788,-4.154945,0
-7.858992,-17.959356,-17.52285,0
-11.155674,-5.8100824,7.218114,0
16.861767,-8.6825075,-3.9972525,0
-12.523654,-1.2097456,9.579889,0
-0.3599123,-2.2098591,-14.892605,0
4.0515785,-13.074205,2.3320005,0
-12.264489,-6.2054057,5.6755576,0
23.330711,1.5542271,-1.4144261,0
-5.7322345,1.4147943,-1.0492519,0
8.150248,5.864711,11.216428,6
23.176357,-7.975458,7.488421,4
-9.213923,-6.814636,17.224848,0
23.26366,-7.041602,15.788931,4
-0.0413737,-6.101199,27.947191,0
4.2965097,-15.339903,2.7840896,0
-0.13505714,-6.3099813,11.827837,4
-16.746733,-13.9066105,10.011664,0
-21.40812,-6.3826313,6.7129836,0
22.441082,11.785318,11.569167,4
19.775377,-13.955239,16.221436,2
24.45208,3.7145689,-3.5935655,0
-6.3652124,5.72911,0.6723339,0
-12.24705,5.2740207,-19.595413,0
1.0181308,21.277822,-4.607805,0
-10.076759,0.11034353,-17.310839,0
-22.895792,5.611589,-7.4346,0
-12.712758,20.222013,7.4555936,0
8.921564,-4.216276,-7.313091,0
16.492426,9.416354,5.081594,0
21.834446,-6.9082036,15.466338,4
17.989252,10.190355,-0.7140568,0
-2.5885818,-4.6051893,11.60707,4
8.647502,-7.9218116,23.0138,0
8.8740425,-7.650615,-1.7891439,0
6.731223,0.885636,-9.492529,0
-9.1162195,10.685161,6.2074447,0
4.0878325,23.970486,6.7807302,0
4.5858626,19.389385,1.7464347,0
11.020049,2.2672787,-26.450588,2
5.8696604,23.336573,10.004424,0
-4.7788563,-0.4360241,-10.246362,0
16.43458,3.436823,-1.4625974,0
1.0016718,23.366327,-7.909529,0
16.546587,-8.941549,-13.735264,0
17.959606,-10.999479,-5.632657,0
16.317318,-7.4208503,-16.184456,0
-9.0366335,1.8053,2.3440247,0
19.954445,-13.351268,15.958417,2
-1.530217,15.517456,-5.73251,0
-12.58646,-2.4323356,-6.670044,0
0.80093926,-9.325958,16.571857,2
-0.23164797,-21.117931,2.0769093,0
0.8901862,-19.895555,2.533406,0
2.8214922,1.5959713,24.115675,0
-19.176416,-15.325371,-8.553143,0
13.614851,11.512851,-4.1582994,0
10.657824,7.762334,-12.508772,3
-9.5016,0.20457838,-22.33987,0
5.5381556,22.996862,8.459266,0
-11.685316,26.19397,-5.5240884,0
9.661673,3.547964,-27.680964,2
-0.0062289806,-13.726164,-18.617918,10
-6.322009,-2.0022101,10.422836,0
-6.5772934,-13.217928,11.922296,0
-8.895164,6.4624996,13.73276,0
23.262995,7.4247155,13.718139,4
-8.070924,0.53217983,-13.715122,0
7.5292625,14.850294,5.8540096,0
4.1948166,1.5997617,23.201853,0
-11.328173,-14.233092,-15.121989,10
14.854261,-17.677267,4.2473664,0
-6.159595,-25.136412,9.874662,0
-10.506716,-20.324919,-0.1677654,0
19.649448,-1.5773048,-7.8625126,0
8.2816925,23.357332,10.368935,0
19.921629,-3.72749,8.787457,4
-11.147862,-1.8597533,17.304867,0
1.1858554,18.248196,12.859674,0
5.54939,-10.211356,-26.103804,10
-17.753922,-8.71382,-3.73102,0
8.612582,-9.787116,22.325056,0
-4.1506586,-14.092425,-24.050816,10
-4.639819,-3.9317775,24.211239,0
12.916662,-17.68578,5.105655,0
14.596591,-3.8829896,-6.6360035,0
-20.683542,3.8972015,-7.6564507,0
6.3742,1.135628,-9.609122,0
19.66415,8.379531,-8.087687,0
-9.333246,21.637554,6.335373,0
-7.763569,-10.718633,-12.348921,10
8.546084,-8.417821,-16.613914,0
-3.2414882,0.39555588,9.909266,0
-9.04064,13.394149,3.9871216,0
5.094584,-18.00205,13.713226,7
-10.240224,-3.9375093,20.516535,3
-10.240224,-3.9375093,20.516535,3
-2.8547869,-4.105836,11.573115,4
-18.117727,-2.1420653,-0.6189342,0
8.546403,-8.4175825,-16.614197,0
-4.277259,-8.608681,-3.6726716,0
-3.1048446,-0.5532943,-14.042339,0
-0.7059616,-16.202814,4.643872,0
-10.5967045,5.4295144,16.314857,0
6.396453,12.014441,17.111942,0
-5.4730215,0.82677776,-12.124707,0
-21.631437,-8.683271,5.021158,0
-4.774731,5.3877606,2.1281414,0
-17.056799,-16.586319,-8.619525,0
-13.62383,9.741496,-8.974952,0
1.8186344,1.1244326,27.750639,0
0.15442784,-18.616852,5.07829,0
-14.708019,6.0646205,-19.077673,0
-14.119522,-3.7726595,7.5059795,0
0.4905308,-20.627386,15.9543085,0
18.047968,-11.737763,13.870759,2
13.383203,-12.2923975,-17.856476,0
27.540356,-2.0876153,10.578829,4
-14.033078,-17.005257,9.901441,0
-0.9386003,19.824427,7.4430647,0
7.0707765,0.7137644,-9.179487,0
22.413609,-3.1003573,-4.014872,0
14.919359,6.5635624,-8.453139,0
4.643928,9.339026,19.41775,0
4.1816015,-10.361647,-8.869423,0
0.9710804,-19.853529,1.8384323,0
-1.7122062,-7.486029,24.144491,2
-23.387768,-9.375471,-5.5339537,0
16.516508,6.822171,4.417108,0
-1.9020042,24.551891,-12.002225,0
-8.154998,-16.5792,-9.456766,0
18.557245,5.3561316,-4.8985023,0
-7.5126987,6.7583885,14.313027,0
-2.9684,-0.6165189,11.454035,0
15.02712,-2.2800176,-4.5590444,0
25.53654,11.19449,8.24749,4
-4.455355,-1.1199414,14.718183,2
-10.404858,16.885916,6.9511595,0
23.779749,-1.1500491,0.35180447,0
8.2591305,6.204931,-24.349775,2
-8.371321,-6.443423,-0.3033344,0
21.251993,6.2346044,-8.25362,0
-19.68258,0.47364515,-1.7649926,0
1.2035364,17.374681,11.007245,0
16.665968,4.2360573,0.05002217,0
6.29588,0.22000824,-8.573114,0
-0.42908743,-13.593013,-18.903765,10
-1.5118426,21.554274,-12.601646,0
0.86139655,-10.829634,-27.859064,10
7.8947406,-6.1789417,13.006612,0
-12.406254,13.381632,-0.0066171605,0
5.412036,24.691061,11.115922,0
19.85692,-1.7071612,18.680632,4
9.842412,-6.8128157,14.208706,0
22.449795,10.811935,12.170404,4
15.506053,-13.69345,-10.330676,0
-22.867424,11.233774,4.379719,0
15.593759,-0.86224806,-6.8479385,0
-1.2334554,17.922678,7.087391,0
1.3758497,-12.501852,-22.72092,10
2.1929235,1.5583872,28.369232,0
-2.9315636,-14.288602,-21.705181,10
-6.6351695,13.890212,14.370306,0
-17.304113,-10.20985,-1.8150561,0
14.444758,-11.952728,5.352016,0
13.828458,-7.4259067,5.555653,0
-2.5340815,21.889482,-9.266851,0
-9.641745,2.6186502,-0.12802023,0
-9.239666,-19.813738,-15.193229,0
15.694651,9.240992,2.492528,0
-15.562216,5.9410653,-9.638988,0
3.8195267,1.7915846,-9.7403755,0
11.06881,12.826717,-4.3803864,0
17.32665,-8.473161,-14.681052,0
23.823862,5.1060376,8.695577,4
18.890547,1.3285631,-10.526901,0
1.4489775,14.854454,-4.350599,0
-26.674831,-9.445116,1.6511003,0
-0.769752,24.974968,-13.997215,0
-13.922858,16.398142,6.506511,0
6.7799535,-19.648193,-5.7603793,0
-1.1710006,-11.084008,-7.0092425,0
-12.778945,-20.780329,-0.054400533,0
-4.6643662,12.966084,20.3443,0
24.764244,13.994274,9.82678,4
-5.6969576,11.195236,-20.377007,0
17.822298,12.468271,-5.8755903,0
-7.765477,7.3283453,13.050153,0
18.319063,9.875866,-9.097736,0
0.9477296,20.326572,5.248363,0
0.6609079,-20.64526,15.441144,0
5.7131596,16.49728,-11.715827,0
21.642744,-6.757496,15.377917,4
-2.7265775,-4.059145,5.9583073,0
-1.4899286,21.650581,-12.680451,0
-9.524918,-11.508573,15.761257,0
-6.3198156,19.022865,1.5881355,0
19.279743,3.1011283,-9.9967,0
5.6692114,-4.543866,16.427486,0
-27.006664,-10.019094,1.9604828,0
-12.471337,4.544757,-23.289322,0
-2.3907025,-14.244705,-20.98051,10
-20.89637,-10.067098,0.8354287,0
9.45304,-8.728715,23.108585,0
-9.928858,2.5522742,0.41667378,0
-6.419446,16.896118,2.8321912,0
11.036431,12.510622,-9.93306,0
18.835299,-16.738253,15.578906,2
-25.040796,-8.486446,-4.2244244,0
-10.645101,4.298911,0.3073218,0
-3.9438546,16.527132,-8.324528,0
-14.780551,5.043114,18.547508,0
1.3599986,10.999301,-1.7991192,0
-13.753469,13.681646,-10.256309,0
5.103543,1.914009,-9.682714,0
-18.27985,-24.233492,2.140644,0
6.4653525,4.2486353,6.913777,0
11.735604,13.763128,-5.3950186,0
23.427477,0.38151088,-0.9744584,0
-4.6869197,12.801591,21.795841,0
-22.923275,3.0463293,-6.220579,0
-26.354733,-0.40573543,6.889756,0
-7.457553,-26.90154,3.6293015,0
6.725761,-3.243713,13.359155,0
-5.1391716,-11.02812,8.793839,0
-13.88353,22.516165,3.667148,0
-1.2292925,-14.017133,-4.506794,0
5.871173,-10.314616,-26.032164,10
-11.883345,23.77275,-0.09621747,0
-15.680931,-16.396488,-3.3523116,0
2.948452,-22.23159,-5.9255,0
-3.4003856,-3.0033314,6.6365714,0
-10.078706,16.783062,6.81257,0
-16.270212,-25.602114,2.502977,0
13.652506,-5.04279,-6.0753727,0
13.874383,11.598261,-5.3712215,0
-13.395534,16.976494,-1.6930478,0
1.3401592,15.8466015,-3.92192,0
7.8581233,7.901141,-24.78025,2
-1.5994693,-12.918908,-1.4693203,0
10.848387,-8.078271,-10.455318,0
23.898783,4.639889,8.40358,4
10.809279,-3.841064,-14.787866,0
-18.131659,1.076607,16.868668,0
19.64576,6.570926,-0.82027155,0
9.322453,-9.280505,-0.7066154,0
-6.1653953,8.1982,-21.778648,0
5.5854945,16.320103,-10.176266,0
13.0766325,-12.885782,-1.4752469,4
11.864969,-8.9527445,-12.330126,0
-7.702555,15.13328,5.3067913,0
-13.32921,5.798611,11.999329,0
12.357466,-3.6573226,-4.6464887,0
-10.828965,-4.0645714,18.986555,0
-10.919839,0.9367213,-16.065792,0
-12.507448,11.02477,-9.514569,0
-19.5825,-0.9748297,-3.08142,0
-6.9624076,9.184757,20.543324,0
-2.0069022,-5.5863566,-3.3781142,0
-18.132517,1.0768479,16.868189,0
-18.203703,-9.788274,3.13921,0
4.3228827,-15.299148,2.7934666,0
18.024136,-0.9131513,-4.085966,0
19.77266,7.238716,-6.9056015,0
-15.41075,-16.097475,-4.040795,0
-7.634424,6.696663,14.213118,0
11.468063,-13.602288,-2.8529577,4
7.835652,-5.9983854,13.414715,0
17.31687,-8.452746,-14.58167,0
-8.885124,5.7370763,-19.068848,0
-7.2164435,-1.5882052,-23.24538,0
15.508849,9.901778,3.6333768,0
8.346375,7.429889,-22.399857,2
-10.09999,-21.714546,11.378243,0
14.50881,4.3917217,18.419153,4
-18.196856,-15.637859,-9.03691,0
-26.382332,-0.37918624,6.8568363,0
-1.9260309,-6.465794,-4.4645596,0
-13.799296,14.525163,6.230462,0
19.429838,5.071115,-11.041254,0
-23.50071,8.537453,4.2354717,0
-13.768543,-3.99174,7.2388105,0
-6.5130515,17.636736,2.5748053,0
12.306369,-4.1572275,-3.9596617,0
-5.9625773,10.095838,-19.743,0
-14.903359,-7.337768,-12.86697,0
18.0069,12.253722,-6.0257163,0
19.272053,11.7139845,-8.855915,0
9.217867,-3.8196318,-17.739746,0
3.3952634,3.5596914,-28.911476,2
-2.1675572,-18.333261,14.763427,0
22.228172,15.942091,7.2358804,4
-21.815765,3.5006044,-7.4928875,0
-15.595274,-11.689853,-17.29068,10
15.80132,3.6100204,15.781752,4
0.61527073,21.474035,-6.982769,0
20.7963,-5.2519083,7.6377892,4
-16.69499,0.5535218,-2.6240828,0
-15.906245,-25.698244,-0.6421932,0
-24.382723,-9.221896,-7.1354,0
10.8455715,5.431038,-11.604493,0
3.9881103,-1.4033777,-2.3490717,0
2.5047565,-13.388914,12.117587,4
-6.396039,-1.366677,19.425484,2
16.811968,-7.6962924,-13.782641,0
13.03098,9.494627,4.3922377,0
-13.381908,13.075817,-10.622403,0
-11.275069,-10.629867,17.36298,0
-6.5631,-6.421061,-6.193904,0
-12.053198,3.8563116,18.88423,0
-1.173123,-11.08347,-7.0081253,0
5.0506473,-25.039171,7.140047,0
6.7385335,4.2507935,7.2034106,0
1.0371172,22.37365,7.0783434,0
9.78175,4.9262547,-4.6802015,0
-6.9772973,-18.468975,-17.246372,0
8.396805,-2.0555773,14.753877,0
-9.954189,5.6508937,18.391949,0
5.209013,4.2709565,13.69339,0
3.8827667,-20.098087,14.266203,0
-8.703474,5.6558895,1.303273,0
-3.1950657,-5.9323153,-2.0446737,0
13.160022,14.159709,-4.6528964,0
1.777185,-2.598934,-16.568708,0
-16.801262,-10.011134,-0.40590414,0
22.34464,6.881673,9.085527,4
15.817184,-5.498883,-11.619455,0
0.58801097,22.55763,8.447962,0
22.639975,6.006819,8.425828,4
-7.3186145,8.16392,-4.9756246,0
-16.403101,1.4684452,-7.4445667,0
-5.9838753,13.510782,15.671883,0
3.8044035,18.838713,-0.87860835,0
0.88737595,-9.7943535,15.25554,2
13.4112625,-12.253014,-17.790195,0
-8.303427,-17.720139,-17.596962,0
6.6038866,24.762974,9.922419,0
4.509849,2.2346647,-9.667441,0
-3.0455365,-14.295579,-21.850914,10
-24.637432,4.333191,-1.6276497,0
10.325702,6.5252185,-4.9273667,0
-18.082579,0.7007445,-6.37201,0
8.086457,-6.4627542,13.208467,0
-24.559925,-6.675935,12.136264,0
10.797928,-11.542719,-10.5390625,0
-22.205395,-3.3598895,9.737429,0
-0.4376394,-14.155836,-19.20434,10
-0.99066806,8.478272,-3.5840461,0
3.6664257,19.269272,3.2073898,0
17.03961,-9.192659,-5.6908503,0
10.135397,-13.440207,-2.8802092,0
-5.971234,-25.310146,9.673356,0
-6.8159738,12.484583,-19.152296,0
-11.650336,26.068632,-4.762589,0
-9.232692,-9.360423,-6.382816,0
4.3968496,-19.396185,16.830648,0
6.7202945,4.2626185,7.2152953,0
-8.342622,6.825398,14.006417,0
5.494631,-25.602934,11.380253,0
5.38219,14.897331,-8.318281,0
-15.271139,6.2602434,-19.091782,0
-9.728196,-0.20217375,-17.384459,0
20.659079,13.457847,8.999806,4
23.015417,-7.6078753,15.813341,4
-14.526987,5.9981613,-19.698616,0
4.0523505,-27.778404,7.069305,0
8.156672,5.86585,11.2078285,6
-26.903204,-9.798236,1.8464458,0
-18.889008,-14.690128,-9.240827,0
11.250523,-8.619062,19.725239,5
-14.437669,10.166981,-8.94654,0
-7.1984177,21.095974,1.5047644,0
-8.308304,-13.6939125,-11.520488,0
15.499932,8.120811,-9.099785,0
4.5103455,23.939201,6.5952463,0
9.140394,-7.209043,-1.6002599,0
0.046120685,21.87384,-9.04408,0
0.79477733,-9.28236,16.639431,2
4.0908203,2.7000277,-0.23224553,0
13.139229,9.407626,4.4269004,0
-15.433042,-7.9675283,-13.639067,10
-6.8969803,-24.439707,10.571093,0
-16.325155,8.582057,-9.040892,0
-0.96389014,-14.051863,-19.193478,10
16.719942,-9.007307,-5.441202,0
-6.8670306,1.0850139,2.0491974,0
-4.0769396,-8.597099,-4.031519,0
21.049,-2.0969925,-5.3034463,0
-24.086226,9.021155,5.578483,0
13.781058,11.516271,-4.353108,0
21.784723,11.602995,11.636422,4
15.83253,-0.84010714,-7.143522,0
-14.551497,1.6025413,-6.6690865,0
-12.861542,4.2632003,20.377306,0
-5.400397,-25.89407,8.856283,0
-11.044628,0.41674885,-17.530891,0
-17.16566,-10.075066,-1.5633693,0
8.530013,11.148395,8.244806,0
-13.012078,-4.5307207,9.243256,0
-1.3315234,7.6885056,-9.24734,0
-7.041496,9.201875,13.622319,0
16.459251,-1.4306171,-12.607153,0
7.7353115,-8.270699,22.47912,0
-10.533221,6.1198463,19.970198,0
8.231693,7.7807126,-22.542456,2
-0.04635324,17.113922,9.2566,0
-7.916091,-17.749228,-11.03844,0
-4.926728,-1.5979365,-17.306194,0
-26.981789,-9.959787,1.9269692,0
0.8922595,-9.892277,5.2634916,0
10.59886,-7.4355397,-10.091974,0
-7.9058642,-10.625296,-12.304004,10
9.791786,-8.259494,-10.263906,0
0.87818485,21.893414,-6.791046,0
0.6916078,13.673029,5.0811553,0
-0.8546918,8.545607,-4.5614996,0
-7.314374,-19.646439,5.4465866,0
23.225365,-0.8274347,-0.58482045,0
-15.739556,10.477902,-8.368011,0
14.323367,9.191737,-7.596774,0
0.8735479,-9.764947,15.381934,2
-13.529699,5.849787,11.889147,0
14.821077,-11.860234,-2.9003487,4
-23.25985,5.816297,-6.375275,0
18.110083,-2.3655524,-9.084274,0
-21.864439,1.888259,-5.565223,0
10.495763,9.299724,-11.755124,3
-6.9472632,19.882751,3.1132677,0
-14.039021,-3.8148236,7.433282,0
7.7390413,24.416231,12.351687,0
-14.823785,-17.004879,-3.8895006,0
-1.9842074,-6.50848,-4.4182954,0
2.0800242,18.722803,14.212479,0
0.1682329,-9.797801,10.866965,0
-14.861852,12.258428,-9.518942,0
2.733181,-22.363653,-6.875956,0
-8.921975,-9.506902,18.06389,0
-16.140514,4.5564528,-9.917211,0
-25.603647,-7.9254127,12.544911,0
-21.74441,14.490958,-3.4473925,0
22.957268,14.563252,8.879121,4
9.397018,-9.212038,-0.5775334,0
-9.355341,-17.236063,-14.84454,0
19.779926,11.616889,-7.1736083,0
1.257769,23.960436,-7.612118,0
23.262259,5.4257503,-4.591608,0
-26.623724,0.86067915,9.219303,0
4.5078535,2.2783537,-9.642673,0
-6.29805,-26.538383,1.9910618,0
6.0111833,3.8389573,-7.2866206,0
-23.037899,-9.977266,-6.70852,0
20.127806,5.3618813,-8.435669,0
-9.339363,4.6313734,-19.004633,0
16.927496,-11.823287,-8.452524,0
-27.701796,-1.2145922,7.2974257,0
-15.366939,-15.982163,-4.6628857,0
-1.669554,24.486126,-11.67426,0
9.031379,-1.4684713,-1.3244802,0
-13.555477,13.30558,-11.025312,0
-3.3513873,21.385317,-10.411141,0
3.584675,-0.5132654,-2.3526535,0
-6.1832147,18.828398,1.274081,0
13.509201,-7.0749116,6.4866834,0
-26.347658,-0.40601373,6.8896832,0
-6.0503864,10.374134,-21.75784,0
-8.165339,-12.5052,17.520422,0
1.9653032,10.163739,-1.014752,0
-27.690636,-1.2185717,7.26399,0
20.642952,9.439377,-7.7355723,0
8.737835,-2.3661358,-11.703428,0
24.328192,4.8530183,11.984458,4
-14.345079,-18.304789,1.8474444,0
-8.5537,8.266115,-4.481883,0
11.8637495,-12.743168,-1.555075,4
-7.289296,10.9678755,13.0696,0
-5.762936,-20.380196,-14.764709,0
-18.7973,-15.122316,-9.01973,0
-0.056043882,-6.0855465,27.943491,0
14.890722,-5.93282,-1.7858315,0
-4.90636,-7.1196256,-1.3297697,0
-2.4679344,-8.589663,23.571243,0
-10.017028,1.0319948,-14.701827,0
-2.162023,9.410475,-12.333578,0
-4.5438213,0.9463378,1.2919557,0
3.2067943,-22.313402,-6.875041,0
7.5601983,3.0533614,-21.482204,2
27.47137,-1.5015513,11.551466,4
0.18125081,-18.628052,5.0785985,0
-6.944951,8.322157,-3.6584666,0
-12.52999,14.223434,-11.294136,0
13.630217,-7.128009,5.8555484,0
-13.283853,-18.106874,-2.245627,0
-14.5561285,-16.347101,9.638062,0
0.28950438,13.596215,-4.790081,0
19.97611,-0.63028264,-0.64745426,0
-18.539562,1.6944594,-5.1681323,0
-21.621578,14.299943,-3.3664594,0
-9.234597,1.9730887,0.74979377,0
3.8567853,-10.142903,-26.786318,10
18.311821,-7.98427,-14.793749,0
8.141937,5.8629565,11.227046,6
18.047642,2.9893522,-4.4181356,0
-10.644827,13.783966,5.1970773,0
3.8239543,22.952053,8.597328,0
-1.2728207,-4.148848,25.61474,2
14.474634,-11.99907,5.29148,0
17.141376,-9.3051195,-5.811182,0
-15.433042,-7.9675283,-13.639067,10
-9.8537245,-11.499826,15.664871,0
8.959779,-25.600798,9.446084,0
-22.144718,9.920094,5.8400636,0
-7.099566,14.542952,13.70912,0
3.0128071,1.3987129,22.304428,0
4.6819715,15.340894,-10.786416,0
-1.531034,18.618002,-8.137981,0
16.766188,-14.22733,12.3017,2
-18.079994,11.581172,-9.785725,0
-5.6206245,10.430837,-22.4357,0
4.5433984,10.745826,18.735462,0
0.5745285,-20.637436,15.656744,0
-12.082741,21.809603,7.305566,0
-7.3134212,-19.645367,5.4462194,0
18.51257,9.887939,-9.8368845,0
2.713035,1.5650378,0.03780283,0
11.141199,13.492979,-8.761564,0
-10.793626,4.361229,0.78831697,0
-11.529863,-20.138645,11.096573,0
-16.009779,-25.773937,2.244831,0
2.041806,18.205284,13.409516,0
0.7072259,22.550852,8.188674,0
-1.084437,-13.784958,-4.9835224,0
21.628376,-2.4994848,20.664894,4
-10.939889,-27.732798,1.3116835,0
-8.798437,-6.772078,0.2519848,0
11.544846,-5.049327,-15.74593,0
4.434091,2.3330588,-9.660204,0
4.3299866,-15.280323,2.7989461,0
8.931203,-7.55558,13.311251,0
8.954692,-25.232204,8.075175,0
22.20919,10.823517,12.227405,4
16.655493,0.7155222,-5.6002097,0
10.12179,3.439779,-20.571259,2
-9.788674,-7.0227003,4.154466,0
-2.5343592,-6.8877726,-3.910623,0
-4.715849,-0.97506523,15.470577,2
1.5781113,-2.2520382,-16.669807,0
-12.31692,-0.2354661,-16.417986,0
-16.710846,-0.021355787,-5.3013487,0
17.298563,-11.92461,13.686384,2
2.8922954,8.985231,14.778407,0
-22.862602,11.234702,4.3826036,0
6.2131386,8.630372,18.819902,0
3.137037,1.1214795,-30.229856,2
17.336979,-8.46316,-14.670318,0
-4.185234,-2.7646368,7.604777,0
11.18051,13.418473,-8.804772,0
-22.553253,0.52321714,-5.3602324,0
3.2567718,-12.009621,2.7127943,0
0.62106216,18.678535,4.681721,0
-24.12036,-2.305223,8.438664,0
2.8159747,17.270853,12.238605,0
5.8913946,-2.1113834,9.95886,0
15.745892,2.880521,0.80226874,0
-18.259207,1.0253154,17.469902,0
-11.91881,17.152412,7.193194,0
-13.159467,-5.2097673,8.988066,0
19.28705,-15.032716,16.542852,2
8.987675,-25.558727,9.299521,0
-0.8060465,-2.8964612,-13.875127,0
-13.216869,-18.222902,-2.0791376,0
17.408829,-13.857061,12.453851,2
-8.312255,-13.702759,-11.514442,0
-5.673458,11.062309,-20.553312,0
5.377137,-19.105818,-5.108069,0
3.0358038,-15.189807,7.9201837,0
-9.9042635,-21.917591,11.395661,0
-15.872398,4.285086,17.32077,0
15.842435,4.8571973,18.399498,4
-6.295642,5.8380136,1.4746535,0
2.828387,-20.712698,13.1858835,0
11.248819,12.301554,-4.070059,0
-11.621423,7.4182587,10.936632,0
8.9062,-7.528927,13.302368,0
-11.754645,21.272272,7.0699415,0
9.637405,5.7347803,-13.470972,0
15.840268,9.437433,-5.0644,0
-3.3502173,-0.074147984,8.886768,0
-12.570081,-18.91608,10.65273,0
1.9193839,0.33294824,-28.64766,2
-18.896652,-14.71454,-9.216958,0
11.269012,6.401273,-12.091599,3
-0.059359666,13.931497,5.6881156,0
-9.571824,8.552989,14.000432,0
20.136639,-2.7030313,21.912844,4
-1.2191072,16.926853,6.765457,0
8.383875,-2.1796997,-13.423025,0
0.37972122,-9.398252,17.653612,2
15.5600195,6.491425,4.555815,0
-0.13282031,-8.469187,20.029562,2
-3.056062,-1.4980296,-12.013861,0
-15.283516,-12.736235,-18.79316,10
13.345831,-12.461059,-17.078417,0
13.282824,-6.945486,7.2636304,0
-7.346628,0.2618029,-13.226428,0
13.648202,4.0278125,18.615313,4
-6.028619,-5.0914083,-20.78822,0
-6.725532,8.783602,18.681969,0
22.712599,13.571797,9.1943445,4
13.089305,-17.679684,5.039632,0
-7.9971724,7.2226377,-19.306406,0
-14.553975,-16.345778,9.6699915,0
-12.691571,-20.762194,-0.12094747,0
9.45883,5.2988906,9.126408,0
-9.180216,-19.838306,-15.130655,0
0.52576673,21.196024,-6.7975883,0
15.013901,4.8430824,18.294601,4
20.122694,2.9661384,-6.0803304,0
8.450428,-8.472253,-16.635471,0
13.141316,9.405339,4.320637,0
-11.630801,7.4127154,10.931596,0
1.0777967,-12.740384,-22.084066,10
-20.054493,9.707055,-9.04893,0
17.224176,-6.662004,-13.211867,0
-0.79655737,-5.9864,23.516155,2
24.58625,14.133239,10.193116,4
-5.745352,10.8813715,20.287529,0
-6.164082,9.919763,15.475419,0
1.7930025,1.0387996,27.672487,0
-4.2549324,-7.03669,11.682854,0
3.884436,21.946613,3.917585,0
-1.1701279,-11.086299,-7.013722,0
6.734538,11.836079,17.082012,0
-23.872591,-8.900679,8.452084,0
0.30222955,22.322594,8.4288225,0
-19.129662,-1.9715463,-2.8352983,0
18.45765,-3.1991742,20.183826,4
-5.8900557,-25.86136,-1.0807153,0
-7.9954343,-6.25694,-0.67946386,0
-2.1443434,-2.0368638,-12.302461,0
-15.955827,6.5039067,-18.872383,0
15.888037,-3.3068132,-10.623257,0
-6.41661,-24.886848,10.147348,0
-8.310507,-13.702813,-11.515284,0
12.650674,-6.5806713,-6.163053,0
8.860414,-1.5684234,-12.491448,0
9.429351,3.239351,-20.808655,2
-15.493459,12.808842,-9.918615,0
-2.7558062,0.15548179,-16.668116,0
15.663207,9.010485,2.4142895,0
18.070494,10.3832,-10.106282,0
-1.4785706,5.796071,-6.32089,0
5.7221394,8.861162,18.892982,0
-8.980108,3.52543,-22.735044,0
18.401579,2.5751553,-1.9116386,0
1.1914645,23.641178,-7.5460973,0
-5.4683924,1.4201295,-1.2888266,0
-21.21032,-8.120173,11.098625,0
-8.767425,1.6675427,2.0973012,0
1.4305145,24.327719,-7.5246005,0
-7.6240606,8.028649,13.771894,0
13.579191,2.0355573,16.97125,4
-17.004015,-13.627903,10.091201,0
13.77199,-4.973222,-5.8037457,0
-11.248914,-11.449166,15.212051,0
22.636616,1.1153083,-6.039692,0
-12.171694,23.867752,0.2656898,0
21.718699,-2.5734246,-4.2333994,0
11.533481,11.780169,-3.7193122,0
16.955547,9.643287,-11.5525055,0
1.3321791,21.619951,5.759185,0
-7.998176,-4.1947546,-19.170174,0
27.458656,-1.8277143,12.210061,4
-1.0542132,-1.8794287,-15.657114,0
22.494352,12.0107,11.514871,4
0.026696132,22.552824,-10.111862,0
2.1550746,-12.099751,-23.733334,10
-3.1623151,-5.9143887,-2.0755804,0
-9.362518,-8.149287,1.8880361,0
-22.083572,2.2438562,-5.623786,0
18.723047,2.6896877,-0.9733538,0
-6.0197535,-25.49611,9.031415,0
-4.28163,-8.608312,-3.6650975,0
-14.840384,-16.01235,9.63234,0
-6.5383725,22.671495,0.29579642,0
-19.451874,11.818314,-2.5921507,0
-14.890802,4.5872293,14.124376,0
-5.9835024,-25.88365,-1.1202437,0
-2.9331515,-12.705524,-26.734215,10
-1.2309607,-14.018761,-4.5069356,0
-16.01693,10.494113,-8.358583,0
1.295896,-1.5140264,-17.033066,0
-21.077217,-10.060708,0.8322038,0
-16.071114,6.5183005,-18.78612,0
19.35177,-2.5096204,19.402052,4
-24.843134,-8.606952,-4.551562,0
-12.962429,-7.2889957,-11.85035,10
8.823386,-4.5325365,-6.566531,0
16.432144,4.010794,-0.35130402,0
23.689045,-8.494031,6.054028,4
22.057177,8.120523,-7.347732,0
10.458456,3.6034818,-19.8438,2
-10.606441,-27.518984,2.889375,0
-0.5335082,-7.0837507,22.103014,2
-17.88892,4.73572,-2.8944492,0
2.6371255,10.044953,-2.2165158,0
16.97293,-15.81166,15.717162,2
-5.443663,-25.82379,9.004367,0
-14.025942,-16.99115,9.959373,0
-12.916683,13.300957,-9.117492,0
-2.1690948,-14.214884,-20.717295,10
-14.65428,3.6752028,-8.968452,0
-16.98481,-25.193506,0.4147779,0
18.14151,4.167726,-0.24479817,0
-5.9088516,5.756971,1.5587428,0
-12.061316,-14.044255,-15.739884,10
10.246428,4.951109,7.2294583,0
-4.780399,-7.7800198,11.422049,0
-17.013338,-13.616371,10.094474,0
-12.606385,-18.006811,-2.7118754,0
-14.033164,-7.1061134,-12.248576,10
13.58295,-13.081735,-1.83271,4
0.34065104,-11.01009,-27.925943,10
-23.567696,-9.496092,-6.109748,0
-8.792526,6.3988004,18.575716,0
-15.765846,-8.965125,-14.598791,10
13.30595,-6.9511304,7.210844,0
-1.0831707,24.758677,-14.598022,0
18.836739,-2.7640975,7.1876493,4
23.232765,-0.77381265,-0.58904773,0
18.806248,11.447233,-8.713196,0
-11.792414,-22.37714,10.448792,0
0.23314868,16.723753,-4.318534,0
-20.751057,7.056108,9.110162,0
-8.860232,5.574479,1.1552649,0
15.603395,-13.61864,-10.246765,0
0.13028994,-18.729277,4.8260775,0
10.625753,7.763348,-12.40002,3
10.797416,-11.7339325,-10.531036,0
-8.58408,6.9223886,13.417753,0
-15.831708,-9.488835,-15.061156,10
6.1614394,-0.75274515,8.518938,0
2.628435,24.811424,-10.052964,0
-5.6259136,16.331976,4.6665506,0
-20.667713,13.418287,-4.1823397,0
12.476613,-10.678869,-11.969795,0
-1.2278587,8.947775,-13.57322,0
10.507929,3.7237236,-19.857721,2
-7.5383677,8.33624,-18.196665,0
0.00886011,-3.275215,-14.970215,0
-15.327972,19.632797,5.248145,0
16.74867,-9.009807,-5.5860825,0
6.6344476,-1.8753351,13.785958,0
-12.713379,-4.2107143,19.489515,0
-6.3690605,-0.9871105,10.362145,0
4.6961904,-5.640853,-1.9274501,0
12.37268,-3.9489527,-4.117626,0
-13.470992,14.8411665,-10.617421,0
10.0906925,4.2413397,7.180786,0
18.728045,6.956706,-1.8079036,0
7.3557024,-5.09026,13.001755,0
-13.580795,-26.437077,-1.7206123,0
5.4216776,-10.598237,-9.809757,0
-12.542806,14.233701,-0.35807797,0
4.3608646,24.688025,9.25328,0
-13.859005,15.020121,0.8881865,0
-1.8829234,-7.1033597,24.67495,2
5.489931,-26.232527,11.026652,0
27.455154,-1.7090766,11.572917,4
-1.0453643,20.997992,-11.132076,0
-12.180527,-26.544773,-2.3790574,0
-17.918627,-0.27817056,-1.481704,0
-0.34705958,18.435516,-5.044139,0
11.895814,-6.1543684,-1.7332217,0
-0.79138076,17.752497,6.630126,0
-7.67588,1.293713,2.2101386,0
22.424831,10.745971,12.120898,4
9.129487,11.196023,17.40561,0
8.48045,11.263149,13.091074,0
10.851713,-8.681823,-11.993675,0
2.9486709,-22.263002,-5.9260206,0
-18.336897,0.81472516,-6.0148296,0
13.554944,-13.084983,-1.8051399,4
-4.975458,-7.948561,11.28363,0
-18.840147,11.603615,-9.910612,0
-2.9013228,-19.86803,16.632772,0
17.630072,-4.5353637,-11.016193,0
-8.154661,-16.583132,-9.45831,0
-7.029343,17.503914,3.4290268,0
21.909523,5.127112,-1.7627617,0
16.929539,5.6100345,2.299553,0
-16.593002,13.046521,-6.3377013,0
8.45457,4.258909,7.6215305,0
-12.20047,-4.616603,6.693643,0
3.3426003,-26.03508,-5.635046,0
12.844534,-13.6466055,-3.1154835,4
-15.045335,10.94237,-8.858265,0
4.6641316,23.270042,4.933203,0
-6.1643205,-25.932196,-1.1857182,0
4.3871655,5.613465,-14.468979,0
3.2742398,1.0369856,-30.183628,2
17.385569,3.7870402,-7.957609,0
25.115593,-8.394494,5.624037,4
-4.2956257,13.630268,21.196291,0
0.10040613,21.20389,-7.8318677,0
-25.522676,-7.842701,12.8564625,0
-1.9951924,-5.587057,-3.3949633,0
4.314855,3.1799023,-0.34940213,0
9.926482,2.4006119,-20.410297,2
-9.202146,-6.8524623,17.196596,0
3.0258312,-15.193408,7.9224296,0
0.65357995,22.540312,8.2404,0
0.8041292,-4.7482033,12.857913,0
-22.443943,-9.449925,12.096095,0
-21.015467,-10.0640955,0.8358468,0
6.6156096,-2.4597232,13.592381,0
4.8619804,-0.35102737,2.9395168,1
-23.854956,-8.9143505,8.507351,0
-18.921087,1.2510375,17.284231,0
-8.329488,21.165977,5.3816447,0
-22.99858,3.7591581,-6.2173667,0
4.3149953,2.2034667,-27.954351,2
-10.626441,-11.46482,15.409253,0
1.6871817,-11.311408,12.859796,4
18.473385,-2.3355618,-9.026638,0
20.113245,6.44084,-0.1901842,0
-12.577575,-18.890532,10.685252,0
-14.78542,-13.679347,-20.331667,10
-10.9341755,-20.168758,-0.3465979,0
-6.433706,-24.887457,10.116406,0
6.224683,5.678586,-12.971499,0
7.612019,2.2389333,-8.0243,0
16.748072,-7.4223137,-16.025026,0
-2.059454,-5.5841184,-3.304158,0
-6.0023494,-1.0909513,19.86759,2
-2.4518108,17.968544,-8.733581,0
-15.283516,-12.736235,-18.79316,10
-10.663935,-9.353833,-6.2807627,0
9.299867,-7.835163,23.313202,0
8.498135,5.3115115,10.013628,0
19.165287,5.5468287,-11.014231,0
-7.7632565,-10.718317,-12.348656,10
-10.394573,-11.499932,15.447077,0
8.980649,-2.6759713,14.921437,0
-2.600121,18.823523,-10.7319565,0
9.756251,7.570179,-3.6093302,0
-9.508731,-19.751896,-15.290373,0
3.9305782,6.9192195,14.480136,0
5.041581,-26.503773,11.523087,0
9.135763,11.170306,17.425573,0
5.3952,-25.711483,11.549204,0
-9.188476,20.804312,6.6596155,0
-0.94274163,20.520113,-9.645189,0
3.2709851,9.556386,-2.3473327,0
7.7972155,8.959248,-23.637154,2
-5.0862446,5.506279,1.9797114,0
-3.2118294,-1.5626094,9.414655,0
-16.031214,4.2231274,17.730608,0
8.770387,-7.554264,23.17394,0
12.28684,-4.0444875,-3.8634317,0
0.4745719,17.31991,10.204767,0
6.168901,-25.423492,11.213579,0
20.433151,11.71938,-8.230766,0
3.1053472,0.5065519,24.626282,0
1.98547,0.46601436,-28.612831,2
15.181169,-13.010022,13.276105,2
-1.17531,-16.863125,1.930046,0
-7.8516035,6.8736944,13.366817,0
8.245537,7.7403603,-22.518066,2
9.057251,6.2236648,-12.657306,0
-8.912582,24.3348,-1.2096081,0
7.818884,-2.8481636,-14.102887,0
-7.224461,-1.7689362,-23.255901,0
3.0463443,1.538968,24.028362,0
18.314625,-3.4409044,18.468054,4
14.260539,-11.619015,5.7150044,0
-7.214123,-26.395403,-0.6826315,0
-3.5245903,-13.178255,-26.035866,10
7.936026,4.2558045,7.7046456,0
-11.981896,17.476955,7.2721925,0
-0.7791891,17.535622,6.388556,0
18.454872,-2.0725303,-10.276009,8
-0.21059093,-14.057425,-19.077091,10
15.738261,-1.4256938,-7.717206,0
-12.452116,14.778868,-1.1319373,0
7.2497997,-23.944761,-6.605476,0
0.41358364,22.207535,8.020077,0
13.70172,-5.56269,-15.713306,0
1.6317401,-11.1934595,12.83608,4
18.658085,-16.216991,16.880344,2
-5.8078957,0.52850395,-12.010907,0
-26.606833,-0.22623092,6.831937,0
-8.100546,-6.301553,-0.58253676,0
-8.135553,7.0210543,14.186163,0
-4.9162,-9.783857,6.626159,0
-17.053387,-10.127988,-1.7678174,0
1.4761997,15.940224,-3.6136947,0
11.701802,-5.0922995,-1.9582214,0
-15.751055,-1.0606514,-3.6165435,0
3.9738557,-13.958617,8.403963,0
10.132201,-8.244697,-10.480409,0
14.731635,5.5776634,-9.247837,0
19.260199,-11.096344,-6.3277965,11
-8.779272,1.6586542,2.2312605,0
-2.4542968,-4.7991524,11.62703,4
-14.901471,-7.3280125,-12.875194,10
-10.392942,5.5299716,17.727291,0
-5.814604,-5.780112,-20.812653,0
19.292099,-2.979294,19.48192,4
-14.2001505,-16.782295,3.9643254,0
-13.589462,13.829559,6.074315,0
-27.156284,-10.571248,2.2665918,0
15.526777,-0.8649925,-6.7526073,0
4.985036,-10.177002,-9.14389,0
8.4756365,11.30792,13.102619,0
-15.160918,-15.637762,9.668381,0
27.397728,-1.5836285,11.77887,4
-21.034306,3.144544,-7.783679,0
5.7660093,-11.087491,-10.511447,0
5.538943,22.998892,8.462478,0
11.896173,-17.791048,5.4910307,0
-2.5540054,-6.897459,-3.8881032,0
6.7715545,22.943428,4.9639816,0
24.332624,4.851714,11.983303,4
23.244286,8.287395,-7.334526,0
-3.6065395,-1.0396135,-12.603761,0
-13.65262,14.873702,0.6199476,0
-15.80124,-16.474363,-3.1135101,0
11.046888,-1.5099357,-8.201351,0
18.731348,2.500939,-0.9817612,0
-23.155327,-5.9066825,10.9826,0
-1.9118524,-7.028427,24.770563,2
-20.94606,3.7443233,-8.551107,0
-12.025806,14.149481,5.785824,0
18.077038,-11.724539,13.889797,2
10.074972,3.0790668,-20.622683,2
11.768298,-13.163816,-18.917435,0
-21.68118,-11.393334,-7.8529897,0
-20.146433,10.787484,6.1956806,0
24.350592,-8.831805,6.8585205,4
-15.453294,-14.425929,-3.61804,0
6.8062205,16.016052,5.876523,0
8.958329,-25.601727,9.450124,0
-21.087631,3.7414153,-8.270626,0
-0.7834737,19.191948,7.2575517,0
-10.913356,5.665522,18.683064,0
-0.020633614,12.09262,8.755608,0
-1.6564258,-12.826854,-1.3828703,0
-15.202787,-12.973531,-19.158136,10
21.460632,-1.1515324,-8.322292,0
-13.968859,-7.2271976,5.511774,0
13.126801,-13.506285,-1.8179507,4
28.443773,-1.2278658,12.147727,4
-20.42608,12.107476,-3.933123,0
19.743753,-0.14490491,-2.1665583,0
15.70328,7.9376163,1.9896601,0
6.6066036,-0.57047987,8.017614,0
-14.398774,-0.8253866,-5.027062,0
1.4858689,-12.425312,-22.910336,10
3.576907,0.3628446,6.8441305,0
14.583969,2.6366248,16.595737,4
21.148304,5.8374176,-2.8210106,0
-12.736064,16.985277,-1.9936826,0
-8.816028,5.64982,1.3779936,0
-8.425525,7.2672787,20.40484,0
-8.480272,-6.5155196,-0.17492214,0
22.731527,7.615147,8.694294,4
1.609355,-9.961296,7.4363513,0
5.802341,4.4992733,14.152042,0
25.112644,-2.1924274,14.652434,4
16.662785,2.9481916,15.325476,4
4.991612,4.4460864,13.23321,0
-20.249456,-0.058705144,-3.4371455,0
-4.143666,-2.4005039,7.9160037,0
20.565645,-3.092397,21.96974,4
-1.5118469,-11.818998,-27.655495,10
25.958542,-6.513637,8.015355,4
20.629854,13.753639,8.812369,4
-8.110518,-12.455906,18.944353,0
1.6258129,-11.185767,12.840216,4
24.476208,3.6449869,12.902773,4
16.8603,-8.641605,-5.741753,0
13.154416,-2.8897982,-4.9032526,0
11.161108,13.370632,-8.876507,0
5.8067594,5.966379,-13.461282,0
-9.042408,6.172981,14.163943,0
-7.604407,16.135017,4.852401,0
-1.30186,21.240839,-12.9077635,0
-9.622469,14.477801,5.166397,0
13.581668,-7.038226,-12.168699,0
-12.962426,-7.2890034,-11.850354,10
11.891969,-6.1559205,-1.7188329,0
16.393675,-1.074706,-12.187562,0
6.983803,-24.22966,-6.522964,0
3.0687952,1.5462419,24.035912,0
-0.64765877,9.188102,-4.8929253,0
-12.042858,14.952563,-1.4054314,0
-0.14142849,16.47605,-4.579214,0
-16.781918,-0.18788037,-5.087387,0
-8.476557,-1.0391911,-24.714098,0
-14.575371,-26.584532,1.866846,0
-0.056560207,-6.0859394,27.942457,0
-6.677625,-13.22285,10.257525,0
5.4727907,-26.392572,-5.7056108,0
20.120724,-12.242917,15.448401,2
9.832637,-8.846343,1.4069313,0
10.324389,-6.347476,-5.670214,0
-8.1916,6.886853,18.647642,0
-15.610127,6.3679185,-19.742228,0
15.968273,0.48162276,13.20858,4
-1.2221079,8.915884,-13.348428,0
-14.105493,-26.315977,-1.5037181,0
14.333805,-17.643436,4.469216,0
2.8937907,23.817717,7.967812,0
8.616965,-8.58161,-16.396511,0
22.869736,13.145361,8.6818695,4
8.645089,-1.8296912,-12.910449,0
8.671812,-9.404744,-14.768164,0
25.108074,-2.1256719,14.702216,4
-14.477515,-7.1623845,-12.516834,10
11.100344,13.123751,-9.222597,0
-14.535702,-13.877016,-20.748447,10
5.395314,16.182514,-11.9727125,0
-21.309954,7.48775,8.593676,0
7.46399,22.985592,5.4838047,0
-7.710702,-18.555868,6.1726823,0
3.287842,1.0539033,-30.195099,2
12.768418,11.807493,-8.971544,0
2.0157743,23.489836,8.57051,0
-10.347208,-8.798111,-11.771229,10
-7.3081284,-19.642584,5.4481316,0
-6.027491,-26.345377,1.1541781,0
13.332829,-12.288127,-18.054495,0
-6.383073,-1.691948,11.344745,0
-17.344912,0.33764958,-6.2921953,0
15.501337,-13.70813,-10.346838,0
-18.785763,-0.15692909,-4.7088766,0
5.4289775,-26.25133,11.048813,0
11.384977,9.182086,-12.514092,3
-5.1439033,-0.80383927,-12.463317,0
19.913958,-2.7505403,22.030453,4
8.540641,24.230616,10.941226,0
11.989635,-5.211177,-15.813549,0
6.9805512,-24.235819,-6.5230875,0
-6.4789934,5.779982,0.9239965,0
11.124426,6.3382483,-12.123836,3
-8.308701,-13.692929,-11.520238,0
5.0177636,-26.51406,11.53496,0
7.698042,-24.79197,6.6468196,0
-11.803187,5.0522313,-19.915798,0
-14.115757,-3.5460572,10.608471,0
-16.559656,-16.6489,-4.137626,0
18.624506,-4.1114902,7.667654,4
-9.196143,13.420246,4.1432266,0
15.273552,2.4429173,-11.323073,0
-26.386486,-14.058691,4.237129,0
-14.564064,13.589618,-10.94889,0
-9.73338,0.03095527,-16.97384,0
-2.4183326,-1.7055646,-17.217081,0
-16.920496,-13.7335415,10.06247,0
-7.969049,7.039116,18.51146,0
-7.9119596,1.2576385,2.5805948,0
0.5067256,4.393493,7.149938,4
-8.14726,18.639175,6.0885053,0
6.656913,-0.56565404,8.020641,0
-18.430536,-15.46065,-9.022788,0
15.952094,8.332799,4.4512362,0
15.940588,8.350991,4.5548277,0
-12.231474,23.11611,2.105547,0
23.244371,8.287211,-7.3344293,0
-9.239666,-19.813738,-15.193229,0
-11.735902,26.504751,-5.64495,0
25.019495,-8.378294,5.945687,4
11.632033,-5.6752377,-17.019745,0
11.250523,-8.619062,19.725239,5
-10.713994,4.344773,0.5022302,0
-7.156505,10.233825,13.246152,0
6.229927,4.5156684,7.124647,0
-7.9085236,-6.229557,-0.7499362,0
13.828458,-7.4259067,5.5556526,0
23.157228,3.3617008,-0.53918105,0
-26.2132,-8.246116,-0.8798281,0
-21.990627,-10.112379,0.08763957,0
24.710194,7.9926224,7.8386836,4
-13.077826,23.265572,0.898818,0
-7.0868278,17.105648,3.3140695,0
9.308377,-7.6672955,23.367674,0
-6.38793,-3.4976916,-7.4513974,0
14.357109,-2.008318,-5.1037617,0
-20.43178,12.917058,-2.7292962,0
-25.254288,-1.2438171,7.3691874,0
-5.243193,-1.1658808,17.213173,2
7.4720464,10.661643,17.480968,0
15.506621,-13.696321,-10.334571,0
16.25825,3.5064635,15.7932825,4
-10.301672,-21.523573,11.367557,0
-6.9778633,1.1154873,2.0436535,0
-0.43101436,-16.720083,4.298092,0
-11.825927,20.850395,7.3826084,0
18.50683,2.563337,-1.5343621,0
5.3495994,4.9184923,13.477475,0
-5.294767,11.688174,20.778273,0
7.3536334,-3.355636,-12.597718,0
7.2719326,6.7838836,-12.243338,0
9.454088,-5.6888924,-17.049067,0
-1.1707048,-11.084169,-7.00945,0
-25.138985,-1.3464851,7.4413986,0
-12.942914,-26.45713,-2.1885023,0
18.6441,-16.219606,16.951363,2
-12.896087,4.029876,-12.088449,0
19.923044,-1.6721518,18.67665,4
-6.027678,0.91483295,1.0282341,0
-2.8351107,-1.7117406,-17.056997,0
13.05383,0.43081242,6.6126304,0
4.0482297,8.544653,20.485785,0
5.330254,1.766544,-9.688136,0
-12.713379,-4.2107143,19.489515,0
-5.8078914,-24.381859,3.2958515,0
16.29528,3.5291035,15.843072,4
7.836401,-2.8267722,-14.087269,0
-19.037222,-2.1427498,-2.6118062,0
23.745483,6.43429,-4.837326,0
9.038691,-7.947509,23.175966,0
12.76548,9.609075,3.0115964,0
2.8646083,17.271658,12.281253,0
28.380144,-1.2756592,11.772199,4
-6.72783,12.24465,-20.482508,0
1.9214263,-12.094705,-23.720621,10
1.1360428,17.423103,11.06715,0
-8.141754,6.3394594,22.127073,0
-19.84533,10.885693,6.2779493,0
-20.262796,-9.567953,3.5197828,0
15.505252,-13.699588,-10.339052,0
-3.002575,16.898445,-8.08009,0
0.16083217,17.894367,5.274583,0
-14.107913,22.338196,4.0007143,0
1.734856,1.2207239,27.72255,0
11.01422,5.272028,-11.450382,0
11.472442,-5.1325536,-16.190962,0
-2.3852801,-17.240255,11.208815,0
-7.935729,0.34330308,-6.39098,0
2.2969325,1.1274365,-0.9345224,0
9.989934,5.5518503,-4.864422,0
12.37393,-3.83126,-4.311482,0
-21.212927,5.164378,-7.971474,0
-10.7005625,-27.712507,1.2578477,0
9.563329,5.3985047,-13.834869,0
-16.762669,-16.749994,-8.507786,0
-12.734425,5.0183096,-14.574885,0
-1.3758588,-17.013807,1.2035557,0
-6.054102,-6.7123265,-1.1202222,0
5.4157157,24.489862,7.917935,0
7.8959007,8.708653,-23.336943,2
-7.3958406,-0.5456857,-6.1576147,0
4.885309,-23.774448,-3.0720904,0
4.5781493,-15.24649,-1.1173488,0
4.3619494,2.3448658,-9.670592,0
-12.283434,-4.545273,6.715049,0
-1.5765624,5.619474,-5.148638,0
-5.651289,8.981345,-22.468056,0
10.928348,-3.0202029,-10.62132,0
-1.8281825,22.630892,-14.339351,0
2.5514908,22.11546,4.971185,0
15.164334,-17.693182,4.1165533,0
8.606138,-24.890862,7.069853,0
-9.122929,-23.339882,5.7098,0
23.501198,0.9366874,-5.526571,0
-19.835108,-10.1918745,10.990176,0
-3.0094626,-3.462791,11.54888,0
-16.220537,0.6587087,-6.502198,0
21.272917,5.7852225,-1.0194144,0
-15.118397,11.092178,-9.420153,0
1.0122501,-20.679695,14.571834,0
-12.098041,21.886965,7.2243967,0
-14.858484,21.997158,3.2361977,0
-8.894956,6.4634852,13.733639,0
16.31422,3.9678354,16.191095,4
15.499099,-13.706234,-10.345517,0
-12.112697,-6.461849,5.2857995,0
0.07461804,-11.109892,-27.937174,10
-6.547975,-13.228381,11.772339,0
-14.679288,6.0839267,-17.97045,0
17.303757,-8.450973,-14.561205,0
2.4306915,1.3257791,28.474094,0
8.197215,7.885505,-22.61051,2
-0.9235768,24.869572,-14.308102,0
2.6870081,1.5439843,-0.2133219,0
20.51971,8.977123,-9.604599,0
-8.778942,1.6626424,2.2332377,0
16.205217,2.497528,16.383472,4
9.589883,-9.472351,-14.777612,0
7.4887557,24.36748,12.881699,0
4.0523505,-27.778404,7.069305,0
-4.777778,12.659394,21.119284,0
-26.731201,-0.036671292,6.4001474,0
4.574333,10.131927,19.017107,0
-5.3495264,-1.1866227,17.519478,2
-7.1812954,8.75368,20.180193,0
0.44650376,11.519458,8.903116,0
2.3066382,1.1379678,-0.92886937,0
15.371952,2.6169004,-11.246247,0
-2.7616577,0.004117541,-16.651148,0
-21.924599,-10.1240225,0.06462085,0
22.606562,-1.1907191,-7.689863,0
-1.7617029,18.245438,-7.7624626,0
15.70317,1.544439,-11.807801,0
-25.631771,-7.9652486,12.587841,0
-3.3136575,19.856865,-12.934413,0
-16.272198,0.27505857,-4.4522743,0
-25.802809,-8.193716,-2.7307,0
-13.722794,4.07739,-11.108831,0
-15.240012,-7.633946,-13.27713,10
-8.771509,7.6237764,-4.307074,0
-17.951214,-10.143788,-1.5536313,0
7.83157,8.968376,-23.605406,2
8.092536,6.8289027,-25.677746,2
-7.7035065,18.085052,5.1987505,0
20.078127,-12.184013,15.399169,2
-20.461945,-12.964508,-8.672609,0
-6.028467,13.496585,15.575423,0
8.906278,-25.66756,9.659029,0
-14.685126,6.0865283,-18.013197,0
18.879957,-4.2310047,8.227457,4
23.612045,-2.3287501,-3.8289578,0
-3.7896867,-13.461163,-25.531893,10
13.555907,10.181767,-9.792565,0
0.27936566,17.569666,10.456922,0
-25.901701,-8.588703,0.9090426,0
17.70222,-7.1396213,-13.958446,0
-8.973106,7.546683,12.703873,0
0.55294126,13.6082535,-4.943766,0
5.235977,8.7217,19.360682,0
-20.424046,10.290259,-9.032767,0
0.7860596,-9.186695,16.805977,2
16.933214,4.9927826,-10.153712,0
-13.030723,-26.426468,-2.209891,0
17.01424,-8.509338,-14.3985195,0
-2.167556,-18.33327,14.763451,0
10.851427,2.3319004,-26.457922,2
11.443128,-5.576678,-17.072567,0
24.053165,3.2266278,-4.0063505,0
5.6843514,2.4145045,-6.4506297,0
-17.800945,-1.1764895,-1.2370151,0
5.537478,4.270479,15.198991,0
1.5151329,-20.65396,14.205028,0
14.344848,-11.774704,5.5492053,0
-11.394179,26.143896,-4.76036,0
4.1809206,-23.293163,8.722925,0
13.096202,-5.861964,-13.498803,0
-22.248621,-3.3231113,9.796199,0
5.2918406,21.178017,2.9974859,0
6.362876,5.17225,1.2986878,7
-24.095558,-9.079072,-5.4571533,0
3.9905949,24.069666,7.149064,0
17.422304,4.8809123,0.82959753,0
-15.588429,-8.314934,-13.9927845,10
20.608528,9.178069,-7.7891254,0
9.573327,-6.57845,-1.2754273,0
-23.065275,5.5899944,-7.184717,0
-20.219948,10.112925,-9.058925,0
-1.201386,15.293223,-5.4762774,0
-0.7749695,19.84162,7.467092,0
14.774013,-9.297327,-3.8249006,0
-21.210217,-8.11828,11.105263,0
14.120029,-13.195469,-19.796265,0
19.293404,3.0881603,-9.659046,0
13.425127,-17.682354,4.8603373,0
11.472496,-18.73751,4.258419,0
-14.972489,18.9984,5.9959183,0
-7.3589215,-10.962552,-12.460399,10
17.075329,-15.931856,15.684526,2
-1.3908788,-6.3654304,0.5125999,0
-2.3206763,-4.8093967,26.851997,2
-23.029972,5.6741834,-7.172948,0
-4.179817,13.945054,20.543747,0
1.3198087,21.053293,4.698999,0
19.320972,3.2720191,-9.456726,0
-21.88713,-11.168897,-7.68606,0
-11.396575,14.39762,6.85678,0
5.382467,22.943476,4.3827534,0
18.231579,-2.3966718,-9.253038,0
-19.403864,-14.372762,-8.977916,0
-7.3260136,-19.65369,5.443339,0
5.375335,24.817734,10.437573,0
-9.612488,10.621735,4.461555,0
8.807392,11.254331,8.317389,0
21.126682,10.239784,-7.804631,0
-13.248893,13.074439,-10.987523,0
-21.409588,-11.582512,-8.136633,0
-7.748348,-6.3009415,-18.575499,0
0.41701046,-8.611657,18.457542,2
18.653801,-11.66093,14.0010395,2
-11.122482,0.48271418,-17.540648,0
6.3284674,6.6965284,-12.344235,0
-3.9710894,-7.1882467,-2.0116014,0
9.675004,-6.9927354,-5.715993,0
8.4458065,4.4311953,7.812909,0
-15.347464,-1.9265165,-3.9808438,0
-26.198315,-8.195089,-1.2006091,0
-12.433632,12.784493,-10.107584,0
13.639678,1.918138,16.187296,4
22.890842,13.069918,8.743,4
13.67548,-6.3351245,-15.702986,0
-2.62551,21.714607,-9.237499,0
-0.11007876,17.10857,9.176398,0
16.608013,1.3367783,-3.5548277,0
-16.715118,-25.32668,2.5137799,0
12.776917,11.4719305,-9.337786,0
-11.617731,-27.083298,-1.4153204,0
8.366447,6.049652,-12.889551,0
-12.785754,15.925029,-1.8051425,0
-12.792104,4.516662,-13.461032,0
-10.40369,10.183092,3.7214131,0
3.9814363,23.27731,9.798024,0
-7.205236,-24.136208,10.812384,0
-7.096377,21.09859,0.940327,0
-15.122236,14.189692,-11.131707,0
18.678799,9.540674,-8.812417,0
-9.658169,-19.704403,-15.393468,0
2.9836733,-0.5893464,-1.0867088,0
-3.672092,-7.22236,-2.35112,0
10.854705,-13.485515,-19.480413,0
6.029505,16.884384,-9.636353,0
-15.117571,-13.180719,-19.451614,10
8.932306,-7.558714,13.31439,0
-3.2076545,0.5534479,10.401548,0
-14.675895,22.424795,2.8119483,0
-16.3144,-14.356366,9.893299,0
-17.608412,-10.1764345,-1.7183189,0
-8.034826,6.435302,-20.562868,0
5.582933,16.314657,-10.176056,0
-15.512376,-11.993875,-17.719215,10
14.962656,-0.86554307,-5.554539,0
15.040175,4.605831,-9.6773405,0
-5.88373,-25.872286,-1.0149106,0
6.8736353,12.118489,16.918991,0
-6.620053,-13.014066,13.302014,0
0.86838794,18.498547,13.373733,0
-21.75722,1.6499634,-6.546162,0
-14.874104,18.836155,6.1606483,0
-0.397406,13.605135,7.959437,0
14.120189,-13.195473,-19.79632,0
-8.131442,-16.726147,-9.644939,0
-12.656511,-20.742466,-0.14797516,0
1.3626227,11.610865,-2.1170905,0
8.481156,5.311058,10.035416,0
-3.7875998,-7.21736,-2.2144938,0
-19.858852,-13.52876,-9.000708,0
-12.284219,-6.3995285,10.843454,0
28.460178,-1.2325613,12.112524,4
-6.0483437,-1.5268978,18.918348,2
-11.73686,21.271488,7.0952864,0
2.4118538,2.7650132,-27.278852,2
21.670067,-2.4846668,-6.7612014,0
14.3347225,-11.757864,5.5678415,0
-10.761656,-6.264147,5.7025604,0
8.456329,11.216623,13.095258,0
-9.462325,0.14014441,-22.443014,0
6.6489277,-3.0419374,13.157427,0
3.4344108,3.5889816,-28.91975,2
8.936599,9.313367,7.9588814,0
4.6862855,18.874619,1.1123761,0
24.137522,0.76099145,-2.7483537,0
-7.4221473,-21.104563,4.589816,0
4.5021257,15.368249,-12.764823,0
14.1375065,3.8639805,18.447296,4
-11.425201,4.663357,2.1719236,0
-12.972626,-5.3697324,6.4100833,0
3.8661785,-1.1601728,-2.4065237,0
16.883474,-9.089856,-5.5781717,0
-7.251629,21.155499,1.4245927,0
-6.9558463,20.143852,2.5527704,0
-12.470395,4.5452275,-23.289846,0
15.593582,9.948318,2.9596815,0
-12.435207,12.795538,-10.094798,0
2.2593765,17.264978,11.710138,0
21.100178,6.280911,-8.837236,0
-16.946283,-13.702452,10.071053,0
-7.857944,-11.579319,16.279295,0
20.79304,-2.711898,21.527485,4
0.90787995,20.936636,5.7281804,0
-12.456887,0.16542214,-15.760589,0
15.328792,6.479213,4.5002484,0
1.5967501,-2.3007905,-16.647234,0
-20.730398,3.719218,-8.462984,0
-3.2257347,21.959038,-10.931265,0
5.3639717,-19.10027,-5.1017227,0
2.1937556,9.233172,14.070818,0
6.807609,23.45303,12.104115,0
-20.133389,-0.43881065,-2.766522,0
-11.635864,5.287564,16.794552,0
-6.5902677,-13.032033,13.312165,0
2.9810364,8.92274,14.979083,0
21.701765,-6.7622313,15.401647,4
-3.6318429,-7.222721,-2.4025662,0
-11.5089035,5.4444222,15.116475,0
22.34474,11.977412,7.9803724,4
9.191242,6.789963,-12.318133,0
-0.15197882,25.367836,-12.530644,0
-13.5482435,22.226433,5.1681213,0
-15.05067,10.59638,-9.031022,0
16.582373,-17.763515,3.5018137,0
-5.1447606,0.95766956,1.1428913,0
18.73723,-16.046276,16.773691,2
-24.09337,3.920876,-2.448534,0
6.933937,12.250104,16.869925,0
-18.465782,0.23492828,-6.4214063,0
6.722538,17.475565,7.2597404,0
-15.4643,-16.333057,-4.1386967,0
-23.207764,-5.938398,11.008619,0
5.4587398,-26.087038,-5.8668838,0
-0.7207363,-2.1898444,-14.413878,0
5.1048393,-25.038431,7.1195726,0
3.2409983,-22.268272,-6.8686137,0
-9.862498,-3.7467995,19.540524,0
18.287937,-1.8644083,8.391518,4
-0.24534148,13.287835,-5.3679767,0
10.374079,-5.26076,-0.65540993,0
2.8279011,0.26884905,6.3434587,0
3.62695,1.4379128,23.80584,0
-12.867086,20.084366,7.3655257,0
13.350768,-9.221834,-10.714179,0
5.781366,-26.251713,11.191075,0
4.5512867,-19.362753,17.185144,4
-27.6589,-1.2529528,7.3318977,0
-16.848598,-25.25582,2.375437,0
-9.232692,-9.360423,-6.382816,0
1.0811988,-14.701506,-15.396335,0
21.58686,-2.6287441,-4.086212,0
13.676923,5.2320094,-9.801803,0
-9.536836,8.673848,13.950716,0
-20.906607,-0.31490386,-3.2379987,0
8.00976,8.81743,-23.251558,2
-21.209799,-8.117156,11.104215,0
-6.140676,9.500685,17.256481,0
-11.71394,-13.825987,-15.137034,10
-15.59528,-11.689849,-17.290682,10
-3.722281,-7.2217226,-2.2928376,0
0.9061647,17.69248,11.423742,0
23.86783,8.36818,-7.431012,0
-0.4710034,21.68916,-5.889198,0
-26.20967,-8.2148,-1.0301867,0
-7.0930476,18.5163,3.635949,0
-3.0348306,-1.129954,10.62597,0
4.2077556,-23.352777,8.686454,0
-1.0424234,-13.989013,-19.486326,10
-0.5117377,14.055177,-5.1466665,0
-5.339976,5.58649,2.4545584,0
-1.3658454,9.638898,-11.903731,0
-14.371552,5.4106865,12.621596,0
-1.0453095,9.134398,-12.123643,0
4.1293883,1.1990288,23.61268,0
16.983643,-7.4299994,-16.01387,0
25.348005,7.102328,7.9831,4
-0.9707651,18.14434,-5.472947,0
0.008235825,-21.133554,1.4989704,0
-13.091335,-18.200808,10.460456,0
13.080508,0.14056556,6.7233105,0
2.8373568,-15.288009,-2.9319046,0
3.890957,-14.064766,8.443259,0
0.008140945,-21.133911,1.498726,0
4.143105,1.2815111,23.581951,0
6.6206627,-2.0013554,13.738184,0
-3.8403397,-8.507341,-4.3457446,0
20.83426,-2.2992516,-0.63232404,0
1.1090614,-20.661055,14.61046,0
4.03473,17.292652,6.2138,0
-0.4110305,-7.3217316,21.62935,2
-9.234873,-9.365203,-6.380077,0
9.20074,5.6653137,8.6883545,0
-0.9116983,-14.284896,-4.9789734,0
13.607079,-12.975537,-1.6893139,4
17.722343,-15.481726,17.07796,2
-17.554712,-24.849527,1.3630564,0
-4.162024,17.3339,-7.6023927,0
-7.390152,20.48246,3.188986,0
-12.612754,-18.95127,-1.4982501,0
12.657912,-9.44957,-12.290341,0
18.398094,-7.9272857,-14.797218,0
-5.5253296,0.67362803,-12.046063,0
-2.8235714,-14.282057,-21.557775,10
11.304586,-5.884056,-9.90795,0
23.907585,5.336957,11.90878,4
-8.843082,22.511192,-0.268119,0
22.539246,1.5887473,-1.0765064,0
20.74558,8.255576,-6.827173,0
6.718413,4.2199035,7.1343775,0
-12.016401,14.1510105,5.7959485,0
-4.2327824,-0.22226533,-13.378366,0
-11.049213,11.566226,4.4790826,0
15.820397,9.104211,1.8033528,0
-23.865955,-8.905703,8.472858,0
-14.974693,-17.891659,1.768392,0
2.7477026,-12.125175,1.7245493,0
1.0588747,22.60875,-7.1652513,0
1.7143655,17.377598,11.485106,0
-1.290421,14.114958,-5.6261954,0
14.556078,4.2040863,1.0595104,0
9.841947,-8.830738,1.5085883,0
19.03825,-3.904,16.559362,4
8.678515,6.373003,-22.099705,2
-5.633381,-25.650557,9.262928,0
2.8367784,-15.284809,-2.9296358,0
-10.003498,-4.648878,19.841248,0
-3.294609,-2.5105863,-10.54203,0
-16.575378,-10.039974,-0.47321594,0
8.931774,-10.3168545,22.101738,12
10.178214,-5.57216,-14.969982,0
5.154991,23.633265,5.8206882,0
20.494566,11.250329,-8.837975,0
7.8523445,7.7829356,-24.911936,2
15.8119,7.5630064,2.4356947,0
-9.693383,12.429559,3.9974003,0
-2.0822895,3.693671,-19.421444,0
7.5048704,3.0426347,-21.509636,2
0.49822396,-20.573027,16.32868,0
-1.9145001,11.397349,-10.255179,0
3.0610805,-15.2366705,11.984574,0
13.345776,-12.461171,-17.07875,0
3.4718046,-6.7888474,-2.4537373,6
-10.651099,-11.475272,15.376702,0
8.539177,-8.424514,-16.612627,0
18.460123,2.6180515,-1.6499885,0
8.717388,11.526068,8.033416,0
12.110036,-6.379625,-2.0761435,0
-13.980676,13.170728,-10.006735,0
-9.706391,0.2988643,-15.613677,0
7.189097,10.805617,17.404121,0
-8.922719,23.311962,-1.9673746,0
8.463959,11.19336,13.0834255,0
-20.747747,11.91362,-5.3534703,0
-12.426716,-6.0289674,7.116463,0
-4.14495,-13.891373,-24.67405,10
18.007462,-11.734351,13.87585,2
-23.163733,5.4747357,-7.134148,0
9.853715,-6.378746,-11.114863,0
18.897581,2.4102402,-11.578542,0
18.34273,-7.9569945,-14.786451,0
17.14011,-9.180898,-14.873209,0
7.0119925,0.70377046,-9.411601,0
-22.846699,11.444994,4.2098894,0
7.157408,15.723014,6.057013,0
0.5092871,4.375788,7.174221,4
18.59544,-11.664051,13.992385,2
15.928853,-0.7066761,-7.083022,0
-6.400786,-3.4610445,-7.454262,0
-27.13188,-13.422286,4.0169005,0
2.9471104,1.5636458,24.086243,0
-8.842659,22.179583,4.883909,0
-12.18231,4.5696654,-22.433441,0
-23.597673,3.2464778,-1.7014757,0
-14.687434,4.6966257,13.584414,0
3.151503,-1.6237425,-1.2337948,0
-6.101381,-26.31134,0.79951215,0
5.0971375,-17.995522,13.692275,7
-7.559352,8.085438,12.959963,0
13.680992,12.570013,-4.828069,0
-23.115229,3.942047,-6.2828074,0
3.0555964,-0.89806724,22.814356,0
2.3255682,-15.896341,3.1278164,0
-15.831708,-9.488835,-15.061156,10
7.726765,7.019081,-26.179638,5
8.741031,-4.0126834,-7.7032104,0
-18.041416,-9.86592,2.7893965,0
-12.8587475,-4.414588,18.377216,0
19.964956,-2.916905,19.03752,4
-0.4634826,-16.682812,4.3649673,0
13.054099,0.42925626,6.613213,0
21.84951,-6.8436804,15.41333,4
8.475132,-1.6053301,-1.8691478,0
23.33062,5.484148,7.9497614,4
-13.097349,6.021449,11.764397,0
-9.670082,0.3575664,-22.048925,0
15.71727,10.000465,2.6519644,0
-15.008354,4.919475,18.202108,0
-21.637375,-10.155211,0.011943442,0
23.51133,-1.5952935,-2.3996494,0
-15.390575,15.064449,6.7271776,0
18.736988,-2.5812557,16.837004,4
-9.963948,11.410354,3.7909904,0
-7.0995355,16.897919,3.3340447,0
-13.885836,5.65137,12.173172,0
-8.154998,-16.5792,-9.456766,0
-20.607126,7.5117526,8.785129,0
-20.296326,10.088189,-9.031179,0
4.830726,-25.041742,7.2312694,0
-13.747886,4.196894,-11.090309,0
-13.510057,-17.660503,10.218526,0
11.125951,6.8823833,-12.303297,3
-10.028054,-11.752714,18.7778,0
-9.115037,10.990904,3.356727,0
1.1503175,9.180931,5.358117,0
-16.224157,6.3085976,-9.7099905,0
9.923332,-6.4829593,-11.060008,0
-24.12411,-2.0890458,8.508088,0
3.8595202,2.2299247,-11.609975,0
-6.258619,-6.336876,-20.185078,0
3.5127208,24.302105,10.92459,0
9.135831,3.5002017,-20.241798,2
-12.205718,4.3268723,-13.844331,0
16.88909,-7.835236,-13.689062,0
-10.487037,-21.309832,11.335524,0
-7.721873,-0.08715123,-23.62942,0
9.87189,3.4220057,-27.60636,2
-9.278159,7.0077405,-3.7284544,0
-5.531545,-1.4657488,-13.626187,0
-8.214038,1.4491743,2.3519638,0
-9.113503,-19.859585,-15.113328,0
10.144854,3.2816753,-20.29933,2
6.3471193,-25.715096,11.05955,0
-3.2258801,17.213503,-8.880677,0
24.331905,-8.784032,5.5343757,4
0.084473,-6.768821,11.60596,0
22.530485,-7.429232,15.1347275,4
-12.80408,5.8729773,20.614943,0
-24.302423,8.860479,5.5610104,0
-15.15243,-13.079866,-19.311384,10
11.826686,-12.75223,-1.5524578,4
-13.744405,22.342789,4.2952304,0
-8.927393,17.775719,6.722378,0
-6.0043526,-25.301983,9.634734,0
13.307236,-2.7999544,-5.095896,0
-1.1195381,17.330412,7.052481,0
5.367109,14.893046,-8.312613,0
-12.6888075,-18.73792,10.644889,0
-15.125204,4.37945,-10.541487,0
16.979307,1.5726479,-3.579618,0
3.8008602,14.8052635,-11.880582,0
-22.87058,9.347586,5.567895,0
5.824779,2.0749114,-6.7364216,0
-3.287666,19.634802,-12.687013,0
-10.291316,6.441635,12.953416,0
2.0388587,0.56818193,-28.533209,2
3.8238943,2.2939713,-0.2466338,0
5.629507,1.614194,-9.700515,0
-17.686068,11.662176,-9.855449,0
16.220415,0.89162743,-4.6142483,0
-26.641624,-0.20635839,6.8058763,0
4.2969418,2.0399294,-9.310321,0
6.1604137,-0.7262002,8.468983,0
-13.708594,4.122842,-11.14706,0
-9.858901,7.0081873,15.259663,0
-4.1506586,-14.092425,-24.050816,10
8.105447,13.298333,6.645849,0
11.734448,-13.174366,-18.918861,0
-2.9101968,-19.918009,16.664062,0
-0.24777755,22.939503,-10.984069,0
-16.192194,-14.484909,9.862511,0
13.8209305,-1.1384516,-1.9129885,0
2.2562194,-0.98229724,-0.9116947,0
0.78109604,-8.969239,4.672595,0
-16.0094,6.5080295,-19.823263,0
-2.3907025,-14.244705,-20.98051,10
-5.6406426,16.382984,4.5809364,0
-12.319829,-5.038232,8.714108,0
16.983028,-6.8680105,-13.12698,0
-6.725792,-20.075434,-14.826721,0
2.707628,-14.940341,8.546379,0
-16.988207,-10.378981,-2.0914564,0
-7.9635353,7.106455,-4.9177885,0
10.068163,-8.577189,-3.77331,0
9.230058,6.2690897,-12.772061,0
-10.057355,7.1074786,21.028433,0
16.383102,-8.939701,-3.9127808,0
-13.180146,16.884155,-1.9289713,0
-0.13732293,17.329826,-4.5787926,0
-6.587182,-20.078518,-14.839457,0
18.777039,7.1185927,-1.7704495,0
-21.011406,12.2652025,-5.660392,0
21.816444,-7.18695,15.597895,4
1.7762371,18.504051,13.723385,0
-14.134416,5.9029803,-17.370209,0
-18.550674,1.1982335,16.684975,0
-26.063618,-8.433668,0.100638665,0
18.07445,-11.725336,13.888836,2
9.813232,-6.8836703,14.165495,0
-22.963892,9.528456,5.527348,0
-8.746764,7.7405963,-4.320536,0
18.28962,4.8334236,1.0349419,0
-15.463608,-15.810058,-3.8244574,0
-13.589811,-7.120555,-12.03046,10
-7.254272,-5.7040854,-19.179457,0
17.033274,-0.12982161,1.7510196,0
-3.524552,-13.178248,-26.035845,10
-8.236443,-23.316204,11.131355,0
3.3045185,-26.029243,-5.6365776,0
-19.385674,11.011681,6.4354496,0
9.466734,-8.020682,-5.3534102,0
16.835392,5.8722796,2.6897316,0
4.2398963,-15.43602,2.7672176,0
8.469045,5.7808723,-22.907404,2
18.241096,-2.182843,9.062334,4
16.007145,0.61995125,12.872835,4
-3.6964824,20.858658,-11.77591,0
12.567854,-5.5334716,-15.331549,0
-9.852005,-6.9448915,4.3130283,0
-26.379618,-0.3879984,6.8778005,0
15.21059,6.4536524,4.489506,0
-5.9491625,-14.990146,9.706335,0
-9.857849,-16.079641,-15.312677,0
-4.6045527,-1.0296373,14.917754,2
-4.6192284,5.3212595,1.9071614,0
-26.366255,-0.39850792,6.8897076,0
-20.157188,5.029426,-6.357404,0
-9.34194,-0.17568514,-17.447138,0
-23.86902,-8.903211,8.463357,0
2.0756862,23.475807,8.193358,0
15.439113,-12.814515,12.936838,2
5.7170463,8.123675,19.459198,0
-3.9635174,-14.278445,-23.199898,10
20.043873,-12.744001,15.677124,2
9.148048,-4.4241533,-18.01597,0
15.71008,-3.2147467,-10.458788,0
5.6092896,4.5564985,13.702318,0
-5.202921,1.37942,-1.2648668,0
-14.547835,19.087555,7.598589,0
-8.876964,-6.855408,0.37862912,0
-12.768073,10.554015,-9.3037815,0
-15.036096,4.3093295,-10.291577,0
1.5368071,-9.973061,7.0752254,0
-11.847439,-5.0361466,6.580723,0
-7.7336273,17.888643,5.2307806,0
-14.033127,-7.106208,-12.248606,10
18.347765,-15.897479,16.960316,2
1.0816547,-9.984169,11.642646,0
-12.33562,5.823949,12.935064,0
-1.6845195,5.8992476,-4.719365,0
-10.259433,-21.44286,11.370992,0
23.603157,0.7364542,-4.7631583,0
-6.0602016,5.7689667,1.2507461,0
-9.176614,13.572469,4.1756606,0
10.180254,-8.059918,-10.4630165,0
10.329898,-8.70467,-3.8904557,0
-6.725792,-20.075434,-14.826721,0
0.4996036,-8.728011,18.1121,2
-0.13431992,-6.310811,11.827804,4
9.8506365,-4.597701,-6.62163,0
-19.702923,12.083209,-2.650308,0
-13.419121,-4.1615806,7.048321,0
14.092691,6.1629753,-6.4755197,0
-21.023802,12.272976,-5.677101,0
8.145387,-8.806807,-9.950453,0
22.45505,14.976792,8.635656,4
-11.651262,7.6423135,10.775393,0
-10.812917,5.8095145,19.853178,0
4.0072675,1.2922288,23.660442,0
4.2427325,8.477727,20.356829,0
-7.8449755,-18.243345,6.3889475,0
-7.965075,-6.2454543,-0.70645785,0
23.847698,1.2917138,-5.1464696,0
-0.71054435,11.09552,-13.076876,0
-5.5231333,-25.786451,-0.8075156,0
-14.497828,1.7823213,-6.802493,0
-11.972244,20.841381,7.831443,0
-7.841473,-6.2201285,-0.79289734,0
-1.3540204,-4.0402937,25.816595,2
-10.355783,5.5271735,17.759798,0
14.499587,1.1447493,15.452563,4
-0.105465166,-8.491279,19.941504,2
7.3122535,-23.88041,-6.630145,0
0.9188549,6.6996007,-4.2387514,0
7.638076,1.2133363,-8.0954275,0
-13.0621395,13.800641,-9.186404,0
9.567618,-2.7874696,13.170424,0
-9.79642,11.308669,3.6457424,0
13.863527,11.518718,-5.535808,0
-4.7280517,12.865764,20.115677,0
-5.478115,-15.299726,10.047337,0
-6.3237524,19.023218,1.5666798,0
-20.254011,-10.213077,-0.6527894,0
19.628504,10.48477,-6.007823,0
-22.73329,-12.2157955,2.690288,0
5.7741284,4.452642,14.085194,0
-0.7976462,11.064494,6.1995497,0
-7.13585,20.167807,3.294407,0
18.137266,6.9130435,-11.571808,0
-26.381655,-0.3821561,6.861237,0
24.57889,3.1940422,13.119486,4
7.9310236,7.442567,-25.185583,2
-2.233362,10.481584,-11.34587,0
-9.303121,0.8069695,-14.987222,0
-14.427674,14.548295,6.3831334,0
6.804021,-19.656683,-5.7674904,0
-6.428524,-1.3516572,19.980995,2
-22.100185,-9.183287,11.848989,0
-12.713379,-4.2107143,19.489515,0
13.080496,0.14068638,6.723268,0
12.062627,-8.868175,-13.025224,0
22.715546,13.706127,9.214927,4
15.536132,-13.6701565,-10.304879,0
9.237136,-10.716506,21.844448,12
-10.163268,6.905842,20.856932,0
-5.3660197,11.887918,17.492565,0
8.265614,3.7862134,7.639483,0
-25.214863,-8.409631,-3.9536877,0
-22.31096,1.1514549,-6.0107746,0
4.926325,-10.0472355,-9.086042,0
20.467653,0.9236623,-0.043756057,0
-2.8115811,-1.6325191,-17.080763,0
-22.959347,9.545551,5.546937,0
25.23601,-9.414793,4.212182,4
4.89364,-3.9201746,-2.6598725,0
-6.5419936,8.883616,14.844478,0
20.066172,-1.4299902,-8.210579,0
0.8697894,-8.980457,4.729626,0
-8.956041,0.624326,-14.864788,0
-2.063957,18.344418,-8.641903,0
-12.175062,16.585875,-2.3260849,0
10.721864,8.574821,-11.80427,3
-4.1606164,-13.982144,-24.367277,10
-5.1872463,-7.0574846,-1.2307627,0
15.834221,1.2278991,13.857609,4
13.992173,11.861723,-4.8325176,0
-2.9582953,-0.617883,11.450424,0
0.6100712,10.858524,5.9826913,0
-3.9196177,17.707117,-10.303294,0
-15.907281,6.4916816,-18.729393,0
-3.5245905,-13.178255,-26.035866,10
5.0040364,9.009664,19.396349,0
-26.64853,0.94112325,9.359531,0
-7.2836246,15.627987,3.1214979,0
0.8376733,-9.659644,15.768604,2
11.564821,-13.203176,-1.8496698,4
19.348774,-12.177492,13.028199,2
0.04308936,21.932789,-5.4735036,0
6.229851,24.75057,8.958872,0
-12.713379,-4.2107143,19.489515,0
-13.853788,-26.31236,-1.7928742,0
-15.638262,4.943651,21.132736,0
-1.2820674,-13.908625,-5.0860248,0
-6.028996,0.94550806,0.75514394,0
-15.503909,-15.232116,9.718466,0
21.835484,-6.8519554,15.328555,4
8.484026,24.037094,9.271058,0
15.708728,-1.7360933,-7.9915357,0
18.369707,-0.25506172,-11.796415,0
4.0263104,-10.140309,-26.673359,10
-4.2954597,-2.1381526,-15.412406,0
14.177766,-0.6527908,-1.5347657,0
-16.385357,8.730689,-9.0261135,0
10.042154,2.9631314,-27.145983,2
2.7270846,14.4446,-7.89487,0
-7.340946,8.34971,-20.402348,0
-6.3244863,16.965223,2.6110172,0
-4.6523967,-3.915393,24.186466,0
9.099164,10.826819,16.922264,0
-27.027567,-13.573217,4.033092,0
6.562886,10.965924,17.361885,0
-9.867492,-11.499789,15.660413,0
9.972713,3.1668904,-21.14096,2
3.6679113,-10.1514225,-26.886461,10
20.66911,13.520284,9.102227,4
0.7861316,19.747696,-4.0861244,0
-20.431812,12.137506,-3.9116373,0
-7.5405297,7.34988,-21.418491,0
10.92667,2.2584317,-26.368368,2
-9.984044,-10.838466,-5.555507,0
-4.881219,1.8364785,-14.056105,0
3.3751826,14.916696,-8.372853,0
13.680694,-13.535511,-10.982126,0
-6.9975123,8.456017,18.92476,0
4.8839808,-3.9092116,-2.6544204,0
5.3840117,22.929886,4.3900304,0
-8.2371645,6.9880514,18.973946,0
-16.873238,13.162883,-10.102334,0
-13.448484,-27.081423,2.182792,0
9.758019,-0.5619155,-0.043204363,0
-8.546547,21.816982,6.1167383,0
21.746536,-7.025887,14.928857,4
0.30680493,21.382437,-8.702378,0
-25.542969,-7.403911,12.393926,0
-12.52403,-1.2056346,9.574646,0
-7.0187635,16.728237,3.1128306,0
-8.292244,7.7426934,20.360258,0
9.333765,-9.273075,-0.68429065,0
-0.42908743,-13.593013,-18.903765,10
2.3158722,18.99014,14.7027445,0
6.0752506,1.7464914,-6.808985,0
-10.282242,3.266286,1.1682503,0
-12.943459,5.116957,16.483067,0
-2.385233,-17.240078,11.208331,0
12.604817,-15.504098,-11.802418,0
8.402492,-7.8898764,22.91267,0
-7.7709217,22.21159,-0.7751188,0
-13.406673,-18.02711,-2.3148096,0
-15.177937,-26.140263,2.9811912,0
19.252008,-11.092977,-6.329481,11
6.4733334,5.587705,-12.959158,0
-17.367107,-16.445446,-8.612513,0
-3.8656983,-7.2068157,-2.1264968,0
5.532782,-8.313631,-10.180995,0
6.165363,4.6034102,13.760473,0
-11.178354,-5.7159286,7.3438807,0
14.338635,-17.642622,4.4686666,0
-2.2878354,1.1237714,-17.216177,0
-3.8847349,-2.4560978,-15.852556,0
-12.285205,-6.159283,5.738586,0
-8.424041,-1.134678,-24.838636,0
10.44973,2.7598095,-26.955883,2
23.94472,5.3016505,11.931315,4
-5.1141543,5.514593,2.2588952,0
18.67228,-16.422415,16.959656,2
3.9353306,-0.18672323,-2.114106,0
3.1251156,14.889601,-7.593937,0
-4.044975,-0.1846842,-13.459289,0
-13.629098,-4.5163846,9.585182,0
-7.619707,12.521335,13.017534,0
4.120316,-10.438812,-8.970584,0
1.5761411,-9.152763,6.7530212,0
-1.2370563,7.6170273,-3.8547378,0
-2.9114711,-0.6505821,11.416741,0
4.866733,-15.121505,1.3054154,0
-1.6791594,-2.8300097,-14.090071,0
-6.54579,-24.758102,10.28387,0
-18.014425,4.3652344,-1.8837442,0
-17.01292,-13.615804,10.094539,0
2.6074095,24.805412,-10.103761,0
18.4344,2.8043861,-3.6865678,0
8.395328,11.637216,7.789961,0
23.056017,-0.44877693,-0.5094409,0
-7.785387,21.276659,2.365067,0
-1.552899,20.022503,-10.71139,0
-6.5630565,-6.421451,-6.193903,0
8.348034,4.298184,7.6531916,0
-19.500774,-14.166345,-9.002635,0
14.254883,12.173627,-4.273174,0
-6.5630565,-6.421451,-6.193903,0
18.499655,-3.5061166,8.055544,4
4.762656,-5.31992,-4.0704174,0
-6.964426,8.967169,19.959164,0
18.556637,9.845085,-10.141973,0
2.3646777,9.823879,-1.0932746,0
-12.172646,3.3561754,-13.094983,0
21.865131,5.500099,-1.2094014,0
-21.84431,10.042908,6.201682,0
2.55529,22.105278,4.961178,0
21.706823,11.919706,11.439549,4
16.21915,-7.323093,-16.399246,0
-19.872923,4.831742,-2.7502909,0
-19.05765,3.8777738,-0.967129,0
-3.8985193,-7.2001553,-2.0905294,0
1.3137146,21.413368,-7.382917,0
-4.821527,2.1833158,-13.689675,0
6.710668,-19.617619,-5.7267423,0
16.431448,13.827112,-5.2274284,0
-2.9337764,-0.6202605,11.439312,0
-2.374668,-12.328491,-27.185446,10
-4.857184,-7.122812,-1.3553046,0
1.0545312,21.84828,-5.973342,0
-13.0064335,-4.5347524,9.23605,0
13.540869,10.226273,-9.780568,0
14.847812,-4.469381,7.457344,0
8.442649,-6.068118,23.39986,0
-11.146722,-1.8612849,17.304033,0
25.06538,-2.098276,14.7751465,4
8.058315,6.927209,-25.47154,2
13.3274975,-12.479833,-17.116402,0
-17.740969,-8.722521,-3.720801,0
15.083409,5.1581316,-9.42181,0
18.96042,-2.7472618,7.1036334,4
2.761607,-10.291837,-27.335382,10
19.98356,-2.732145,22.016745,4
-17.970518,-0.674096,-1.2572113,0
17.99099,-0.7124771,0.06952749,0
4.470044,11.088402,18.640125,0
10.471541,3.8480194,-20.028439,2
-12.88448,5.8290377,20.65232,0
25.648205,-2.0493395,15.385976,4
8.803151,11.269049,8.323358,0
5.8925734,7.164609,-12.590222,0
-26.068455,-8.157858,-1.9127859,0
4.630068,-19.295837,17.219477,4
0.6030818,16.620665,-4.1298327,0
0.008233409,-21.13356,1.4989637,0
6.74215,0.9057654,-9.492577,0
-13.6105175,13.793751,6.073645,0
-5.5679317,0.53132516,-11.972112,0
19.235088,-3.4450963,7.255546,4
-1.2030426,6.969149,-5.128562,0
8.474155,-9.991456,22.154964,0
20.66624,0.9938546,-0.94899416,0
-0.058221865,-6.080207,27.941713,0
-12.06396,-5.191673,8.47577,0
-0.5323218,-2.3507407,22.92873,0
21.455421,-2.3163073,-4.602545,0
-14.886131,9.2036915,-8.679728,0
23.925812,5.323565,11.946444,4
-3.5978856,-9.804797,7.5649295,0
7.013424,24.536772,12.031176,0
-5.8345256,11.41975,-20.294275,0
3.7021964,-0.30505225,-2.013937,0
-0.8920473,10.997201,6.4490623,0
-5.46846,11.388862,18.896618,0
-7.29009,9.191546,-20.53603,0
-1.092091,-4.6141477,25.009924,2
20.750465,6.831277,-11.446118,0
14.499565,2.5963342,16.61965,4
14.938419,7.2666364,-8.737622,0
5.0742574,18.213963,1.5006858,0
-13.589811,-7.120555,-12.03046,10
16.186996,2.1264932,13.784744,4
3.7845464,18.83769,-0.9138887,0
11.652676,-1.4047302,-7.5171685,0
5.7298985,6.4334664,-13.143515,0
1.5498482,-11.029924,12.776296,4
-12.612746,-18.951242,-1.4982468,0
-0.6304557,-14.051825,-18.78941,10
-8.778762,6.123539,-4.3933578,0
19.481346,5.0235963,-11.08126,0
7.0296497,22.661087,10.275735,0
-13.185296,-18.339262,-1.8662689,0
24.732931,13.933696,9.821524,4
-17.321268,1.5507569,-7.9039807,0
6.7316194,-26.672394,13.209384,0
6.07467,16.926455,-9.669418,0
23.915693,7.0954576,13.237544,4
19.855953,-13.735385,16.133623,2
0.97152084,19.912241,4.950042,0
-5.45299,11.525477,17.455719,0
3.385321,1.469127,23.899734,0
1.3908001,-1.7389607,-16.92721,0
-13.69785,13.869681,6.1041756,0
21.127224,6.5867057,-0.6217721,0
-8.721643,-19.921589,-15.060099,0
-7.005988,9.212735,13.578772,0
-6.019072,-1.4222336,-14.098956,0
4.5748467,15.010633,-8.34657,0
-8.443052,-1.166803,-24.90309,0
2.871521,-17.840239,18.26634,4
-19.296408,-15.026432,-5.7151556,0
-1.3451271,6.680575,-4.8366046,0
3.3426003,-26.03508,-5.635046,0
11.703801,-8.167711,-10.957534,0
-6.5448036,9.903757,21.394505,0
3.305692,14.603769,-9.911289,0
10.516745,2.481484,-26.608124,2
-7.9738917,-17.578678,-10.866352,0
17.501448,12.413231,-6.4748745,0
-16.656883,6.8396025,-9.582969,0
-25.741262,-7.9492264,12.572554,0
5.4842534,24.81858,9.744049,0
27.501162,-1.504327,11.465076,4
-1.5982674,23.806532,-14.98952,0
-7.307941,-19.642338,5.4480567,0
-5.2902274,0.9248079,1.5172555,0
3.8566184,-20.456789,13.30513,4
-2.1934571,21.47591,-14.582296,0
4.0464864,0.051543288,6.8559213,0
8.70599,-6.583365,23.392963,0
-12.125648,-4.935279,8.650237,0
-2.6011424,17.894247,-6.071423,0
-11.365313,-20.3205,11.146463,0
8.283762,4.142568,7.649791,0
-1.1714916,7.313413,-4.892794,0
1.769346,10.737333,-2.3046377,0
-3.4152164,-1.8422223,8.472816,0
19.18034,6.2978487,-12.136246,0
-20.668308,4.3041844,-8.168793,0
-12.037507,4.1570187,-11.119475,0
-5.7658644,9.5358925,-22.36976,0
14.860883,6.529305,3.704053,0
-7.9056497,-10.624745,-12.304376,10
14.831187,-0.09647892,13.7230215,4
-7.5818477,6.665198,-20.085714,0
21.0795,11.248142,-8.458288,0
-9.613306,13.166265,4.337507,0
-0.15675956,11.647227,-4.5957117,0
-10.786398,6.521012,12.545423,0
20.535889,7.17931,-3.8734713,0
-19.472149,-15.065195,-6.1818943,0
-7.49611,10.942017,12.841537,0
-2.1578667,-6.1968384,25.699791,2
-0.18196762,25.338795,-12.535596,0
0.23311086,19.615404,-5.0019035,0
18.095978,6.883131,-11.501512,0
8.224184,23.456314,10.9591,0
-6.680107,12.093041,-18.99375,0
8.746246,-1.2717171,-2.4725852,0
1.1545326,21.91338,-5.710198,0
22.432642,10.768412,12.146347,4
-3.4236295,21.417177,-10.789098,0
-7.9360027,0.34373045,-6.3910985,0
22.687712,13.52306,9.256339,4
1.3380364,15.642972,-4.035528,0
-21.188414,-8.0712385,11.076313,0
3.8455873,3.8945198,-27.981386,2
-6.764775,20.20963,1.5288328,0
3.3965852,8.85575,15.146018,0
-23.551186,8.49625,5.419368,0
7.5183115,-3.2854352,-14.46915,0
0.0034820093,-21.133017,1.508168,0
-5.772506,-20.114815,-14.842333,0
5.961161,4.4626303,14.583276,0
-5.513612,9.996263,-22.703735,0
-12.682895,14.181789,5.953268,0
-7.0463524,1.6745313,-1.120764,0
11.562503,8.348974,-13.042299,3
-4.250495,-0.5559208,-13.217106,0
-26.640186,-0.20747656,6.7854986,0
22.696579,1.6699263,0.01632339,0
16.078705,8.340838,4.450649,0
9.532324,-8.362376,17.573208,0
-1.1478391,17.484797,6.6050305,0
12.592197,-7.6730185,-1.2313737,0
-4.04702,-14.238261,-23.451351,10
10.979989,12.755741,-4.286983,0
-9.232692,-9.360423,-6.382816,0
13.384231,10.503597,-9.716178,0
5.288135,2.1918743,-6.6139245,0
5.3154583,-10.664659,-9.757783,0
5.3775716,-19.105932,-5.1082296,0
-18.385462,-0.2448766,-6.2949014,0
-2.0189023,-5.5854206,-3.3611863,0
-17.489141,-0.2437,-6.676689,0
5.997966,-10.371459,-26.001911,10
-2.7356496,4.75544,-19.247742,0
9.333537,-9.274398,-0.6851112,0
0.39994863,10.856649,5.8230515,0
-2.3326263,-18.563246,-0.8243638,0
-0.38685378,13.481949,7.9996448,0
-6.3032126,-1.4868776,12.740863,0
-16.046055,12.919084,-6.59919,0
-4.0663204,-13.751255,-24.99488,10
-17.72656,12.014809,-9.973952,0
-12.741199,-4.2846723,19.025139,0
1.6829473,-10.577212,-27.669678,10
6.6056476,10.58964,17.695772,0
-21.596516,-10.16839,-0.04932157,0
14.945699,-0.81847686,-5.5153537,0
7.729062,8.545605,-23.293669,2
15.772582,9.68682,2.4404786,0
10.684085,-11.764548,-3.3310168,4
-5.5742135,-20.14075,-14.906466,0
24.602747,-8.95783,6.1871076,4
-12.55329,13.853122,-0.11445125,0
-10.663834,1.6013494,-14.336774,0
-6.016135,-5.3392887,-20.73507,0
-3.0503764,-11.545992,-0.9172583,0
1.6268742,23.496971,-7.3001876,0
-2.3116455,-4.241455,27.22483,2
-5.905915,-1.0650214,19.63903,2
4.8945775,21.424519,3.1817071,0
10.3772135,5.6295104,-11.604438,0
-8.911013,21.850235,5.031856,0
-9.333393,21.595833,6.3744254,0
-7.4696255,6.5841427,15.522533,0
11.625796,13.676548,-7.815418,0
5.1560893,6.2271023,-13.834862,0
3.6679113,-10.1514225,-26.886461,10
-1.7189972,5.905854,-4.2567935,0
8.348653,24.304024,11.529869,0
-2.1766317,-18.308477,14.7328825,0
-1.2806026,-13.911886,-5.0876374,0
8.027582,7.042718,-25.515902,2
-11.813995,26.127583,-5.079478,0
6.566935,12.301864,16.848124,0
-2.3149335,-14.681062,-4.6656127,0
-20.28402,11.874656,-3.9087503,0
-7.37475,0.10977208,-13.137684,0
-11.643725,26.08463,-4.7619987,0
1.6755092,-9.558879,6.3857546,0
-9.702822,23.750967,-1.4949197,0
-8.243807,2.6996279,-22.204473,0
-7.624542,22.129984,-0.5916027,0
14.447201,-6.082196,-12.7347975,0
-5.29282,1.5212337,-13.23642,0
-12.070988,-26.803185,-1.9034785,0
3.9288898,23.427704,3.6551542,0
-0.14519066,17.48554,-4.430883,0
16.917479,10.596613,-0.3239519,0
-23.097494,5.6445312,-7.057185,0
-3.667829,-7.222768,-2.3559732,0
0.16476156,-9.824233,11.426518,0
-0.24416555,22.468857,8.575206,0
-0.6130587,25.139448,-13.66286,0
8.805654,-8.935455,-11.745462,0
3.0553315,-1.0827513,22.808222,0
-11.785153,-26.594656,-2.4294696,0
-19.575804,9.851529,-9.15957,0
17.153303,4.460774,0.5292553,0
-13.486656,-4.2025294,9.832683,0
-16.889128,-10.191304,-1.8609592,0
-6.5554733,18.514103,2.475014,0
-2.8798285,-19.77748,16.631794,0
18.749836,7.2243867,-1.9228208,0
-0.95920354,9.686876,-11.309263,0
5.2847576,-4.030185,-1.4550455,0
12.505815,-3.37827,-4.878661,0
2.7699242,1.6620141,0.06851605,0
-23.29765,-9.728933,-6.416931,0
18.20057,-2.207893,8.897019,4
9.020835,-7.088536,23.402876,0
3.79867,1.716395,-8.662782,0
-9.544006,13.40413,4.3311086,0
0.680823,14.117629,-4.6565495,0
-0.46194416,-11.324171,-27.919424,10
-11.972987,20.845137,7.8322735,0
-1.0902643,-4.61625,25.006876,2
11.736197,-1.3830547,-7.417765,0
12.4232645,-6.7761917,-6.2766795,0
-2.0747242,1.6274428,-17.555437,0
-0.58657926,4.6386404,4.96816,0
-9.244073,0.044928275,-16.18667,0
-5.868766,0.568884,-12.976245,0
-22.66349,-5.193378,10.566487,0
-6.0290694,-1.5123004,18.885658,2
-13.660643,22.620264,3.5910628,0
-1.3305542,7.581868,-9.292617,0
19.507084,10.027278,-5.5379686,0
-4.14495,-13.891373,-24.67405,10
12.564864,11.37043,-9.647569,0
17.406528,-5.341145,-10.765244,0
1.2342395,1.0324746,24.192183,0
1.7054101,-9.289671,5.5355444,0
20.425283,2.7289076,-5.80643,0
7.4316373,0.96920925,-7.038791,0
6.195118,4.977221,1.234338,7
23.222782,5.3255653,8.8353815,4
6.269896,4.47392,15.008628,0
-4.2825923,13.806942,20.097385,0
-3.942579,16.547924,-8.354916,0
20.370352,-2.4664416,21.165789,4
-6.958801,20.09163,2.6258457,0
-22.647549,-9.569479,12.236266,0
11.792079,13.766882,-5.399652,0
-27.228958,-12.963059,3.7103553,0
8.972512,-7.606286,13.311069,0
22.3746,6.893344,9.10844,4
-20.166807,-13.199514,-8.86134,0
0.2561327,11.290669,8.95954,0
-8.312255,-13.702759,-11.514442,0
-12.040357,4.15197,-11.138814,0
-14.37573,-0.9914573,-5.0054655,0
4.136149,-28.077787,7.5055594,0
13.825352,-13.043879,-2.0666676,4
-17.655073,11.925324,-10.04759,0
15.981256,2.6255226,16.569622,4
-1.8772618,-0.8597341,-13.392772,0
18.975035,-3.5381978,8.525572,4
-21.333397,1.7068253,-5.4085317,0
-12.067627,4.5986824,-22.096697,0
-25.988321,-8.152195,-2.2059133,0
-1.2153457,9.208598,-12.132113,0
3.3045185,-26.029243,-5.6365776,0
24.997377,12.689754,6.701222,4
0.2797193,14.240777,5.309837,0
9.24997,-8.898649,22.96625,0
15.924748,-13.499298,12.6342125,2
9.786818,1.8175927,-13.852656,0
-7.8797793,-0.029500717,-23.479408,0
19.340929,-2.256907,19.210382,4
-20.104824,5.01334,-6.454138,0
15.785674,-5.4241605,-12.526495,0
-1.2807972,9.009905,-13.648385,0
6.5219655,6.0660505,-12.847614,0
-15.004712,-26.130095,3.5269365,0
15.5205345,3.6965024,15.866589,4
17.314709,-8.457784,-14.640488,0
-14.540001,-16.325851,9.759514,0
5.4596786,2.3886514,-6.756396,0
-4.9457088,5.4405375,2.4415123,0
-20.426271,-12.933777,-8.73587,0
-15.694814,-11.179969,-16.671612,10
15.977047,8.590549,2.9451206,0
0.49251863,10.19278,5.4561343,0
-16.461378,0.6295443,-2.9559789,0
-2.6160784,4.612326,-19.30651,0
19.124529,3.1083395,-11.463639,0
-18.195234,-10.140648,-1.4546454,0
0.5122274,-10.127282,7.9458904,0
4.2391105,-15.382469,2.7793505,0
15.73599,6.9955072,4.452787,0
-12.332424,12.478127,-10.343209,0
-2.7945557,19.77001,-12.246891,0
-7.717479,8.322726,-19.233564,0
-10.694448,-27.710936,1.2018254,0
-19.819632,-10.209509,10.98553,0
23.179365,-0.7901328,-0.5175161,0
-9.621556,-16.387886,-15.426754,0
-3.748421,-1.5151252,-16.201221,0
13.123378,-3.2097437,-4.558071,0
-2.3904142,-17.21591,11.226243,0
-9.307955,23.466082,-1.8622196,0
16.188648,6.807557,4.195068,0
-6.483052,7.5899606,-21.690794,0
15.610197,-13.611887,-10.239678,0
17.457615,-8.463765,-14.750416,0
2.0840049,0.56029516,-28.67764,2
-7.0897493,1.789885,-1.3357587,0
2.9491477,-22.236622,-5.9258165,0
23.8043,0.65322804,-4.5522957,0
-10.405573,-11.369805,15.714255,0
-13.937554,16.434116,6.50875,0
-7.5319986,-26.988895,2.1490707,0
18.463694,10.1906395,-10.38498,0
20.290533,-2.5021422,19.509193,4
20.822258,-13.207485,14.722531,2
-8.12461,-6.312933,-0.55965406,0
2.2602847,23.792599,4.859706,0
2.1957724,-14.7589035,9.755878,0
0.012647185,20.02387,-6.205362,0
-6.725792,-20.075434,-14.826721,0
-6.807587,0.48048705,-4.1005144,0
-21.02853,-6.3139677,7.9615955,0
4.5437417,24.7229,9.317019,0
18.903969,5.1049004,-2.8219476,0
-1.4696615,-3.8900201,26.101147,2
-16.641088,-0.8136679,-4.1500163,0
13.337201,12.915859,-5.0773935,0
-23.222437,-12.916356,3.4387908,0
3.7568154,-14.136757,8.266569,0
5.1798787,21.153278,2.9781308,0
5.84158,5.977085,-13.452915,0
-11.144968,4.5745673,1.5730085,0
-1.6541902,-1.9863863,-15.1959095,0
20.20105,-5.391785,15.817284,4
12.8467245,11.665846,-9.023017,0
-16.658669,9.37488,-9.079087,0
-11.22081,-20.49094,11.185046,0
-0.15885846,11.595292,-4.573982,0
-5.0874124,12.073181,21.300062,0
4.911524,-18.790833,-4.8231144,0
-7.600321,-26.772678,0.4997042,0
8.02959,-8.098623,22.67258,0
-11.765187,-26.591505,-2.4280868,0
13.980921,-5.0027947,6.8669667,0
-7.2224274,-26.248732,-1.30677,0
12.527334,-6.5820208,-2.999047,0
-15.291642,13.195447,-10.940929,0
20.656176,-13.080672,14.650979,2
10.281371,6.7665005,-4.9115295,0
-17.23164,-10.129745,-1.7567903,0
24.387564,10.940354,10.648892,4
-11.69879,26.195225,-4.815512,0
-5.9911175,10.06307,16.157038,0
16.7353,-8.726299,-14.525016,0
-12.559192,13.963036,-0.16648155,0
11.1758,6.3261356,-12.171033,3
18.844168,-16.640398,15.813041,2
18.835909,6.522647,-1.5602825,0
15.111697,4.9320054,1.79415,0
0.79423815,-9.401827,16.475973,2
-20.237902,-13.007552,-8.912242,0
10.981111,6.2830634,8.950692,0
4.880677,-23.742416,-3.0755067,0
-24.578695,-8.87389,-6.031397,0
19.772295,11.617438,-7.1934433,0
-10.655606,5.9028482,19.20478,0
-23.706974,-8.719281,7.3077135,0
6.6462336,-2.8610659,13.420769,0
6.168869,4.9470863,1.2245737,7
18.835804,1.109159,-10.602723,0
-10.361094,-27.33384,-0.361894,0
5.3091164,-10.951803,-9.994092,0
-8.164289,-26.400307,-1.7058289,0
-4.14495,-13.891373,-24.67405,10
-11.261765,-10.793191,16.82704,0
-1.1064206,8.751881,-12.942559,0
2.8217943,1.8402287,-30.379904,2
23.562883,5.781092,7.616297,4
13.878575,-6.5421133,-12.564806,0
20.680967,13.547383,9.174665,4
-13.316623,5.798155,11.996,0
4.112265,5.4315124,-14.711233,0
-15.241417,-12.860993,-18.98426,10
-8.40264,4.3583703,-22.651089,0
20.677124,-2.114893,20.251001,4
-8.28616,7.716797,-19.389149,0
1.0940566,-10.172268,13.376669,2
-8.485801,6.946291,21.4131,0
8.344528,-9.291983,22.40351,0
-2.9478855,-1.0038638,-10.706787,0
11.116265,-3.547955,-10.87512,0
11.633793,11.711639,-3.7749116,0
-4.7713895,-1.05776,15.426754,2
-0.15812546,-6.313283,11.826289,4
0.87332237,13.19673,-5.2152376,0
-2.0028825,-17.756184,10.423917,0
-10.656694,-8.579743,-11.76603,10
4.659275,-27.328196,-5.4898405,0
5.6317453,1.8421066,-10.190251,0
-12.667388,-2.3611355,-6.632981,0
4.0200257,1.7688534,-8.761028,0
19.696321,2.8839543,-6.499956,0
-22.221807,9.850775,5.9135995,0
2.8398173,-15.054907,-2.7507305,0
-25.959791,-8.513896,0.5907772,0
21.24156,6.5239325,-9.60068,0
-2.5568047,-1.9403127,-11.462495,0
0.508766,21.19846,5.8820643,0
-1.3811617,-17.038082,1.18411,0
4.3981333,-1.5926768,23.481262,0
-12.084849,-14.039623,-15.762187,10
-0.017222859,14.165581,5.629433,0
6.774227,-8.810918,-9.23164,0
8.446182,11.253923,13.1008,0
2.2066314,18.852613,14.466114,0
25.30355,-2.2282898,14.581406,4
-1.366772,17.588745,7.228528,0
-15.241721,12.17617,-9.94688,0
20.977407,9.13925,-7.379933,0
16.365698,6.7160583,4.275782,0
6.844559,24.658833,9.228567,0
-6.687223,13.060242,-19.64684,0
-1.7186282,-7.4918375,24.141064,2
15.346682,-8.379271,-2.7878907,0
23.058928,-7.585326,15.794102,4
-25.939264,-8.527169,0.6708677,0
-16.643913,-25.365566,-0.009968053,0
-1.3254596,-4.0811057,25.743732,2
1.2302436,21.793352,-7.4481564,0
2.2967274,2.8530343,-27.246658,2
-5.7465644,10.494278,17.774601,0
15.3335,-12.9738245,13.189388,2
1.0762515,-10.1346655,13.611353,2
2.9986207,-12.435859,1.3673702,0
-0.014193028,16.15432,-9.562168,0
23.71444,5.2583427,8.785464,4
-14.494961,3.947282,-9.391829,0
12.594234,-7.5978093,-1.2527616,0
17.214252,-9.561426,-14.933989,0
5.5675893,-27.248384,11.256066,0
-3.0181158,3.7548347,-17.64672,0
-4.2624817,-2.3548295,8.054662,0
-7.418128,-21.014837,4.646063,0
-1.435747,10.077759,-11.3523855,0
-8.445917,-22.349411,5.262181,0
-12.444449,-4.5848875,6.7313886,0
-11.403027,1.2079847,-15.832716,0
4.5105405,0.43102247,24.395477,0
18.74851,-11.657226,14.020322,2
5.2759633,-10.975158,-9.989976,0
14.477795,2.6210115,16.63898,4
3.5312896,3.6934195,-28.806002,2
-11.808307,-7.8910437,-11.783973,10
-6.746732,-24.560684,10.470718,0
15.507464,8.196258,4.1908793,0
4.199113,-15.426633,2.7769415,0
8.874454,11.451127,8.596186,0
15.368872,-12.5484295,13.023144,2
-6.408462,14.125013,14.819091,0
-19.027021,2.2215939,-7.265526,0
-10.236921,-3.9370947,20.516743,3
-1.5147432,-14.141111,-4.961198,0
-0.71116334,15.223788,-5.127584,0
-3.059717,-0.61518335,11.470804,0
1.9701735,-10.493278,-27.58991,10
1.5136569,-9.988274,6.9195046,0
21.100636,-2.662908,21.148394,4
-24.573408,-6.7502055,11.777902,0
4.0627193,-13.555103,7.643278,0
-3.370647,0.777575,-15.492517,0
2.4920018,-14.706634,-2.7875068,0
11.045155,9.286301,-12.447717,3
-8.035524,7.631673,-19.3104,0
-13.086515,-12.784974,-15.50088,10
-0.50790054,-7.1353936,22.005753,2
2.4772449,1.5408146,-1.0284234,0
-12.65593,14.189707,5.933411,0
-2.3220818,-4.684837,26.939323,2
1.8605427,24.927782,-6.6073713,0
22.395693,15.918284,7.2685966,4
3.0347695,-0.88002366,-1.1416107,0
16.602518,-8.785698,-4.0919967,0
-24.807129,-6.940976,12.175247,0
-0.038727384,-13.8314085,-18.670551,10
6.613552,-2.2002234,13.674824,0
-10.938786,4.4969873,1.0849669,0
21.054684,15.51328,6.8583283,4
22.545996,5.713587,8.470419,4
-0.61731404,25.0883,-13.6477165,0
8.760649,-8.767038,-11.521185,0
-14.445342,13.48014,-10.522007,0
-4.117208,-14.179729,-23.732399,10
9.44488,-5.7078133,-17.062025,0
5.092536,6.8356414,-13.384368,0
-18.330376,1.1386933,-6.232249,0
23.863033,5.1686864,8.905889,4
5.0643964,22.843763,4.264475,0
-7.821363,-3.9091733,-19.387966,0
9.773353,3.0924118,-27.248964,2
-10.55598,-0.03476186,-17.52847,0
0.5693005,-20.637566,15.664386,0
-24.850904,-6.9768457,11.852849,0
-1.5097536,24.440308,-15.247542,0
22.817705,14.851566,9.79627,4
-5.913023,5.7544427,1.5394592,0
-5.5477853,11.187163,19.553123,0
-17.715244,0.75445765,-6.2575464,0
-8.8213825,21.858025,3.805924,0
15.2186,-12.83152,13.302772,2
-27.691282,-1.2181573,7.261902,0
-8.640543,20.472197,6.4137406,0
-1.0798935,24.75884,-14.600805,0
-2.38671,-17.236885,11.215007,0
20.426075,6.159213,-12.08786,0
-13.194348,16.272184,-1.0123211,0
28.59968,-1.1379248,12.028386,4
16.850368,-7.7378116,-13.878661,0
-7.8839574,7.2592645,18.764643,0
-9.362518,-8.149287,1.8880361,0
-26.620687,0.83029336,9.163561,0
17.16582,12.934147,-5.397762,0
2.7168355,-22.330296,-6.8753195,0
21.56262,6.605109,-9.262473,0
-7.6131086,-12.369632,17.60715,0
9.620512,8.0847645,-3.284106,0
-7.505707,-12.335145,19.096455,0
-19.490257,11.218265,6.2011113,0
-12.112913,15.107034,-1.4431913,0
19.85852,-2.0909169,18.837511,4
-13.643782,5.728644,20.858692,0
-10.669249,-21.119467,11.310852,0
8.802313,-9.417562,-14.751732,0
-11.8320875,-19.924152,-0.7386307,0
-13.264076,-18.130356,-2.2191966,0
-18.283775,4.7696767,-2.8591654,0
4.862048,14.607619,6.012701,0
3.485279,-14.398326,8.410245,0
-1.9961611,-5.221537,-2.1946318,0
-1.2111135,7.4082685,-4.3382034,0
-19.98613,-9.591442,3.4539118,0
-17.001749,-25.176441,2.1138613,0
1.0941576,-10.172449,13.375914,2
1.9010235,22.204365,5.7105556,0
-3.2385964,-1.1433204,-10.864392,0
6.688255,-0.5573423,8.012297,0
22.6111,12.58218,11.169795,4
-10.461691,-27.672308,1.168642,0
7.886798,22.714485,5.3456173,0
-10.45411,-27.671553,1.2300478,0
-7.142437,-5.9960647,-19.304375,0
-9.138649,7.85132,-3.955062,0
17.954294,9.8098545,-9.230488,0
-1.7803668,-18.107574,-0.10959412,0
-18.172575,-9.790192,3.1343508,0
25.350073,-9.13458,4.3419337,4
14.392626,-2.0085027,-5.340156,0
-1.2456552,24.645552,-14.867695,0
20.785917,1.3364079,-0.68346035,0
14.749522,6.573244,-8.406392,0
15.218582,-12.831478,13.302781,2
13.780411,9.255678,1.3639961,0
10.127307,6.536825,-3.9935818,0
-7.636674,8.103367,20.058437,0
-2.2746515,-14.758422,-4.678735,0
-6.7252617,0.46485078,-3.9914732,0
6.524927,-26.613947,13.015557,0
-11.955265,3.9680111,18.911016,0
-7.980001,-17.831394,6.6662116,0
-8.917188,-12.430988,19.050602,0
-20.797195,2.4697542,-7.5400076,0
-8.68322,1.2757436,-8.614058,0
-14.920503,18.507591,6.135373,0
-7.76497,-18.438925,6.255167,0
2.4718664,2.7949564,-27.279236,2
21.202454,11.040426,-8.465596,0
23.369698,-8.090464,7.4582467,4
8.842515,-1.6013186,-12.455784,0
-21.544163,3.5297787,-7.7748137,0
-0.21059093,-14.057425,-19.077091,10
9.966442,-0.93441325,-3.706557,0
-11.868363,23.779879,-0.10785776,0
-3.7896867,-13.461163,-25.531893,10
-1.6711966,5.444614,-5.981149,0
-12.3875885,12.536903,-10.033305,0
-20.123331,-0.07266107,-2.4405823,0
8.83821,-1.4425602,1.1607765,0
2.1037407,-11.9650135,-24.029825,10
23.887848,1.0572144,-5.129756,0
-0.8915189,-5.389179,24.132484,2
8.955354,-25.232983,8.077921,0
5.6538744,-4.4439473,16.295595,0
6.3623414,5.171108,1.2990997,7
15.049161,12.237981,-0.76012385,6
8.429938,6.0324063,10.946844,0
-14.245098,22.846836,2.1797223,0
-7.7935586,7.506526,-4.9461412,0
17.16299,-14.165307,12.421342,2
11.673609,-4.6919107,-17.847681,0
19.23571,5.903011,-10.881572,0
-9.347078,18.348494,7.157176,0
23.291464,0.81860787,-5.668221,0
-13.079316,5.5359583,-19.873991,0
11.254171,-5.78484,-17.167059,0
19.741325,-14.01338,16.253767,2
4.2867355,-15.407236,-1.7772061,0
10.95394,-12.270479,-11.207489,0
-2.3147137,-14.681259,-4.664559,0
-19.98557,-0.98700315,-2.9822536,0
5.5236096,-26.226461,11.022984,0
-5.994164,-20.078897,-14.933016,0
-13.702066,4.068961,-11.1253,0
10.8017,9.153515,-12.770853,3
-8.050295,8.153549,-4.7589774,0
21.608934,7.038014,-10.868153,0
-23.689579,9.47176,5.4689875,0
-1.7812004,-18.10776,-0.11037574,0
-1.4282068,9.280983,-12.84959,0
4.847261,-6.2272506,-1.7182201,0
-7.115326,0.6471425,-13.068395,0
-5.957412,-1.2836183,12.749022,0
-2.472544,-8.578217,23.58249,0
-9.976837,-10.824316,-5.5633464,0
3.8362057,-1.4577324,23.579636,0
6.2132716,11.043721,17.603386,0
-6.4357643,19.687346,1.2081857,0
24.027681,-4.5825386,15.296073,4
7.849129,8.631443,-23.31969,2
16.522879,3.251807,4.915746,0
4.0263104,-10.140309,-26.673359,10
-15.083941,-26.260658,2.5401535,0
-12.454683,12.615669,-9.700555,0
21.16401,15.509522,6.988325,4
-17.458553,-24.849957,2.289689,0
-13.086145,5.5383444,-19.875656,0
6.3274393,-3.255619,-1.0912904,0
-22.102081,10.378953,6.96753,0
21.958782,-1.6385515,-3.3969922,0
-17.349533,11.218823,-9.632355,0
-0.47261715,-16.68527,4.3586206,0
-14.071069,-3.7929292,7.4583635,0
-0.3877548,-2.0583947,-15.021263,0
-1.1047639,7.4409227,-5.0410438,0
15.920587,13.476919,-4.992529,0
4.9780254,4.4290276,13.238591,0
24.652514,4.45937,7.6346087,4
-10.885464,4.4767814,0.8884996,0
-8.769117,-23.994959,7.745982,0
-2.5023823,-4.72855,11.619581,4
-0.28827497,-7.4649687,21.231073,2
-10.057059,11.2334,3.9086027,0
8.843875,-9.001519,19.132465,6
-23.208689,-12.900294,3.4295979,0
-4.18169,1.8334919,-14.619296,0
-0.9195479,24.397959,-13.961137,0
-12.740766,-4.2845035,19.025888,0
19.746727,-1.0643686,-8.449352,0
-5.6708694,10.191788,-22.566547,0
20.084654,-12.227556,15.409382,2
-6.6033835,12.764735,-19.522821,0
4.937762,15.705688,-11.088261,0
2.027896,9.285518,13.902434,0
-11.066686,5.746267,19.029522,0
-11.813239,4.7554264,-20.938889,0
-16.672775,-10.018155,-0.37041557,0
0.5003054,12.155729,5.031641,0
2.3876574,-0.5182479,-0.9128333,0
-0.19909962,-7.5728087,20.936361,2
15.821604,8.904059,1.8700323,0
14.292826,-17.634762,4.4843745,0
-7.4409056,15.913278,3.569604,0
-20.768335,7.5357485,8.70998,0
-1.3061705,10.34389,-10.895885,0
-7.620398,8.15037,-3.2942007,0
12.487465,-14.065468,-1.8981518,4
-11.4555645,-14.170436,-15.193243,10
-4.974416,-9.605476,6.5900555,0
-6.207751,-12.717728,10.15629,0
3.7165542,0.33225822,6.8881965,0
-8.616802,22.990026,-2.2640417,0
-9.589294,0.8500793,-16.67871,0
1.0360273,-20.65958,14.720043,0
8.850338,-7.6063504,23.193983,0
-11.22381,21.353502,7.1168694,0
12.553968,-2.851929,-4.419701,0
-5.671726,-25.608704,9.327675,0
0.9838169,-9.906838,11.721958,0
14.963289,-0.8199244,-5.563789,0
21.789047,-6.785839,15.442189,4
-3.392264,-0.5769141,11.66004,0
18.720926,-2.4258845,-8.83667,0
2.1989422,17.066126,10.865083,0
1.501596,21.944195,-5.547731,0
15.362249,11.854294,-6.390947,0
-9.362315,-8.149697,1.8871604,0
-0.944798,8.044272,-4.8823595,0
-3.400373,-3.0033386,6.6365566,0
-2.8056467,-19.613522,17.147827,0
-2.644662,-12.207199,-1.2336156,0
-14.978702,5.2477517,19.848919,0
1.9729449,-20.644592,13.805973,0
6.7841196,-19.650417,-5.7624826,0
18.784779,0.53156334,-3.6234994,0
-0.07411907,-13.893031,-18.68079,10
5.018238,-10.022812,-9.136948,0
15.906562,1.177933,13.870322,4
-7.373714,8.306275,-21.117281,0
12.472437,-17.759611,5.2161117,0
22.517551,14.347951,10.436982,4
10.895494,-13.470696,-19.457085,0
-19.090742,-14.599724,-9.121112,0
-12.9137125,5.484134,-19.796867,0
8.352438,24.297386,11.499041,0
-7.9188204,-26.35431,-1.6591498,0
5.9368877,-8.991307,-9.399314,0
-13.945192,13.182772,-8.875274,0
-14.6316395,-26.140842,-1.3719603,0
-27.027647,-13.573337,4.032994,0
-0.2882901,23.144594,-11.210226,0
-21.193447,-8.080878,11.081777,0
-7.5344625,1.2428824,-22.62728,0
-0.38877955,-13.627038,-4.415184,0
-6.190121,0.59413946,0.711969,0
-8.154935,-16.5835,-9.45811,0
19.606802,2.9525554,-6.582587,0
4.896678,8.426797,19.817392,0
12.147913,-8.419387,-10.416907,0
-0.72081476,-6.446267,23.001797,2
19.333027,-0.55157846,-6.820953,0
-7.081997,-12.682413,14.242945,0
-20.068207,10.812444,6.2144685,0
7.3892636,0.9901125,-8.663369,0
3.2624512,-12.010437,2.7217603,0
1.8486462,-0.019507969,-28.905767,2
22.930353,5.388497,8.829379,4
-15.283516,-12.736235,-18.79316,10
1.1415291,22.16056,-6.2118473,0
-8.5605,21.867514,6.075879,0
0.056201532,-2.0474079,-15.574864,0
20.043114,-2.9622858,18.960077,4
20.692324,0.14368229,-0.99931467,0
6.7386985,-19.628008,-5.7369003,0
-14.477383,-7.1626654,-12.516925,10
18.282976,-3.5887725,8.037677,4
-13.589812,-7.12055,-12.0304575,10
15.295729,-12.949709,13.23267,2
12.7947645,9.725753,4.5896134,0
3.1469574,-21.862078,-6.8405175,0
-1.7656503,5.4108095,-5.5352964,0
13.509316,-13.200082,-2.9575052,4
-4.78275,-7.7615037,11.406097,0
20.542088,8.953916,-9.550999,0
9.228278,3.9449518,7.405286,0
-18.78637,1.1494576,17.346558,0
-8.882127,-9.945604,-12.003647,10
-17.701527,-10.14608,-1.6360534,0
25.38629,-2.2036788,14.578892,4
-15.839196,-9.730205,-15.265676,10
23.91228,5.111987,8.69417,4
-0.7561526,-13.732128,-19.219542,10
3.3919113,14.708517,-9.657577,0
-16.114006,4.6275043,18.978098,0
15.2798195,-11.208253,-3.16015,4
-5.564014,-1.6171194,-13.127082,0
15.740726,-5.522025,-11.499853,0
25.004177,12.680506,6.702281,4
13.7434635,5.7929955,-9.418212,0
7.7916083,-6.024992,12.8919325,0
15.50314,-13.70628,-10.345008,0
17.467157,4.930238,-4.892038,0
16.45441,13.860945,-5.1180763,0
-6.168264,9.948027,15.450523,0
9.182035,-3.5736742,-17.631788,0
-19.566587,-8.629041,3.3618178,0
5.4842587,24.818369,9.744053,0
-22.247927,-3.317656,9.794626,0
-11.054688,-8.314789,-11.759931,10
-6.670243,19.943184,2.3175764,0
6.8681726,1.204428,-21.60027,4
-4.1635714,13.8257475,21.879494,0
4.7964463,1.1080247,-2.745175,0
8.928052,4.5492206,-28.199963,2
23.757767,0.96751475,-5.2270103,0
9.136906,-8.17328,23.145927,0
5.4766383,-26.23428,11.028875,0
3.4421682,-6.822859,-2.4632277,10
-9.13933,5.690567,16.78873,0
15.721288,0.35047674,13.44328,4
1.3392802,15.810426,-3.936276,0
7.319466,-23.872671,-6.6330132,0
15.674878,-5.5804043,-12.725457,0
2.6008515,0.64578575,24.70991,0
-6.9041786,-13.522773,10.143686,0
19.739428,-1.6102628,-7.5236187,0
-14.972859,-17.821074,1.8550831,0
-10.236578,-3.9370513,20.516766,3
-12.158514,21.767622,6.8424063,0
4.909613,-15.119848,0.93980867,0
4.931919,10.78693,18.445631,0
7.601632,22.800873,5.3749585,0
16.940151,-9.121811,-5.590789,0
-6.317958,-2.0128314,10.39959,0
23.907246,0.6686951,-3.7871718,0
4.2857103,9.559011,-3.0055916,0
-1.0837134,-13.784076,-4.9810348,0
-25.004318,-8.541903,-4.7643948,0
13.628026,-13.528128,-10.998361,0
-19.564196,-1.7454509,-3.1717713,0
16.426863,8.373267,4.6095943,0
4.5125656,-13.150291,-25.648502,0
8.761764,-10.244563,22.094398,14
-4.955772,-20.238256,-14.940898,0
1.7232574,-9.23409,5.554594,0
19.999071,6.017139,-9.486177,0
20.895449,-0.2902289,-1.312032,0
-0.0015777795,13.205212,-5.2939095,0
-15.443319,10.603763,-8.713475,0
9.836715,-8.844429,1.404718,0
2.3669808,1.2281286,-0.84368175,0
-8.155212,-16.57961,-9.456936,0
-10.021806,-13.977256,-14.027894,10
-21.850826,14.566783,-3.5108838,0
-1.7811633,-18.107748,-0.1103387,0
-20.332378,12.306334,-3.40153,0
15.0552435,2.3319633,17.110786,4
0.38193285,24.167936,-6.925755,0
13.666511,11.759434,-5.2253594,0
-7.9696655,-17.595947,-10.883562,0
18.879633,-2.8632412,7.275562,4
-9.357804,-8.134651,1.8537906,0
-25.75135,-8.205522,-2.85424,0
4.751707,-5.2888446,-3.9120781,0
6.057729,0.18156907,-8.715213,0
14.334276,-17.642998,4.4689407,0
0.81569356,23.036362,-8.154096,0
4.7268987,-10.142484,-26.356184,10
-1.1543741,8.082578,-3.3471565,0
-14.1726265,23.212236,1.7158424,0
-18.008604,-15.366066,-9.407259,0
1.755844,23.400576,9.086787,0
2.2155776,23.51365,7.836435,0
2.206746,18.89362,14.522734,0
-3.4422112,-0.5796633,11.712555,0
-6.6580133,8.39571,14.84775,0
3.9169238,-17.44715,13.090004,4
4.052084,-27.778572,7.068674,0
8.603275,-7.8538585,23.014248,0
-19.836094,-10.190764,10.990468,0
5.423956,-10.641887,-9.711421,0
-7.1294594,-10.94464,16.638353,0
-2.9603698,19.54205,-7.7285643,0
20.747982,8.652101,-7.164852,0
-2.718953,4.7551336,-19.312742,0
25.428505,-8.985155,4.323538,4
-17.972307,10.58012,-9.230921,0
2.8378575,14.608605,-7.533898,0
4.2679515,-22.38543,11.591155,4
-3.5171003,1.1180395,-17.108583,0
19.077951,8.948661,-8.342732,0
-17.872936,-10.15691,-1.6118762,0
-11.508671,14.324103,5.9118204,0
8.753011,-1.2671255,-2.4819088,0
-3.3967354,-2.6096466,6.992628,0
3.2530472,-10.172411,-27.137815,10
2.3722756,14.290912,-6.208599,0
6.3134503,-1.3668311,16.807978,0
-20.096071,-9.584816,3.4800978,0
13.401867,-5.8675237,-9.64184,0
-14.686908,4.674022,13.725992,0
4.5903006,18.736668,0.68574363,0
-12.156378,21.846617,6.9399014,0
14.219755,3.541996,18.289865,4
-2.5316215,21.782606,-9.169989,0
8.073344,6.8612394,-25.677969,2
0.98733115,18.467636,4.3041086,0
15.971929,0.65483874,16.944506,4
-8.926319,0.6015433,-16.736343,0
18.368519,-2.236289,-9.985669,0
2.9444246,-17.878225,18.23873,4
-8.065513,19.911585,5.722179,0
8.794892,-7.7418013,-1.8636426,0
-8.536576,6.0123963,-19.547401,0
3.2535918,-22.245543,-6.8670583,0
-9.232692,-9.360423,-6.382816,0
-4.6559486,-3.890947,24.16653,0
-0.27811646,10.938373,9.046694,0
-12.90245,5.8748803,20.58893,0
-5.085009,0.33706546,-13.045952,0
-8.015323,0.44702053,-14.3402,0
-9.980636,-10.831536,-5.559368,0
-23.53841,9.429191,5.4497857,0
18.211594,2.1381204,-3.1181579,0
-2.130945,3.1209114,-18.296867,0
-10.788732,17.948076,7.3887663,0
17.458527,-9.5492935,-5.94989,0
-5.7683067,1.7056383,-1.992068,0
-19.303717,-1.7128503,-3.0540175,0
19.559643,0.024388652,-8.736645,0
-13.756432,19.45572,6.967931,0
19.362919,-3.40597,8.149526,4
-13.615154,13.570789,6.023098,0
3.042455,0.5207933,24.6346,0
18.618076,-3.1351712,20.021063,4
4.889224,14.623358,6.012793,0
4.6429224,-19.47669,17.640835,0
17.552048,-0.6079741,-0.29140037,0
13.644434,-7.15064,5.790428,0
-0.6656941,20.771685,-9.266001,0
5.659984,3.8496513,-7.572389,0
-15.307642,21.017908,4.122004,0
-11.770337,-26.593174,-2.4263096,0
-1.5870777,-3.770252,26.36748,2
-13.090445,-18.202696,10.458328,0
8.188201,7.9424233,-22.609789,2
22.630299,13.91561,9.7896805,4
5.1874027,1.7145333,0.2782343,0
2.8409188,-15.057112,-2.751745,0
-19.043331,10.641028,-9.4132185,0
6.56403,11.480867,17.291187,0
-3.3577104,-0.36230052,8.319898,0
-16.674383,-25.38315,0.7608082,0
-12.741979,23.63917,0.5599488,0
-13.328985,5.798434,11.999299,0
-1.6001202,-9.38057,-4.195759,0
-14.816003,1.5019463,-6.822743,0
1.2025107,-19.5516,3.1358283,0
-12.249106,11.930148,-10.103359,0
-19.060062,-14.559132,-9.176866,0
3.9982376,2.0680861,-1.2741257,0
3.5434349,-21.23442,12.58298,0
13.394008,14.081454,-4.5115433,0
8.482611,-2.5524333,0.74113154,0
26.536375,-1.8599188,13.15161,4
15.925211,-2.1191242,-8.57718,0
19.01579,-0.3846448,-2.803676,0
5.366005,17.144436,6.183011,0
2.5686831,0.27101156,23.375866,0
-8.087256,-12.451498,18.945303,0
20.135336,5.593889,-8.212256,0
2.2107432,18.91335,14.552104,0
0.9732415,-20.658371,14.827239,0
-5.2250896,0.0648535,-10.659441,0
-12.999319,-2.391438,17.599657,5
-25.846405,-8.179464,-2.6204188,0
25.404549,-9.007321,4.370967,4
-5.584191,1.4732935,-13.708329,0
2.351731,17.547413,12.477913,0
-17.264275,-10.189582,-1.8284848,0
-23.527071,3.0803795,-1.6685855,0
-12.789625,-18.609264,10.589067,0
8.897607,4.567202,-28.204226,2
-22.026573,-9.938538,0.67438567,0
6.8532686,12.0273695,16.974552,0
5.3634553,4.0274844,13.62048,0
21.356699,9.173511,-6.1686845,0
15.446419,12.047985,-0.8009158,6
-15.559909,5.929155,-9.638495,0
-10.76747,-11.4656925,15.349733,0
10.832316,-1.6539608,-8.523672,0
-10.988206,-10.532686,17.995882,0
18.782284,-1.190052,0.6329188,0
15.554781,-13.699161,-10.315246,0
2.4377565,0.53827614,23.06428,0
-9.280827,23.86516,-1.5130936,0
13.36722,-12.455322,-17.002033,0
6.4562354,10.756969,17.621668,0
-6.0786314,1.2456598,0.05683519,0
-17.462765,-24.910538,1.4427149,0
8.0841875,-0.6903987,-11.295821,0
-17.844616,-16.03716,-8.903918,0
20.990986,-1.6747351,-3.8864303,0
4.5353193,-15.3105545,-1.2661852,0
18.08783,-17.38799,17.40131,0
4.0523505,-27.778404,7.069305,0
-17.808813,-1.14677,-1.2364899,0
4.1113796,0.060574636,6.9476323,0
24.047535,-5.4541864,15.660562,4
-20.747128,-12.461018,-8.605974,0
21.574114,-2.6816425,-4.529072,0
0.7920738,-9.280914,16.649162,2
14.76677,2.3882594,16.26961,4
18.644102,-16.219606,16.951363,2
-4.1746902,-8.611967,-3.867739,0
-2.8197303,3.9603698,-17.759825,0
10.183049,-6.382942,-5.728256,0
-9.992431,13.805929,4.833665,0
4.9290304,24.383184,11.318898,0
9.353505,7.5075326,-4.681448,0
-12.208943,16.80845,-2.4243066,0
18.28395,-2.6139474,8.798406,4
3.531007,3.6807914,-28.780537,2
14.892261,4.842795,18.257462,4
-15.954643,6.5038257,-18.871624,0
-9.01735,16.856556,6.4048266,0
19.51006,-2.4783816,19.522955,4
23.308958,3.8254251,-0.65278316,0
3.7270732,19.025646,-1.0504247,0
12.389452,-17.728212,5.3147817,0
-19.108803,-14.839976,-5.482039,0
8.797482,-7.7393565,-1.8613001,0
10.168947,-7.7140822,-10.395767,0
8.044838,-6.4059734,13.265708,0
7.7384176,10.463523,17.535404,0
-0.42908743,-13.593013,-18.903765,10
-8.125683,18.220476,5.9745927,0
-0.5230552,-2.340781,22.93688,0
3.9190073,1.2618448,23.69519,0
0.27885303,10.395454,9.164802,0
6.333903,6.6863236,-12.24174,0
-13.557326,5.844493,11.897237,0
-10.753353,-27.712938,1.5279207,0
5.2875886,16.074791,-11.90826,0
4.3099523,2.2447476,-29.258434,2
-7.5482635,2.015681,-1.4674516,0
-8.905464,23.273676,-1.9983547,0
-8.863243,22.827578,-0.52475744,0
-8.474521,13.199968,3.5500147,0
-12.256964,-27.105858,-1.0178815,0
22.734852,13.618477,9.204356,4
-8.625527,15.260016,5.3404016,0
4.012159,1.76432,-8.625864,0
3.2356265,10.199035,20.038097,0
-10.595103,-0.030135214,-17.65458,0
-1.1291736,-4.50237,25.148975,2
-18.982487,1.2663894,17.253668,0
8.750801,-1.2685175,-2.479102,0
-9.06242,-19.872929,-15.092937,0
-26.639935,-0.20813808,6.7914233,0
18.399313,-2.9915173,8.713116,4
-7.322153,-15.423427,8.432376,0
4.3457212,15.209676,-12.762492,0
-17.772615,-1.2958486,-1.2398916,0
25.503586,0.12612121,13.786938,4
11.090489,-4.248329,-0.21612464,0
10.656173,-1.9751295,-9.019122,0
7.9443507,23.618456,11.590132,0
-23.601889,-9.483801,-6.1389785,0
-12.989258,-2.3991423,17.607153,5
-4.0663204,-13.751255,-24.99488,10
-9.900507,-21.914938,11.387047,0
18.79879,-11.3745365,13.984967,2
-26.897491,-9.783675,1.8399978,0
-7.322629,9.246629,13.135694,0
19.463745,6.6566343,-0.9691554,0
-4.151194,13.825802,22.151915,0
22.358072,15.841061,7.193256,4
7.799973,8.423565,-24.25194,2
4.8182144,-15.058027,0.19779307,0
-2.1742637,-6.1048884,25.783516,2
25.168186,-8.567478,5.0733776,4
4.870067,23.281822,9.856884,0
13.345891,-12.46251,-17.080633,0
-8.898858,5.7798777,16.450455,0
18.972778,-11.850827,13.680527,2
-6.1612873,-1.5098112,19.11588,2
-2.3855581,-17.240076,11.209195,0
0.36515683,22.261972,-5.309694,0
-4.4848757,-7.350508,11.578073,0
11.828403,13.839047,-5.401815,0
-23.659563,-9.077713,8.924021,0
-18.120573,-1.3016129,-0.74798393,0
9.791808,-5.2797484,-17.116756,0
-23.327478,5.686803,-6.394816,0
5.5020747,-26.37008,-5.713839,0
11.440432,11.972468,-3.8847935,0
17.942469,-1.0843358,-3.974469,0
-8.686825,5.6865215,1.4412109,0
-13.08991,23.424658,0.90850794,0
7.2907667,0.7557311,-9.690447,0
-0.96389014,-14.051863,-19.193478,10
11.638932,9.669451,-12.670039,0
-0.50120705,-7.156683,21.973564,2
8.827081,-6.532301,23.459686,0
1.071519,-14.71468,-15.350094,0
21.766571,-6.864445,15.196012,4
-8.788112,1.1515665,-16.406034,0
-19.461761,-15.074449,-6.1821413,0
-7.4068894,20.463448,3.204453,0
-17.778805,-1.2665865,-1.2393113,0
-9.976837,-10.824316,-5.5633464,0
-6.460359,0.8451856,2.1416733,0
-6.972973,-26.697206,1.2417637,0
20.175701,-2.7167964,21.918232,4
-27.340502,-12.322763,3.324479,0
24.431276,-8.845638,6.8391814,4
8.042625,-6.403967,13.213138,0
24.605478,4.400803,8.092261,4
-8.796583,-8.7861185,17.92008,0
-21.193396,-8.080864,11.081846,0
11.679816,-4.568739,-18.165718,0
-26.76753,-14.068082,4.247203,0
-2.8235714,-14.282057,-21.557775,10
11.133884,13.262678,-9.035374,0
9.953578,3.785243,-20.74029,2
8.484901,24.03583,9.272061,0
-6.526775,-13.178531,12.038412,0
14.234427,9.35006,-6.1337976,0
5.113785,-18.007296,13.719504,7
-9.170944,-19.842152,-15.13289,0
6.7098584,-19.617332,-5.726434,0
-0.80417264,8.272815,-5.441031,0
5.7614775,6.358133,-13.202233,0
-10.544324,-26.864437,-1.9211862,0
11.391699,-5.1531625,-0.8516667,0
7.9425526,7.405877,-25.11099,2
9.09008,10.847356,16.90842,0
6.152892,4.92852,1.2181522,7
-12.329024,23.074408,2.1898785,0
-8.113111,16.682625,5.4910965,0
-6.9224596,-0.16357398,-16.989252,0
-2.9717312,-0.9804749,-14.378343,0
5.659037,-4.4764075,16.309925,0
-2.6480987,23.621435,-12.99764,0
22.210363,10.803706,12.194513,4
18.915089,0.42939013,-7.546491,0
20.120127,-12.310583,15.4831505,2
5.444935,-25.968172,-5.931689,0
17.23046,-17.851036,3.2281058,0
13.981513,-5.0054846,6.8614593,0
0.6478437,-18.588015,5.9793286,0
0.16612121,19.785622,-5.4204907,0
-6.2289658,12.032316,-20.355627,0
4.8109674,9.223157,18.966879,0
-22.78994,-10.231391,-6.980093,0
5.54939,-10.211356,-26.103804,10
6.9678597,-23.844173,-6.9747176,0
19.504309,11.050793,-6.1308875,0
19.039972,-3.895602,16.533052,4
-8.150785,-16.605019,-9.4899025,0
9.133921,11.179216,17.41897,0
5.4059105,2.7157586,-6.343931,0
8.731344,11.322534,7.779814,0
5.4127393,-11.100455,-10.1886215,0
-6.817124,0.4824915,-4.121909,0
-9.468483,21.485,6.4379272,0
-3.9128056,18.857006,-8.913979,0
3.0028856,-10.248539,-27.231588,10
2.019085,10.062685,-0.8909801,0
-10.332111,23.127361,0.5754282,0
9.883435,-4.7443957,-16.173063,0
3.9095266,0.399547,24.442272,0
-8.10696,-17.827913,-17.563309,0
19.098274,8.379941,-8.492349,0
8.92108,-1.1696159,-2.80103,0
-13.675633,-4.061635,10.050284,0
0.73503804,20.519943,-6.3246427,0
25.193039,7.28709,8.039249,4
-1.7070848,-7.5108457,24.109121,2
4.991612,4.4460864,13.23321,0
4.514671,9.372096,16.785183,0
7.7628307,-5.940289,13.027822,0
0.13518155,22.432428,-10.0806,0
-11.953679,15.304426,-1.7163234,0
-18.462498,-1.9389455,-2.812223,0
8.75329,-7.7421885,-1.8937383,0
-24.268492,4.160178,-3.0598335,0
-22.406725,-10.620311,-7.278713,0
16.499924,13.754147,-5.0802965,0
1.0824083,-9.991684,11.635791,0
16.798328,-9.027049,-5.55583,0
4.382752,-15.391251,-1.6359264,0
-1.5552093,25.284206,-13.46839,0
17.441505,-9.699157,-6.1312847,0
-1.2838024,-3.0071247,-14.315409,0
25.098347,-8.447959,5.797496,4
-6.414602,-1.3846865,19.869238,2
-9.197806,-6.8677235,17.20317,0
-6.845254,1.3180836,0.033905752,0
6.732733,-3.2633586,13.426917,0
11.012702,-7.6362715,-10.570371,0
-8.545634,21.849478,6.1201367,0
16.47997,13.78105,-5.1070337,0
-5.6941752,0.94454604,-13.471627,0
14.157615,-13.672533,-10.853154,0
-12.641255,-20.736076,-0.15933402,0
14.1596985,-7.426174,-1.2462977,0
16.997074,-9.164114,-5.683835,0
13.867127,-5.851697,6.245331,0
-17.137438,-25.111649,1.4863222,0
2.9477787,-17.879229,18.242329,4
-12.864958,19.669031,7.4268794,0
-11.7988615,15.637149,6.653759,0
-11.199177,-5.6919255,7.387746,0
-11.98647,23.208221,1.9782733,0
19.975933,13.927363,-10.051447,0
2.9136407,-22.57108,-6.872159,0
-6.2881856,1.188934,-0.18652669,0
22.869602,1.6771207,-0.8575749,0
15.003319,-2.299806,-4.5626326,0
-8.103069,22.442184,-0.9498048,0
1.2918365,1.0582968,27.145638,0
-7.4184604,-18.197893,-17.421154,0
4.9042735,-3.939012,-2.6449473,0
6.3394513,4.4261823,15.575091,0
13.280399,-6.9965463,7.2039294,0
-8.122199,7.2865095,-4.8103156,0
-19.775648,-10.210494,-0.91423833,0
-21.42171,12.758781,-2.6280253,0
13.849501,6.9712687,-6.431839,0
-23.270048,-5.979446,11.0464945,0
-13.338929,-18.04466,-2.3157232,0
-7.9067187,9.039605,-19.08755,0
19.665546,-2.1507573,-7.851983,0
-14.303047,13.256328,-9.725495,0
2.3983908,9.703473,-0.9123806,0
14.2763605,2.668883,16.728537,4
-11.854489,-19.930822,-0.7371361,0
-15.240012,-7.633946,-13.27713,10
-8.927188,-6.9284263,0.48051602,0
2.8816202,-14.17301,11.624787,0
-6.757455,-19.395441,5.528409,0
18.420687,-15.914612,17.001831,2
-12.534572,13.896645,-11.066769,0
17.16396,10.37473,-0.25870866,0
22.465141,-1.6515497,-9.135535,0
-9.497047,-19.742352,-15.32055,0
-0.65153193,-6.7846446,22.59646,2
0.022406466,21.893267,-5.4648924,0
-15.006084,-26.289238,0.29685685,0
-2.8235714,-14.282057,-21.557775,10
-16.751722,11.228022,-9.588564,0
13.28383,-6.998595,7.2056804,0
4.5125637,-13.1502695,-25.648596,0
-3.5409167,16.374596,-7.746013,0
-13.35172,-27.201014,0.9643324,0
-10.591278,5.933625,19.233627,0
-1.803805,10.994805,-10.696756,0
3.1962671,-11.677352,2.9028697,0
12.746889,-4.944135,-12.353525,0
-14.02573,-16.990864,9.960792,0
22.523468,14.557173,8.837076,4
-7.187683,8.310749,-18.509693,0
24.005571,5.2289457,11.958209,4
-12.772873,14.4953375,-11.097981,0
5.360561,-25.726452,11.557505,0
18.284237,-7.9825554,-14.827487,0
-0.89105856,14.054292,-5.407077,0
-4.6364875,-3.9380302,24.220383,0
-1.4323277,-17.192684,0.9989794,0
-16.840683,-16.737083,-8.535547,0
-16.36171,-0.064219706,-2.928467,0
20.178213,5.5001693,-8.267683,0
3.4388015,3.6097648,-28.862835,2
-23.687706,-8.709688,7.2431374,0
4.8228426,24.785486,9.173664,0
13.846022,-11.52763,-17.849464,0
-3.242988,-4.1911426,3.8623512,0
-1.1707189,-11.084181,-7.0094633,0
-1.2157232,5.0185533,-6.262273,0
-9.535672,8.341876,14.087177,0
5.00502,21.642405,3.3290274,0
8.747292,-1.2710133,-2.4738734,0
4.9291277,1.2406354,1.6149431,0
-10.494909,-6.3090487,6.1277847,0
-9.115489,11.119547,3.598583,0
8.460801,11.147414,13.067462,0
8.897095,-1.4981742,-12.368925,0
1.4068433,10.943725,5.5702333,0
-9.1989565,-6.865533,17.203804,0
-14.90731,5.8718877,-9.3727455,0
-7.3185506,-5.5697455,-19.215092,0
-22.826046,-5.5717382,10.749347,0
13.219695,9.366016,3.8677092,0
2.991286,-14.93,11.950888,0
23.85248,-1.8315413,-4.384689,0
3.6951668,23.40255,3.6516469,0
15.080868,15.500997,-4.4524693,0
24.472553,4.1481223,8.03152,4
9.694259,-6.4027405,-1.2534866,0
4.759679,-19.411636,17.73856,0
11.303797,-5.0494432,-1.9190772,0
-6.26888,10.212571,21.3016,0
26.110575,4.7026496,7.0568542,4
-19.637234,-9.606799,3.3863153,0
5.3793426,22.961403,8.329398,0
-7.277747,-26.873133,1.7732605,0
-12.302168,-21.157318,10.541387,0
-15.614647,19.442827,5.0480356,0
-8.754132,-10.043309,-12.042299,10
-15.3037405,13.021735,-10.772595,0
-17.87877,-15.902894,-9.008716,0
20.71378,5.869167,-0.71345043,0
23.89398,1.1569673,-5.011332,0
-9.57305,2.1691272,0.47023827,0
-21.143784,2.049689,-7.1054316,0
-12.092447,21.91002,7.2890515,0
15.848912,1.202522,13.887972,4
-2.8950634,-19.837664,16.613285,0
-11.685703,-26.537834,-2.5480878,0
16.704317,-14.190009,12.314182,2
-15.66258,6.398311,-18.960001,0
4.326828,-0.96240777,23.53791,0
9.303652,-10.775842,21.808344,12
-9.5085945,-19.753824,-15.296009,0
7.3161645,-23.875563,-6.631689,0
-0.25700173,16.218328,-9.609847,0
4.382716,-15.39118,-1.6356744,0
-1.7907108,16.548544,-6.020953,0
-22.574753,0.9904058,-5.8518467,0
1.6129106,10.8931465,5.721233,0
-24.368832,-8.896652,-5.1500797,0
9.40279,-2.320628,0.48708922,0
5.8606014,2.020401,-6.7437353,0
10.160587,-7.7117734,-10.298885,0
-10.764402,-26.625177,-2.460961,0
-20.85945,-10.207925,-0.35188338,0
0.22868615,16.784538,-4.310852,0
-6.138624,9.416321,17.765465,0
19.880173,-0.56735516,-1.6959455,0
-1.372403,9.219936,-12.688158,0
-2.3872933,4.2770047,-19.386915,0
5.568059,16.312565,-10.117304,0
24.466328,1.6316948,-4.414956,0
19.388227,9.195875,-5.956936,0
9.390517,-9.407343,-14.89728,0
-6.3993807,8.876837,15.119628,0
0.0737737,17.8846,10.726825,0
-3.2531645,-0.6244852,11.510451,0
-19.956926,-0.9714422,-3.7118878,0
12.842429,-5.583472,-15.006936,0
-21.21982,0.3977815,-3.6616902,0
3.7648735,18.556067,-1.2313865,0
-2.6484451,-12.504394,-26.991924,10
-5.6559668,-20.144186,-14.879905,0
-4.70222,5.3531976,2.1378067,0
-15.45321,-14.345646,-3.6164315,0
4.0527754,-27.778141,7.070127,0
11.963748,10.668264,-1.4758648,5
-7.946918,0.36622617,-6.387369,0
-23.574915,8.407313,4.183274,0
-4.599212,-1.0783902,14.959897,2
19.089285,6.52033,-11.882716,0
9.428027,-8.652228,23.12176,0
14.103216,9.173299,-9.943319,0
-8.994993,-12.453521,19.070232,0
1.0404551,-20.65949,14.716567,0
3.763712,8.553605,-1.4034857,0
9.995295,3.71901,-27.954363,2
-5.5223703,10.076584,-22.707745,0
-15.283516,-12.736235,-18.79316,10
-1.2128118,6.7532372,-5.8109903,0
-16.200907,15.405689,7.0324183,0
-5.9911447,10.06317,16.156567,0
22.439472,10.790731,12.156512,4
16.497229,13.740538,-5.079955,0
20.125257,-12.246663,15.47526,2
7.836281,22.802382,5.401285,0
-1.7884302,-5.612145,-3.7031841,0
-14.804957,6.133053,-17.371475,0
5.39563,-3.985889,-1.4007131,0
-24.003094,-9.160043,-5.6515546,0
-8.583119,7.0877514,13.49894,0
0.9907467,23.232058,-7.8370166,0
5.2230606,2.6180599,-6.4790626,0
1.8234463,-12.225647,-23.403336,10
22.337786,1.1879979,-0.9715065,0
24.624292,7.952293,7.8127947,4
-6.099208,-25.935114,-1.0566375,0
-15.329907,19.660065,5.2427387,0
20.793392,12.867494,-9.306558,0
23.56283,-2.1675606,-3.4472408,0
-11.919369,15.381251,-1.7978554,0
15.198065,-12.574987,13.288581,2
0.6676651,11.668098,9.819144,0
8.080927,24.4039,12.05955,0
-5.399841,9.569074,-22.891071,0
-0.09751571,-6.0380363,27.927761,0
5.971883,3.801999,12.883242,0
-23.725367,-9.02982,8.749639,0
15.511763,-13.689134,-10.327236,0
22.446756,4.6882434,-1.7317885,0
21.493261,10.5418415,-11.648044,0
18.896389,-1.2138518,19.469004,4
-8.050951,6.4284635,-20.289923,0
4.948543,-19.132921,17.610659,0
14.503426,12.551528,-0.5516104,5
-6.567864,-6.4131083,-6.1916027,0
-20.434082,-12.700303,-8.860855,0
3.5006893,14.696389,-10.237601,0
-8.008102,6.5784497,-20.78119,0
-1.6357579,5.3928065,-5.8784094,0
8.95074,-25.614641,9.490967,0
1.5631675,-9.857145,7.467439,0
-7.4055552,8.463927,14.180372,0
-7.272119,8.946076,20.894075,0
-4.8539796,-9.7884035,6.4289165,0
-17.669428,-17.161484,-9.160355,0
-0.1345282,-6.309308,11.828228,4
23.495275,-1.3725038,-1.7544011,0
5.46065,23.200302,4.779786,0
19.286001,-11.104353,-6.327865,11
-26.838839,-13.930632,4.18841,0
-0.42901614,9.910289,-3.0977557,0
-21.513323,0.9801021,-3.2348971,0
10.458649,7.20016,-12.855736,3
-14.648826,18.322075,6.3722863,0
9.032072,-25.482853,9.052962,0
8.843882,-9.001515,19.132463,6
-7.643517,0.4512276,-17.196749,0
6.0109715,23.63147,6.353454,0
-13.658311,-27.02257,0.6718826,0
-22.966192,9.971508,5.6855683,0
-7.546181,-12.349575,17.62243,0
-0.008772941,-2.6438866,-14.98823,0
-3.4058661,19.493816,-12.590082,0
4.303453,-15.317261,2.788265,0
-7.0358357,-26.820803,2.347544,0
-6.594502,20.324059,0.3496575,0
10.826492,-10.541141,-1.9445986,0
24.740892,13.901927,9.787112,4
-1.5533761,-14.1086445,-20.035015,10
13.821295,-5.5759826,-14.2548895,0
20.821627,0.98760134,-0.77414286,0
-16.595482,-10.252953,-1.6520116,0
12.829341,11.548161,-9.190142,0
18.436518,-1.0094748,1.2452012,0
-1.1019677,-4.586281,25.04709,2
-20.316757,11.823368,-4.0860176,0
-0.981493,18.075008,-5.450341,0
18.443453,8.988304,-10.316109,0
-16.047276,4.54285,-9.944933,0
-22.895302,-5.665107,10.804427,0
2.761607,-10.291837,-27.335382,10
11.250523,-8.619062,19.725239,5
0.5121027,4.3608575,7.1867046,4
13.021027,1.1232827,6.337777,0
-0.029802093,17.926207,5.5832973,0
-6.0313625,-6.192616,-20.47605,0
11.891315,-7.8602242,-10.392339,0
-22.330294,-9.369213,12.016927,0
-8.129277,0.57085156,-13.786706,0
5.4297757,23.182096,4.7804813,0
-10.910483,-27.71564,0.9803818,0
24.834843,4.547832,8.127109,4
7.2032957,-0.46074048,7.8935885,4
-10.981093,-26.638449,-2.453915,0
7.6541657,8.864637,-23.654314,2
3.220105,24.20373,10.459757,0
-2.9869127,4.3891344,-17.62619,0
0.07858489,23.093344,-10.17443,0
-2.476526,17.877441,-8.714648,0
-13.343053,5.40944,-15.605941,0
-9.5984955,3.5443554,-23.53767,0
-12.311625,-6.3760962,10.859243,0
2.2129114,18.915878,14.557049,0
-6.1704473,-26.449867,1.5252637,0
12.593325,-9.604047,-17.000229,0
15.032859,-8.97703,-4.110326,0
-9.228532,14.655184,5.1099844,0
-23.211533,5.059136,-6.84045,0
-15.102632,5.044738,14.065948,0
18.482206,-1.0256246,1.0910529,0
2.3755972,1.2214328,28.357317,0
-4.8679104,12.775216,19.085611,0
-15.659559,-11.350501,-16.876675,10
-7.4821362,-12.336501,17.655516,0
5.7861757,5.963692,-13.458298,0
-8.557488,7.363983,14.503604,0
-26.993347,-9.979157,1.9344497,0
14.6927,2.6468518,16.693167,4
24.641935,1.5258232,-3.9624786,0
3.6400769,3.7839336,-28.665358,2
-10.70146,0.1109467,-17.380543,0
-7.904523,-10.62305,-12.304298,10
7.3375435,23.347918,8.954451,0
-15.694814,-11.179969,-16.671612,10
-3.000281,7.4653525,-6.4111648,0
13.433943,-17.677511,4.8631473,0
-21.977964,10.101945,5.723903,0
10.980158,6.2815785,8.98763,0
0.27899966,-18.629019,5.188177,0
0.21117721,-8.931712,18.653126,2
12.683292,-9.919131,-16.51227,0
19.162426,-16.064932,17.10064,2
-6.563102,-6.4210424,-6.193904,0
14.819637,9.52,2.3244245,0
18.720848,-3.9973817,16.928093,4
3.6262507,-18.527176,17.42727,4
-2.3109648,-4.421107,27.102354,2
-14.84839,-13.607761,-20.196743,10
-4.1172094,-14.179728,-23.732399,10
13.34569,-12.461481,-17.079514,0
-7.6453543,0.35292324,-14.814991,0
5.9221296,16.64758,-10.580911,0
5.79096,4.3807597,14.827301,0
-14.285889,5.535325,15.275558,0
-15.002102,18.86302,6.0014167,0
0.06353471,19.288353,-4.989253,0
-12.222208,3.6600952,-13.242252,0
-11.929514,5.244582,-18.689545,0
8.493441,4.2496095,7.6089125,0
1.470747,-19.195396,1.3696265,0
-13.734842,17.08276,-1.2296838,0
10.492733,3.3290884,-19.67712,2
-6.33646,-1.9420911,10.590601,0
21.612247,10.312031,-6.912618,0
2.8871179,-13.861487,11.497708,0
16.904474,-5.035196,-12.647675,0
12.850168,8.778353,0.36755913,0
-17.154245,-9.984775,-0.38577697,0
0.2451963,-18.653877,5.0391192,0
2.2086806,-20.64488,13.610648,0
4.3860326,1.0601836,23.587936,0
-0.61214995,11.038624,-13.099894,0
28.339615,-1.2041923,11.525388,4
6.2866817,10.742984,17.666506,0
-10.425912,3.7424932,0.5124384,0
-6.524952,-13.176697,12.033473,0
-8.004266,-6.2591724,-0.67211974,0
1.8258619,9.337224,13.738628,0
-1.7669339,-3.6571302,26.73906,2
14.624664,12.360132,-4.267566,0
-16.642962,-10.287315,-1.8472326,0
-1.9941609,24.658525,-15.148981,0
2.58482,24.816662,-10.264654,0
12.742066,-6.4334216,-10.1166725,0
20.415443,6.6395006,-0.26084068,0
-8.205235,22.974104,-2.0374346,0
-20.846857,13.447438,-2.8413768,0
2.928424,-21.985292,-8.250001,0
3.956869,-18.468225,18.015018,0
6.6816564,-0.5598415,8.016759,0
14.186827,-5.370139,-2.5475419,0
-17.424381,11.595332,-9.82155,0
-16.01465,-25.653084,-0.556477,0
12.5473585,-12.163737,-1.2081383,4
-17.719412,-1.6715691,-1.239561,0
-9.267669,1.9397811,1.4060915,0
16.973507,-7.974131,-5.959753,0
-27.690947,-1.2183008,7.2623925,0
-22.458727,9.7561,5.726349,0
4.7818437,15.444949,-10.571664,0
19.141727,5.884116,-10.879695,0
-12.805046,-4.048399,6.8650064,0
-22.72204,9.770277,5.814,0
-21.864897,-8.952565,11.668771,0
-7.170436,0.5310732,-17.130846,0
7.0647316,16.948296,7.061225,0
-6.2180142,12.01566,-20.350029,0
-9.771066,-7.0459805,4.1059756,0
-1.347528,8.433482,-8.955548,0
-14.430609,4.891853,13.267478,0
-13.716359,17.251549,-1.1225643,0
-6.0056705,-1.2241435,-16.728662,0
-16.403513,-25.321457,3.6397614,0
2.4168427,1.4488106,-1.1374439,0
-0.5564631,21.204931,-9.764195,0
-13.558534,5.037297,15.974462,0
-26.222055,-8.256666,-0.8778669,0
-16.859253,-16.720024,-8.550972,0
-14.923413,18.503828,6.130504,0
-21.966307,-9.054326,11.750049,0
4.9018755,8.646601,19.593931,0
-27.687443,-1.2218094,7.267942,0
-5.3737082,1.4584537,-1.4848424,0
1.3724871,10.991222,-1.9269308,0
-8.89095,7.407706,-4.1974087,0
-13.296146,-17.931494,10.355817,0
11.435919,8.8561535,-12.749804,3
20.453577,11.5433655,-7.5008,0
-1.2396636,-11.677878,-27.762312,10
8.270405,-2.996925,0.29869065,0
-1.0763942,21.067614,-6.2367263,0
13.853716,-5.6826744,-15.8363905,0
-13.735149,-3.0897179,7.398246,0
8.156572,6.6760044,-12.2614565,0
-0.339259,16.234303,-9.621936,0
7.9580708,7.361192,-25.095772,2
3.1291072,-1.2332594,22.82744,0
-1.2240449,21.094074,-6.3904624,0
3.696445,0.62628436,-30.606348,2
-5.8698516,-25.493408,9.332614,0
18.670866,-7.8177547,-14.8221445,0
-1.1552786,-13.832738,-5.0553164,0
-20.343994,12.016686,-3.8954198,0
-0.5821181,-6.975992,22.29306,2
-8.679225,21.493996,5.570071,0
-14.688099,4.6557684,13.741604,0
-12.3517475,-1.2712233,9.766667,0
-10.633253,13.810503,5.19172,0
14.450066,-11.958618,5.284709,0
-17.458961,-10.15011,-1.7788057,0
-4.263353,-8.609935,-3.697759,0
8.205481,4.1893353,7.670783,0
-20.682993,7.434508,8.823037,0
8.935824,8.813257,7.829496,0
8.751812,-1.2681663,-2.4797955,0
13.651282,-13.036565,-2.7163873,4
-12.328209,4.0894985,20.484093,0
9.055341,4.2498393,-28.046865,2
9.300761,-9.285127,22.849422,0
-2.6889598,16.85411,-7.794001,0
-13.551516,9.734807,-8.969687,0
-13.195002,-27.215117,1.9616774,0
21.088507,15.517657,6.877942,4
18.204062,-0.8366042,0.41822344,0
-7.952017,-11.560011,16.250175,0
-24.722578,4.3931603,-1.4945947,0
8.510587,24.068598,9.508716,0
-20.999664,-6.33181,8.083316,0
8.736262,-7.7449965,-1.9065897,0
10.72501,-8.162333,-3.6767743,0
-6.4286375,0.933078,1.095234,0
-11.867008,23.147074,1.9537834,0
16.869362,5.775782,2.5417223,0
-21.605219,1.4935231,-6.8164296,0
3.205336,1.0859948,-30.19901,2
-1.2563561,7.748563,-3.3350496,0
-14.952676,-15.873077,9.655576,0
3.7499895,2.3834894,-6.6165586,0
2.7340431,-12.1307125,1.680102,0
2.0218863,18.699253,14.149494,0
-8.915591,1.2535548,2.2536361,0
-0.08600757,22.283154,8.421615,0
-9.307889,23.465073,-1.8627986,0
3.063047,0.9059979,7.033749,4
-1.1976054,23.410894,-13.685013,0
-10.240224,-3.9375093,20.516535,3
-21.654106,-11.513101,-7.798529,0
-14.881884,-13.562654,-20.11645,10
4.4055414,9.181274,16.87704,0
-1.595261,-1.9810333,-15.282519,0
17.410767,-0.58869034,-12.140528,0
18.69656,-16.826317,15.004523,2
-4.5897613,-2.6300836,-16.23352,0
4.4487815,2.3123116,-9.6418495,0
-11.6893635,26.04402,-5.1774397,0
-10.627468,-11.445211,15.445341,0
-9.45524,-7.0781593,6.0128427,0
18.3793,-0.09353383,-11.714022,0
10.965562,8.308817,-11.6108,3
0.50968146,4.3749776,7.1710997,4
-12.087178,14.808851,-1.2654237,0
17.342363,-8.463762,-14.664961,0
12.599935,-15.497838,-11.802744,0
18.226803,-2.168441,18.867422,4
-6.3040457,18.93149,1.6155478,0
18.857674,-11.393596,14.002908,2
9.873812,2.747588,-21.055729,2
-4.9182687,-9.689442,6.5293765,0
-20.999788,-6.331735,8.083254,0
5.4934635,24.81922,9.743864,0
24.679928,14.030267,9.985033,4
-7.9055743,-10.624653,-12.30428,10
15.573408,-13.644468,-10.274832,0
3.1997964,9.617446,-2.3365834,0
5.473464,-10.557445,-9.808634,0
-3.1607084,22.079672,-10.798848,0
-18.15846,1.0069636,17.496258,0
-8.044722,15.93726,5.364888,0
6.7027826,-9.314515,-9.3500805,0
-13.565732,13.452237,-9.144525,0
-6.289777,13.887491,15.029833,0
2.6660545,-12.202767,1.6405897,0
6.4368863,22.967297,6.8950143,0
-5.9686275,-1.4783572,18.753508,2
-0.61396223,-6.905076,22.421404,2
9.3339405,-9.273353,-0.6846815,0
17.315197,-17.86643,3.1896544,0
-10.698,4.2980185,0.43635812,0
23.11871,8.22107,-7.3278565,0
-20.583212,-12.647846,-8.741147,1
7.304684,2.7863226,-7.8185186,0
-7.9217076,6.3793526,14.5583315,0
-0.4121304,20.92586,-8.798754,0
-4.1810617,13.763947,22.177298,0
4.270352,4.2131376,-27.748554,2
-12.084323,21.806911,7.295142,0
19.559916,-3.7432337,8.282042,4
10.451463,-5.784112,-2.2861335,0
-15.778252,-10.597501,-16.056578,10
-7.9935627,-17.896765,-17.539661,0
13.771631,4.095647,18.627192,4
-9.985565,13.786425,4.8250017,0
3.0604007,-12.25076,2.1897864,0
-14.027941,14.562218,6.2944384,0
20.198936,-5.3852696,15.8201685,4
0.1817346,13.014103,5.3869987,0
-3.2972953,19.48634,-12.489595,0
9.105407,10.995264,17.42318,0
-25.118366,-1.371903,7.456164,0
-12.797607,-20.771381,-0.036932036,0
-8.148566,-12.461629,18.9169,0
-9.635495,-9.327695,-11.794792,10
0.8711276,-9.76027,15.402752,2
16.29267,8.636475,4.6019297,0
-14.76703,18.799582,6.2612085,0
-7.4242835,-21.087498,4.6055894,0
17.375174,11.932284,-8.045964,0
7.0508327,24.533201,12.284862,0
0.9827849,18.565067,4.3479576,0
-12.851887,6.2894697,11.5258,0
0.4552197,-18.600159,5.624809,0
-13.451083,16.116705,-0.5962983,0
-7.5430746,6.575733,15.785341,0
-24.83413,-6.964959,11.849567,0
-15.41075,-16.097477,-4.040795,0
6.8782454,-3.65274,-12.626238,0
0.8081362,-4.7424774,12.861746,0
-0.04794328,-3.0150628,-14.697959,0
6.508087,8.078989,18.962227,0
19.504496,11.93957,-6.4025483,0
-9.673447,-26.580914,-2.163352,0
-5.8926044,-25.85591,-1.1071272,0
9.424951,-0.07739418,-12.558909,0
7.579172,-6.11055,11.581499,0
16.936186,-11.791022,-8.440554,0
-15.043095,-13.314191,-19.70056,10
-9.385421,22.860638,-0.014655168,0
-4.9398932,2.3852801,-13.16343,0
-9.745755,-9.235649,-11.777845,10
-0.6918757,-8.297651,21.41235,2
23.967882,-9.59055,7.021638,4
16.67274,-9.062527,-5.3602157,0
13.754729,5.8875227,-9.321775,0
-6.6636524,-12.995175,13.339125,0
-6.4772935,19.741682,1.146519,0
11.273883,12.090633,-10.166575,0
-6.283576,7.6740627,-21.639437,0
1.7229086,24.768341,-6.2635098,0
8.843876,-9.001518,19.132465,6
4.1294236,1.163697,23.624058,0
8.441602,-2.0914693,14.797525,0
18.836634,-16.709373,15.664077,2
6.152881,4.928502,1.2186196,7
-8.414308,8.140581,-4.559527,0
6.1528826,4.9288344,1.2190363,7
14.3188095,12.236387,-4.1468663,0
-1.2935085,14.116933,-5.6283946,0
7.1405706,-9.152861,-9.980122,0
-22.654314,11.309832,4.447623,0
-9.3423195,21.512815,6.4480724,0
-0.16606326,-2.7208822,-14.747263,0
19.354288,-2.2059627,-7.279193,0
16.879118,-14.176834,12.333157,2
-7.802422,-6.2102256,-0.8224806,0
0.0065321503,-13.719575,-18.574564,10
-5.157395,-1.1416539,16.928013,2
10.059664,3.1300404,-20.722298,2
-12.369094,6.7621922,11.173437,0
-6.205447,8.262466,-21.793907,0
24.076313,3.3887448,-3.8729503,0
12.010297,-4.424838,-2.1195004,0
-8.197476,-10.439374,-12.206144,10
-3.0426805,-0.8349749,-14.160369,0
2.4226775,2.7581887,-27.301697,2
19.948465,-13.658186,16.062841,2
-7.971633,-0.06762976,-23.475067,0
-7.04137,8.321129,-3.2000203,0
9.106143,10.770589,17.34932,0
3.0780466,-15.1548395,7.9229417,0
-22.236565,-3.3342588,9.778493,0
19.233547,-11.090575,-6.3259277,11
14.097191,10.828361,-6.338254,0
18.523066,-3.4953966,8.468767,4
1.2112391,18.35959,3.9557123,0
4.567271,-5.690911,-2.0506313,0
12.317246,-12.323073,-1.3355573,4
6.7648973,22.94281,4.9515996,0
-3.9669693,16.540142,-8.361764,0
-5.5959635,11.090783,19.795883,0
-14.877546,-0.024778573,-4.9833183,0
-1.9074794,5.3346667,-5.6941867,0
-22.772034,-10.240145,-6.969357,0
8.800026,11.197898,8.275005,0
12.899598,-7.3047385,-14.7293005,0
-2.914355,-19.968203,16.729084,0
5.6895223,-26.303553,11.324686,0
4.019826,0.3079776,-1.1320887,0
-4.1824584,13.761726,22.16892,0
-12.068673,4.6019025,-22.096718,0
-14.873826,18.836355,6.161138,0
19.441935,-11.194648,-6.370237,11
-1.729283,-7.4772205,24.159245,2
15.047289,12.238838,-0.7593661,6
0.7183973,15.853738,-9.424791,0
-12.668032,15.189324,-11.771532,0
6.6349616,-1.8699529,13.783298,0
-22.002426,10.225487,5.6988516,0
-6.8080482,8.275048,-21.61967,0
-7.8493576,0.19447821,-6.362519,0
18.966858,4.857021,-4.1441965,0
-9.399573,2.0476422,0.96264356,0
4.8140793,15.558016,-10.258086,0
6.2968493,24.82085,10.187829,0
-0.97787035,11.460467,-12.031164,0
-9.353433,4.6090612,-18.970898,0
-0.53605014,-7.085934,22.104832,2
4.936082,-3.63305,-2.7695282,0
-3.1694276,-2.122831,-16.114147,0
-26.206232,-8.213225,-1.0690048,0
4.068312,2.0005603,-1.6814487,0
20.880611,9.991537,-11.664166,0
-2.6447082,-12.207034,-1.2336105,0
3.0028856,-10.248539,-27.231588,10
16.4878,1.2996119,-3.6231468,0
-23.764671,3.6923864,-1.7390816,0
-8.226985,8.224214,13.926616,0
-0.64243436,-16.405413,4.360677,0
-1.6520063,-7.578574,23.975904,2
-13.350712,22.286072,5.3570533,0
25.017195,12.626453,6.78832,4
6.933888,10.704662,17.424202,0
5.1331897,6.325861,-13.913683,0
-12.588544,-20.711609,-0.19708812,0
-0.8521264,17.616087,6.683374,0
6.6847463,-3.0429332,13.442031,0
21.530575,-2.4383059,-4.0895896,0
6.6523275,-0.56632936,8.021573,0
12.593285,-7.4688573,6.8373327,0
-10.553636,1.3996372,-14.4527445,0
-19.169228,-14.400502,-9.175484,0
-7.3004827,-1.9283893,-23.372694,0
2.6677194,1.1433448,28.592846,0
4.58288,-5.6994324,-2.0688848,0
9.800503,1.7001296,-13.761416,0
-13.506135,13.165547,-10.492344,0
22.786566,13.528461,8.948959,4
-9.321354,3.7979267,-22.815464,0
14.233358,9.298691,-7.6913166,0
1.7045747,-10.00636,7.4557767,0
24.10767,-8.673548,6.53888,4
-13.818913,8.065026,-8.78517,0
-20.950539,10.7379055,-7.3665714,0
-12.68965,13.373271,0.12967302,0
-4.0663204,-13.751255,-24.99488,10
3.2551773,1.0411874,-30.179424,2
18.551868,-2.7580788,19.513416,4
1.0789124,23.664797,-7.9144406,0
-2.0345273,-6.673476,25.196686,2
-8.335281,7.7338533,20.32624,0
20.122639,2.6667747,-10.194895,0
-13.571481,23.296751,1.3388412,0
-6.3810434,19.447266,1.2683498,0
23.80711,6.632451,-3.610609,0
2.5574715,-13.517271,12.0620775,4
-18.118652,-9.794751,3.1263273,0
-0.5431294,14.294642,-5.17997,0
-11.233835,-27.013618,-1.6629895,0
0.008235825,-21.133554,1.4989704,0
-12.924598,6.255506,11.518314,0
15.663527,9.687245,4.408174,0
-6.407081,-1.3792595,19.484125,2
2.334181,2.9168532,-27.263878,2
8.192583,-2.3383265,-13.699266,0
21.121464,-1.7509202,-3.7703352,0
-25.800383,-8.195207,-2.7349257,0
-4.1655602,13.803984,22.047121,0
-1.2490587,21.952415,-12.509997,0
18.218372,-0.33532712,-10.769022,0
-6.154497,0.6815262,-12.202889,0
9.346218,11.109674,16.686642,0
-12.026511,14.140947,5.7727895,0
9.715064,-0.57231057,-11.854279,0
-7.0877476,1.7878894,-1.3355001,0
-10.356357,11.059063,4.0110793,0
10.708538,2.2368944,-26.326406,2
-3.8052497,-1.8542069,-16.085114,0
-15.75286,-10.797051,-16.25992,10
2.580422,1.3132797,0.26249763,0
14.033279,1.9513389,17.510601,4
-2.0466282,-6.635124,25.241774,2
-2.3334703,-6.7654877,-4.1186576,0
17.051355,-0.13224812,1.7634311,0
5.18605,4.3349066,13.706859,0
-1.9779325,-6.5037465,-4.4229937,0
-7.408127,1.740698,-1.0744011,0
8.80984,11.3045845,8.379439,0
-3.2325494,-0.6281744,11.496907,0
-0.631064,-14.132407,-19.319191,10
4.748539,0.7058718,21.181543,0
3.5149107,1.4546695,23.866968,0
6.793919,17.43152,7.2274814,0
-16.296257,15.463001,7.0664616,0
9.202081,-2.997052,14.879585,0
5.180109,8.762878,19.341637,0
-21.190397,-8.080186,11.076634,0
0.5371465,4.239982,7.2957892,4
-11.610015,-26.978998,-1.6741247,0
-2.87893,-19.774033,16.631758,0
16.82606,-11.480407,-8.592577,0
14.525255,4.3867764,18.419294,4
16.14621,-17.724596,3.686548,0
-16.227592,-25.556532,-0.39216352,0
-20.824501,2.4169376,-7.567473,0
-6.895015,-11.277546,-12.6490555,10
0.25334325,-18.62449,5.1788726,0
-20.8595,-10.207785,-0.3504853,0
-12.638186,14.455135,-11.286487,0
25.630772,11.200231,7.8956833,4
11.250523,-8.619062,19.725239,0
-14.31768,-18.353952,1.7991507,0
-15.59528,-11.689849,-17.290682,10
12.184434,-12.436746,-1.3905522,4
-5.8404098,11.222173,-21.1438,0
-6.2654757,-26.397352,0.9487308,0
14.98131,-0.23897421,-11.82645,0
-0.1336132,-6.309743,11.828407,4
22.252205,16.066753,7.3224897,4
4.8200884,-3.8867946,-2.748201,0
0.31358463,10.224873,9.215168,0
10.828865,-4.8779173,-16.175331,0
-18.104279,4.3459964,-1.8159288,0
-27.662506,-14.524098,4.4504404,0
14.082293,2.0469375,17.167099,4
0.21105373,-18.575811,5.387364,0
-8.1546135,-16.583145,-9.4581785,0
-6.069772,-1.615539,19.280254,2
-4.1812863,-0.6614564,-10.895193,0
-18.063772,-12.193163,10.442747,0
-15.542869,5.924216,-9.634892,0
-7.594834,1.7939106,-1.03648,0
-11.858646,23.787107,-0.11975919,0
-4.9305177,12.358379,21.508047,0
21.00916,8.308393,-6.938531,0
-10.587686,6.073651,19.540068,0
-15.567661,4.839212,20.926102,0
6.285373,4.4385085,15.354703,0
-0.1968747,18.4097,6.0502357,0
2.132662,-14.812257,9.711925,0
19.030542,-3.9246266,16.546598,4
-12.8216,5.8544064,19.979853,0
14.906433,-0.03283483,13.7508745,4
10.6182375,-11.535708,-3.143419,4
4.411889,23.467833,5.391539,0
-7.1765122,11.205585,13.238588,0
10.932266,-12.317919,-11.19709,0
-6.344971,8.977695,15.220819,0
-10.379568,23.1877,0.42376843,0
-15.366119,4.4068637,-10.192939,0
12.669758,1.560208,6.468729,0
5.5501623,23.318708,9.884754,0
-0.7334761,10.733009,-13.524737,0
14.57322,4.236133,1.0954129,0
3.3426003,-26.03508,-5.635046,0
8.881512,-25.165089,7.8533907,0
24.484795,1.7020394,-4.245919,0
4.6346335,-19.478611,17.631857,0
7.5044975,3.0356052,-21.515926,2
4.712225,0.81248206,21.21084,0
4.8628044,-23.67876,-3.07342,0
15.36887,-12.548426,13.023148,2
-11.77398,22.019686,6.698862,0
9.674845,-6.4401646,-1.1851587,0
-9.113692,-12.450387,19.082544,0
-27.318996,-12.168403,3.2351203,0
-14.971172,5.2408543,19.852919,0
-11.247804,-8.197632,-11.761735,10
-10.879422,0.29968718,-17.414064,0
11.627927,13.780407,-7.522928,0
6.1774945,4.402954,15.410109,0
-11.941516,-19.660172,10.946829,0
2.7034729,-12.084406,1.6442807,0
-5.3134003,11.946732,17.791588,0
-7.5997577,-3.645184,-19.618391,0
-7.6912293,1.6894726,-0.62892336,0
10.190333,3.3203216,-20.152212,2
-5.8261414,-24.39011,3.1921391,0
18.891485,-2.8827038,7.2649636,4
0.3624818,22.3219,8.43254,0
8.670715,-2.3145745,14.867802,0
-12.025676,14.149672,5.7860193,0
-8.545724,21.848904,6.1200137,0
7.957698,23.3381,9.442531,0
-17.963783,-9.810748,3.1104524,0
-1.8321632,-9.868106,7.546689,0
15.700045,2.454278,17.000982,4
-9.137419,3.581144,-22.92258,0
-14.903669,-7.328387,-12.87307,10
2.6301816,1.4713289,-0.15151623,0
-11.41621,5.3406606,17.269346,0
18.21551,-0.30229762,-10.895746,0
4.0962725,-13.727845,8.101196,0
4.3140955,-0.27504373,0.071529545,0
-21.117071,-6.2624974,7.637437,0
0.22314256,-8.319695,19.256462,2
0.8764875,-9.771666,15.356004,2
6.8804054,16.622261,6.5775414,0
-27.715397,-1.199432,7.2461615,0
9.359688,-6.8851285,-1.4272864,0
22.38377,6.9608297,9.019432,4
1.2402959,22.699112,7.020421,0
-2.7481775,-0.7493172,-14.717195,0
-2.877115,-0.91701317,-11.17578,0
14.3361,9.2255945,-7.5661454,0
8.070939,6.8663826,-25.680801,2
-1.2288291,20.290907,-10.233196,0
-5.013078,-10.813383,8.49149,0
-16.251486,0.91483575,-6.7871614,0
9.121326,-7.40971,23.360676,0
-1.5033556,11.376847,-9.657522,0
4.224746,1.1774683,23.579496,0
-16.037823,4.2365036,17.72002,0
-7.917978,-6.23168,-0.74310213,0
-8.545435,-0.9061525,-24.470863,0
17.124815,-10.030792,-7.908334,0
-18.851076,1.2203625,-5.8194013,0
9.099171,10.826819,16.922262,0
-6.4629745,-0.9774222,10.987854,0
-8.922036,23.311213,-1.9680647,0
-14.89987,-7.325312,-12.87782,10
-6.035948,-1.4414421,-14.0924,0
-10.664546,11.556166,4.5113096,0
-26.225817,-0.42763865,6.8968897,0
-24.940105,-8.552722,-4.399387,0
1.8645251,-11.911682,-24.15799,10
15.802948,7.3648524,2.8559022,0
-16.499802,-10.442857,-2.3023229,0
3.4103386,-26.092794,-5.6269073,0
12.917489,-6.315416,-14.462929,0
-15.516469,-16.344141,-3.885968,0
-7.3407454,-15.40983,8.440966,0
-1.5425303,-13.455651,-4.6468024,0
-6.2014017,0.4818058,-17.071589,0
-23.161676,5.6139536,-6.9946427,0
18.293894,11.025218,-9.762916,0
12.197156,-3.0643208,-5.914211,0
-1.5423187,-13.455673,-4.6464977,0
2.9152274,24.087372,10.156135,0
-16.849346,-0.59229535,-6.4777207,0
5.2266965,22.82617,3.7037156,0
0.51886165,4.321994,7.2273803,4
4.0160446,15.011546,-10.491244,0
-23.282337,5.8903875,-6.2822223,0
-18.805199,4.367394,-1.7727875,0
-18.089642,-12.158204,10.4505,0
-8.658643,-1.0461265,-24.106232,0
-14.973097,-17.892046,1.76971,0
11.892824,13.3733835,-8.1643505,0
11.254117,-3.8195994,-10.85819,0
13.631534,-7.126092,5.858021,0
9.09032,10.847298,16.908571,0
-6.248714,-0.96982145,10.146747,0
4.8234115,-25.04527,7.230935,0
1.0426809,-20.65975,14.710441,0
12.6453905,-9.044281,-13.87026,0
13.476225,-3.0481853,-5.1534467,0
-0.8027358,-2.9788864,-14.482668,0
4.5592103,2.4174755,-28.519215,2
1.604569,17.659754,12.0366955,0
-6.5194464,-0.11824143,-17.087845,0
-14.19873,-16.786297,3.9552016,0
-8.301928,7.315174,19.671926,0
-14.608689,10.703257,-9.039351,0
-13.506331,-27.147612,1.4346883,0
7.5222106,-3.2716024,-14.430067,0
-12.934125,4.005428,-12.185069,0
3.9617953,-18.463924,18.023014,0
-2.9118724,-19.696928,16.428919,0
15.998594,3.6450999,15.86881,4
-0.69981575,-13.698434,-19.201637,10
-13.720323,13.500312,-11.073896,0
-14.483204,5.986256,-19.343098,0
-6.4158397,-3.8113542,-7.308098,0
-2.0534742,17.986097,-5.661441,0
16.415968,2.1782725,5.8097634,0
-21.658163,9.844296,6.1988554,0
19.567549,6.0194125,-4.413941,0
-6.1046457,-26.316748,0.8230565,0
-3.6832876,-0.8158832,-16.406487,0
-8.696005,6.8452134,-4.4187555,0
-18.61465,0.19867586,-5.2070317,0
18.294367,5.9366326,-11.163466,0
18.6598,9.209562,-7.177005,0
4.5125804,-13.150401,-25.648632,0
5.1593328,-10.305641,-9.185641,0
-3.9635174,-14.278445,-23.199898,10
-23.03669,-9.975259,-6.7030296,0
19.176119,-3.1060362,8.749734,4
-12.7411375,16.222258,-1.4900551,0
-6.2986426,-6.8262224,-6.299422,0
-9.307723,-0.04642827,-15.957086,0
-15.507606,4.9883065,21.016787,0
10.290212,3.3618248,-19.966225,2
18.235495,-0.80336326,-0.27455,0
19.297266,3.8538501,-11.4093485,0
-16.926706,-13.728068,10.064248,0
2.015603,0.43851575,-28.69012,2
10.032791,3.6778932,-27.926765,2
-0.64965004,-6.7932687,22.584682,2
-11.50549,14.682396,6.5480266,0
-2.883306,-1.9749144,-16.302351,0
7.319124,5.7811456,-13.057001,0
-3.5760815,-14.130518,-24.676718,10
19.259527,-11.095236,-6.326059,11
16.1076,-9.318983,-3.0353014,0
-19.502012,-15.048411,-6.196338,0
22.53733,14.354545,10.287367,4
-12.173418,-13.711536,-15.503642,10
15.772021,1.2163723,13.86514,4
14.146089,6.759954,3.722475,0
-4.2352157,-7.011361,11.684725,0
4.8286843,-25.041769,7.2320566,0
-8.598543,7.471212,13.133566,0
10.286377,6.4554615,-4.902844,0
-17.257732,-25.007996,2.1558976,0
-18.005026,1.392768,-7.0516253,0
-3.5366964,-9.74923,7.594109,0
17.5215,1.5617577,1.1715912,0
2.8993394,9.678221,-1.8968695,0
-17.561316,-10.084766,-1.4478637,0
-15.053134,4.932502,18.287903,0
-3.001379,-2.4288597,-16.03083,0
1.5166061,-9.399751,7.6729584,0
0.6484723,9.607334,4.9048657,0
4.167147,-0.049296588,-2.183426,0
14.180394,5.092525,18.17016,4
5.6659184,16.413445,-10.079638,0
6.279549,5.7063665,-13.01965,0
10.099174,7.315168,-4.2390695,0
2.4072099,-0.49611467,-0.91847336,0
-6.8374324,-11.313592,-12.6737995,10
2.5260775,1.1046016,28.433798,0
9.580739,-1.2920856,-0.42707315,13
12.061451,13.766113,-5.369874,0
-10.315704,3.9844725,-24.227633,0
-11.7358265,17.269634,7.232866,0
-22.25143,-3.3500767,9.809282,0
18.238733,6.3730073,-9.501775,0
-1.5949768,9.486037,-12.482154,0
-8.064392,16.509872,5.4765725,0
-6.8075786,0.4804855,-4.1005034,0
-18.383286,-2.2260554,-0.24755988,0
6.221449,12.491512,16.918999,0
-3.7094326,-9.818937,7.531922,0
-22.249065,-3.322513,9.796842,0
-9.299302,21.32039,6.4808917,0
21.02758,-0.75221413,-7.870259,0
-25.260077,-1.2335685,7.357731,0
4.476711,10.425239,18.942533,0
-15.161722,10.364934,-8.471686,0
15.913045,9.391138,-5.0081615,0
-12.248189,-14.023597,-15.935002,10
14.224877,10.438629,-6.425896,0
-8.455404,-1.1857748,-24.899523,0
-8.837847,-0.42141074,-17.443663,0
-12.379959,-1.2646621,9.74487,0
18.643461,-1.112925,1.1610872,0
24.128323,-9.578261,7.126723,4
4.1612554,-0.20311293,0.056441665,0
-9.878954,2.8592947,0.057526514,0
0.70215446,-2.4755425,-15.768027,0
25.644447,11.183413,7.9011407,4
5.154171,6.171177,-13.822262,0
-11.736071,26.504896,-5.6443834,0
-26.967833,-13.714707,4.046806,0
23.856375,6.4888144,-4.6329813,0
2.1064847,0.8403532,-28.321266,2
-7.450567,-26.923027,1.7098784,0
-8.308264,-13.694103,-11.520225,0
22.84028,1.6730756,-2.5622485,0
-0.8194824,17.78535,6.4687557,0
13.818091,-5.5296326,-15.702437,0
-18.841354,-1.9958292,0.12610379,0
-12.782514,-4.3842487,9.145899,0
11.740234,13.764375,-5.395309,0
9.841291,-6.357652,-11.1242895,0
8.528121,11.081014,8.322347,0
4.590342,1.0925788,-2.0844145,0
5.665044,22.858845,7.3426046,0
23.505228,-7.883983,5.6337337,4
18.463102,-0.5356144,-5.1868143,0
-25.618818,-7.9503136,12.571744,0
-20.667822,-12.556176,-8.702981,0
2.5275478,24.88659,-10.803071,0
-2.6391096,21.683775,-9.075744,0
4.8620443,22.761444,4.1896186,0
-0.46178126,14.1528225,6.116691,0
11.858884,0.22744943,-1.3876725,0
12.443769,1.8532375,6.5453806,0
-12.610561,13.440497,0.02177199,0
-5.6582317,-1.2191788,18.480755,2
-3.0142388,-1.4361317,-11.100629,0
-11.161809,-20.497814,11.217267,0
12.579876,-9.595039,-17.016449,0
19.741705,5.2357683,-7.712806,0
-24.603556,-8.7687845,-5.101492,0
-8.672476,-11.504984,16.028,0
-15.748948,-0.82583225,-3.6928887,0
4.298086,-17.64139,13.2949915,4
-6.94181,-18.485472,-17.239216,0
18.60145,-3.1196618,19.951408,4
17.394844,5.0895624,1.1763009,0
-13.329045,5.7984333,11.9993105,0
8.277723,3.7587688,7.602674,0
19.049376,-2.9146144,16.816734,4
-11.8320875,-19.924152,-0.7386307,0
-2.9158893,-19.971231,16.704166,0
-12.15655,3.2190342,-13.078875,0
13.095484,-17.69214,5.0180364,0
-7.84922,8.822129,-19.920977,0
-9.22826,-9.35108,-6.388122,0
-2.5011973,-5.657473,-2.7734437,0
-10.109355,10.055605,3.6201441,0
-6.736599,21.511047,1.2556309,0
5.8544474,-10.473308,-10.025318,0
-11.438596,-21.386578,10.905849,0
-9.181056,-0.15246317,-17.343792,0
-14.098805,-3.7765312,7.483947,0
15.254903,5.1576147,2.0601122,0
9.707755,-9.459191,-14.604106,0
-16.116598,6.188713,-9.743028,0
-2.3858366,-17.239658,11.209843,0
0.5463389,4.153364,7.3871746,4
-20.737043,-12.456094,-8.629797,0
-14.168135,-26.813581,1.479855,0
-3.6320662,-7.222742,-2.402441,0
4.2996078,-0.35027406,6.0737386,0
11.848799,13.842732,-5.41825,0
-1.4869167,23.820414,-14.712643,0
-17.987019,1.2272129,-6.504322,0
18.860561,1.9712911,-11.670309,0
11.147381,13.229034,-9.06951,0
-1.0095133,-14.380729,-4.819613,0
-7.5621676,-26.295399,-1.5433242,0
-6.246276,-26.510471,1.8177984,0
-11.733736,26.500378,-5.648806,0
-14.573764,3.826659,-9.17551,0
20.982893,-2.406274,-0.60548604,0
-2.874232,-4.063604,11.570351,4
11.615312,-5.207221,-15.87334,0
-14.996933,-13.388997,-19.812464,10
-10.472852,16.717937,6.8930135,0
15.820184,-0.80649966,-7.0891285,0
-0.9720848,-13.780501,-4.6655374,0
-6.7854075,-12.910621,13.705145,0
-17.293667,-0.11752838,-6.622155,0
14.108304,-13.199645,-19.799223,0
-12.540439,11.022815,-9.481465,0
-12.471189,-5.986105,5.928401,0
11.00799,6.9879866,7.9774694,0
-22.772863,-10.239593,-6.9693913,0
-2.140354,2.7200222,-18.076448,0
25.681421,-2.005962,13.552197,4
-18.938934,3.9699855,-1.1038175,0
14.187707,10.538906,-6.4743905,0
4.047647,-27.768385,7.051322,0
6.6613603,-2.9697833,13.364882,0
19.35607,-0.3453729,-1.2352368,0
-3.2097886,0.5650448,10.444615,0
7.0051785,10.368136,17.493515,0
-20.288939,10.354054,-9.10248,0
-5.496877,-1.8498973,-16.770626,0
13.290974,-6.946127,7.2494845,0
6.0518146,24.80471,10.490009,0
8.369568,-2.7016304,0.7443933,0
5.0932903,-18.929556,17.882996,0
4.2693815,0.54947275,0.9661951,0
-1.3939409,-17.340752,-0.33219305,0
-22.237349,-3.3401215,9.779261,0
7.8341284,-2.8285315,-14.083588,0
-2.378623,-17.656958,10.805355,0
-25.96244,-8.510781,0.57593066,0
-6.5630565,-6.421451,-6.193903,0
0.54234296,13.774713,5.168944,0
-20.609987,1.4429781,-7.357595,0
-22.177994,6.0037613,-7.707203,0
11.809631,10.515244,-1.1985638,0
-6.627755,13.813068,14.3720665,0
20.78335,-2.802796,21.644812,4
-6.984183,-0.5360684,-16.553583,0
5.093176,-26.46644,11.471088,0
7.6067777,-7.334501,-3.794374,0
15.439951,9.86292,3.2754743,0
19.162685,-3.0344079,16.878141,4
0.4420002,-9.968742,16.602018,2
23.854088,6.4681683,-4.7445874,0
-13.146582,-27.156015,2.4331625,0
9.051951,-2.7726402,14.913492,0
-23.167477,-5.9148464,10.989587,0
-5.638409,16.647655,3.9941256,0
23.46939,4.888162,8.864863,4
-27.310127,-12.244841,3.2814524,0
8.193391,24.337914,11.746048,0
2.5699008,1.1317823,28.493021,0
1.7430028,25.006233,-7.3768816,0
-11.812394,5.5976963,18.898268,0
-15.105358,-15.6912155,9.662609,0
1.7352476,-0.19923027,-28.877016,2
8.785532,-7.8894744,23.084845,0
-16.201147,6.5777197,-19.650375,0
6.136834,-0.7422308,8.508599,0
4.8860984,-24.00099,-3.0211964,0
-14.686687,4.697544,13.589156,0
15.2186,-12.83152,13.302772,2
21.847595,7.0935345,-10.564959,0
2.519372,-10.348685,-27.416424,10
16.070173,-17.718592,3.718817,0
14.263556,-4.8104997,7.070384,0
0.92523664,6.6760387,-4.2613077,0
4.9026046,23.070059,4.570328,0
15.476303,-12.934931,12.954301,2
-8.3439865,-10.329163,-12.164281,10
-19.631023,-14.845999,-8.46092,0
-9.694188,-22.097136,11.37568,0
0.50630254,4.394902,7.1406527,4
13.858176,-5.719656,6.445753,0
-26.211432,-8.251874,-0.8522801,0
8.888273,-25.688545,9.714676,0
-17.550076,10.914366,-9.423469,0
-5.9976306,10.193543,-21.875383,0
-6.7685895,14.529159,14.227564,0
12.736498,-15.643535,-11.788134,0
-16.0332,15.375348,6.9676685,0
9.8789,-6.6843834,14.27175,0
4.5125804,-13.150399,-25.648624,0
8.680532,-2.3298922,14.838585,0
6.9735312,-23.836397,-6.9770384,0
-14.777293,9.31524,-8.790326,0
7.21973,-23.976954,-6.5925684,0
-14.899869,-7.325312,-12.877821,10
6.612237,-2.3743138,13.65021,0
-8.840432,5.5852823,-19.465725,0
0.12657382,-9.827618,11.601343,0
2.7369485,-12.06938,1.7395128,0
-7.3756075,-24.00986,10.901572,0
4.0451093,-13.890392,8.434608,0
-14.769161,-16.088577,9.67489,0
-22.84237,9.273398,5.582222,0
-12.292817,-6.3989005,10.86235,0
24.755285,13.865367,9.708581,4
-14.203155,-16.75516,9.8701935,0
-4.9791565,-20.230898,-14.941655,0
-0.18945955,19.85309,-5.092108,0
-5.62079,-20.119205,-14.900469,0
-11.790394,-14.061116,-15.4512205,10
-24.725943,-8.673563,-4.6995587,0
-14.984443,4.9129367,18.217516,0
0.79467034,-9.273933,16.653435,2
10.434654,-9.611753,-14.079398,0
22.236355,15.907132,7.2677946,4
-9.056573,14.709811,4.986903,0
8.45735,11.20684,13.086458,0
3.471021,-10.158162,-27.003101,10
-10.163789,7.1197805,21.143652,0
12.549808,-12.146117,-1.205442,4
2.491481,-14.70654,-2.7883217,0
14.453385,4.2208195,1.0449287,0
-10.29472,3.230416,1.4723493,0
-7.4362826,-26.263653,-1.5092342,0
7.595204,-5.482889,13.462893,0
-11.57314,2.7066164,-13.632673,0
27.399755,-1.5372603,11.767321,4
-6.895015,-11.277546,-12.6490555,10
12.098853,-7.0021524,-3.209209,0
0.15870266,-8.196056,19.533972,2
-5.9171724,-25.962685,-0.6280255,0
11.962313,10.667735,-1.4748908,5
6.151719,4.2565737,-7.23085,0
-11.990235,5.2471623,-18.894289,0
-7.7670484,7.5799365,-4.945599,0
-0.14451559,-7.6482387,20.746233,2
1.9229182,10.254649,-1.1437687,0
1.3369814,1.0663172,27.219994,0
4.259001,-15.397391,2.7735813,0
4.5648055,-24.691317,-8.371019,0
20.088295,8.251214,-7.7491837,0
19.354593,11.195986,-6.2181683,0
8.4505625,11.265184,13.120577,0
-16.19639,4.648306,19.06787,0
-0.78416234,-6.0588555,23.433962,2
-1.3787259,-17.025229,1.1929063,0
25.790565,-2.047616,15.456417,4
6.362759,5.172,1.2986844,7
-18.148,0.7056147,-6.486454,0
-16.158804,4.629765,19.3907,0
-22.894732,11.216401,4.376417,0
-9.291781,-19.767044,-15.275051,0
14.1893015,10.6552305,-6.4943433,0
-20.371561,-0.3912461,-3.5329447,0
-13.518077,5.8527765,11.880447,0
-8.204677,-11.532265,16.163803,0
4.3431683,2.2852325,-1.4895582,0
0.6960017,13.781864,-4.830403,0
-6.3736944,-7.596009,10.049207,0
17.217098,11.560168,-8.545294,0
1.7240634,-9.756795,7.2168994,0
4.501939,17.269148,6.1684804,0
-16.570059,-16.651915,-4.1377506,0
0.32859144,20.508139,-6.3535085,0
-12.734888,23.631779,0.56059647,0
21.638308,-2.553861,20.717377,4
11.9270735,-9.049342,-12.463656,0
-9.857864,-11.509212,15.646469,0
19.309196,3.1089723,-9.691801,0
-5.835665,10.087012,17.175776,0
-9.416519,13.650786,4.381525,0
7.4112444,6.8521495,-12.1946535,0
-4.077977,17.176304,-9.849703,0
10.028735,3.078555,-20.758184,2
25.575144,-2.0447614,15.631659,4
-14.899852,-7.3253303,-12.877827,10
19.424414,-2.7961168,19.423592,4
14.6635895,-17.682571,4.3246207,0
9.400236,3.5448828,-27.617725,2
15.796859,-7.9949355,-15.869575,0
24.459747,7.874054,7.549807,4
8.88826,-25.68683,9.71352,0
17.399097,4.9215827,1.0211089,0
12.558411,-3.312662,-4.583726,0
-5.9661913,-5.246687,-20.808369,0
4.129664,-0.57492787,5.552046,0
25.62872,11.202505,7.8962336,4
-7.6038775,-26.503345,-0.7595444,0
17.800175,-1.6686355,18.58113,4
20.703842,13.584854,9.290021,4
-15.008242,-16.48482,-4.828869,0
-10.297015,18.20715,7.369159,0
18.736523,-16.002832,16.858677,2
-16.017721,4.4092383,18.084066,0
-2.1715314,-6.1169157,25.771574,2
-20.53841,-12.590346,-8.841098,0
-2.109637,0.18230186,-16.484089,0
-15.778252,-10.597501,-16.056578,10
-7.3402286,-26.889267,1.7333796,0
-5.9431176,-14.984646,9.7030325,0
19.15858,6.008188,-10.687424,0
-8.565675,-6.5783653,-0.06676224,0
4.777237,-19.399168,17.741623,0
9.790792,1.7412568,-13.811836,0
15.725843,-0.03949148,-2.7555747,0
4.122238,0.44158575,0.94223136,0
-13.030885,5.2022657,14.993072,0
13.002481,-13.584645,-1.7781913,4
-4.705664,5.344787,1.5952473,0
18.349897,-15.8801,17.016993,2
1.5418571,-11.0148115,12.778971,4
-0.5975001,21.094152,-9.617359,0
-6.323184,-1.9989284,10.431558,0
17.578455,3.2271883,-9.157358,0
3.2487047,-14.580182,8.429007,0
-16.60308,-25.388739,2.5823154,0
-1.4566128,21.894316,-12.859845,0
5.360372,2.9325716,-27.78193,2
24.732298,13.931795,9.819208,4
-0.26970887,20.826181,7.483996,0
-9.371646,5.7407737,18.673868,0
5.6131196,-8.871218,-9.441946,0
23.837011,1.2611574,-5.172367,0
3.3015683,9.511495,13.789856,0
13.690423,11.621716,-3.8928776,0
-14.681319,-13.767462,-20.51284,10
-10.301509,3.9870722,-24.303305,0
5.739075,-26.281155,11.280688,0
2.4010944,-15.872059,3.1114163,0
22.700182,13.753105,9.266929,4
6.1943235,-10.480048,-25.957895,10
-6.825151,8.357417,-2.7377589,0
11.183757,-3.6603472,-10.89165,0
-4.932614,-9.824455,6.650529,0
-12.651973,-2.3734987,-6.6391296,0
22.202612,10.729181,12.234592,4
0.40111592,10.179322,4.5390162,0
-4.1506586,-14.092425,-24.050816,10
3.4812756,14.923972,-8.818068,0
15.818943,8.908615,1.8838569,0
-14.03387,22.493177,3.766581,0
15.907865,-2.5532315,-9.135224,0
18.834929,-16.639496,15.828186,2
9.374446,-8.572547,23.124996,0
4.9916444,4.4461417,13.233184,0
6.714193,23.334412,10.032301,0
4.0523505,-27.778404,7.069305,0
17.270416,3.6252968,-8.980466,0
-6.8164716,-10.885021,16.99445,0
-14.909117,-26.382622,2.2689328,0
7.0334415,24.534195,12.158775,0
5.0860443,-18.935581,17.872269,0
2.1346192,17.365753,11.847764,0
-19.440107,-0.32979658,-1.0947772,0
18.72714,4.250784,-4.8850546,0
8.073011,6.8561425,-25.70899,2
-8.89313,-19.89329,-15.085637,0
4.056568,1.7826755,-8.754195,0
7.5783844,-5.75769,12.467228,0
3.8466928,-12.663518,2.290105,0
23.52849,-7.721807,7.454155,4
24.084934,5.1489463,12.005115,4
-22.49073,-9.746665,-5.503115,0
19.292984,3.5385625,-11.208234,0
-2.3982077,-14.629071,-4.63903,0
1.7792734,18.261003,13.3377905,0
-22.728765,9.921467,5.9128485,0
2.9243565,-21.98665,-5.9239197,0
-22.255356,2.4693162,-5.386337,0
-3.0004656,-0.61119837,11.463046,0
-0.8387554,-5.7348123,23.793808,2
15.95724,13.313017,-5.08169,0
-0.48193336,10.8186245,9.066969,0
1.3756093,10.992904,-1.9249673,0
6.710668,-19.617619,-5.7267423,0
-8.693034,7.3333254,20.78551,0
-10.751168,0.20330922,-17.407682,0
-1.3764963,-17.049303,1.1546133,0
-21.197226,10.331394,5.899158,0
5.462664,23.036407,4.224901,0
-7.394786,-0.54942566,-6.160682,0
-12.369685,-18.001955,-2.8320794,0
20.138332,10.46558,-6.673072,0
19.482605,6.4909096,-0.6070043,0
-20.103941,5.014296,-6.4547434,0
-12.821277,-7.347324,-11.831926,10
-11.792088,14.464465,5.900285,0
9.466374,5.2577896,9.137708,0
-2.2412362,-6.700799,-4.200542,0
-20.768036,12.544852,-3.909368,0
-1.734073,5.420545,-5.2119627,0
12.3264475,-13.939751,-3.0577729,4
8.773995,11.448172,8.2298975,0
17.722343,-15.481725,17.07796,2
-2.6046052,19.64078,-7.32201,0
-21.497166,5.5545936,-5.1299944,0
-6.340969,-4.523528,-20.626162,0
19.810373,-2.6488874,22.141672,4
5.9499154,0.20032859,-8.741809,0
10.043998,-8.432374,-3.5808468,0
4.5926285,-5.7462015,-2.0297213,0
-8.922428,23.310614,-1.9681817,0
4.052335,-27.778551,7.069268,0
-18.116934,-0.9701681,-0.93535876,0
-15.746682,12.220049,-9.945442,0
20.122492,-12.289281,15.4653425,2
23.169788,4.0456142,-0.627653,0
-0.47936198,-16.665464,4.3742323,0
-2.385403,-17.239563,11.208888,0
-5.540146,-2.132764,9.190588,0
6.7912364,2.7525666,-6.9250426,0
17.466963,-8.3784895,-3.8105989,0
24.113594,6.8665895,13.145055,4
-8.113693,-17.832802,-17.55874,0
-4.7521276,-10.012442,5.6411605,0
15.044672,-11.585504,-3.0236046,4
5.438244,-25.669748,11.498786,0
-1.7235621,21.824207,-13.304846,0
-21.438229,2.5419586,-7.161152,0
-19.056046,-0.4735687,-2.1120358,0
-8.3741,16.567513,5.7611794,0
10.625132,-7.3520827,-10.039657,0
3.2920206,-12.05627,2.7607849,0
8.830524,-1.5897769,-12.453482,0
7.0349317,-2.2673428,10.627679,0
0.8051564,18.592999,4.527934,0
8.227157,7.7806077,-22.5441,2
-11.591127,-14.105789,-15.274993,10
17.55695,1.8356539,-3.7106616,0
5.2276044,2.9041212,-27.242147,2
-2.2634645,-6.716975,-4.1807933,0
5.146704,15.881355,-10.190386,0
2.9431543,-21.998594,-5.922614,0
-1.4401379,-3.92081,26.034512,2
4.637895,23.543013,5.490406,0
3.5008163,14.912517,-9.058924,0
-14.385092,13.169696,-10.23894,0
10.497141,-0.7035423,-0.7625774,0
-6.012759,-1.4991322,18.844934,2
-12.977184,5.862756,20.382223,0
16.100704,8.240622,4.449729,0
-8.63694,21.413208,5.662377,0
1.0576557,19.014492,4.4380355,0
-1.4052243,-6.3435645,0.4711878,0
-23.702366,5.9298863,-6.9471664,0
-17.303751,-13.615503,-7.2750187,0
19.49646,-3.0487676,17.939903,4
-3.8224142,-0.3870354,-13.21838,0
-3.369885,17.967878,-6.9615,0
-11.030353,26.311176,-4.9082484,0
-16.110584,-0.57414496,-4.375307,0
-4.263353,-8.609935,-3.697759,0
25.09947,-2.0966325,14.708965,4
-5.9104266,0.25560322,-11.893706,0
3.887382,9.233644,20.135263,0
4.8524313,8.745978,19.618065,0
0.42344517,21.552292,6.2074127,0
-15.839196,-9.730205,-15.265676,10
18.763819,-15.94952,18.555668,0
2.992625,-0.5865169,-1.070669,0
8.006615,8.8515625,-23.279163,2
18.416769,-1.0827198,8.071215,4
-10.966241,-26.642567,-2.4359176,0
15.992098,-17.708721,3.7502818,0
-8.926508,-0.17707598,-23.178923,0
20.909325,2.4010634,-10.533909,0
-19.204319,-14.882575,-5.4433436,0
8.82662,11.354436,8.427081,0
18.678587,4.1342945,-4.427652,0
7.4456377,-5.1113863,13.578613,0
11.869349,-4.6389103,-16.179247,0
21.118076,1.1683004,-4.0205116,0
-5.6749945,0.12122901,-16.683912,0
20.653095,-13.041408,14.686682,2
-10.777955,-6.253824,5.7170544,0
-0.64810944,-1.5200436,-16.033962,0
-21.37162,0.74756575,-3.0791233,0
0.31247032,19.095459,-4.394444,0
-6.397714,-13.10117,10.32498,0
8.472117,-9.680934,22.308361,0
-6.0158615,-20.11618,-14.907548,0
12.242258,-8.873322,-13.336649,0
9.914683,-8.488046,-3.6025627,0
-20.078638,10.809253,6.212737,0
9.131528,11.1916065,17.41001,0
0.65122485,-20.64426,15.466028,0
-3.4229426,-1.8578595,8.433999,0
19.99066,-2.952188,18.941814,4
-12.77228,14.425953,-10.984098,0
1.3031974,8.963551,5.462819,0
-10.157546,-14.594736,-14.362815,0
24.28275,-9.723466,5.747642,4
-21.417995,5.494939,-4.9809136,0
10.082989,-1.0424061,-0.6561482,0
-5.538032,-22.316761,3.320975,0
0.33511245,21.35996,-7.490134,0
19.267145,3.3700168,-11.344432,0
0.9155444,6.6933713,-4.1991043,0
-13.682839,13.904658,6.097617,0
1.0562625,9.828766,4.981197,0
4.5353193,-15.3105545,-1.2661852,0
-6.4302025,12.231164,-19.899286,0
-6.5623236,1.0763673,2.303503,0
16.434334,2.0518684,5.8397617,0
12.72685,8.382996,0.4627966,0
2.9605246,1.0894126,-30.17559,2
11.64554,-3.5082328,-6.8099794,0
-22.383718,3.5322893,-7.0631776,0
0.015003922,-21.136555,1.4961063,0
-0.5211524,-2.3360329,22.939045,0
-11.3790245,-20.31072,11.14247,0
-6.993891,16.356253,3.11503,0
-2.600181,-6.920814,-3.8334537,0
-14.655111,3.6754875,-8.968465,0
10.604504,2.676982,-26.910778,2
-0.27255934,23.022575,-11.093277,0
5.2157297,18.110607,2.1404212,0
-13.541879,-19.25014,0.9118811,0
5.572604,23.309114,9.875902,0
-9.887139,3.996052,-23.609247,0
7.4178324,-5.333947,12.725564,0
16.420767,1.5019206,1.1005312,0
-13.298061,-4.946879,9.189882,0
-1.0382383,9.560069,-11.592203,0
-15.307151,5.114059,19.585796,0
-13.030913,5.202219,14.99335,0
4.8238163,-25.042059,7.2341247,0
20.493078,11.086446,-7.653301,0
-0.9546305,13.835531,-5.5443263,0
13.372198,5.2589226,-9.9990635,0
-6.0623155,0.5065113,-11.093697,0
-6.6393967,12.209134,-19.222374,0
5.805236,-27.182865,11.143818,0
10.132962,-8.521466,-3.7799394,0
-11.801112,-4.1641703,20.467487,0
0.49668902,-20.631044,15.86975,0
-6.928683,14.538646,13.970553,0
9.45097,-6.485696,-2.2784185,0
16.42606,-5.0761237,-12.525633,0
28.399397,-1.2544149,12.141659,4
7.817092,-2.8394282,-14.1188545,0
18.998497,-2.7380424,7.1638427,4
1.2621112,-1.4144968,-17.085026,0
19.550667,9.14533,-5.7572885,0
6.638425,1.0305405,-9.962938,0
-4.877624,-9.752012,6.5419216,0
-6.5435095,20.063162,0.69707793,0
8.888247,-25.686817,9.713519,0
-7.221644,1.9212025,-1.5330498,0
-3.8902261,-2.6780214,-15.7621,0
-6.5985727,-13.628259,10.504476,0
-9.417256,2.0560148,1.1714004,0
4.600656,2.4378097,-28.367565,2
11.310197,-7.738331,-10.386004,0
-23.213923,-12.903102,3.4220824,0
-16.839945,-10.011812,-0.44560415,0
-27.087902,-10.496641,2.31396,0
-2.0066624,11.351609,-10.006657,0
-20.180746,-0.635881,-3.526855,0
8.667884,-6.3108983,23.443102,0
23.544525,12.699676,11.164656,4
-12.396713,17.582775,7.2020993,0
-5.986536,-1.489542,18.803024,2
-16.256668,-0.28175703,-3.0625708,0
0.06316867,17.658108,5.2683935,0
18.873577,2.7152312,-0.73273116,0
5.5498886,-10.210899,-26.104471,10
16.480122,0.90176076,-5.002444,0
7.3743734,-5.4455614,12.207864,0
-10.959516,0.46455196,-17.659279,0
25.625721,-2.0611427,15.692633,4
20.349672,-2.8261158,21.888517,4
4.7399907,0.73061216,21.202017,0
7.068238,11.580409,17.090733,0
-19.075136,-15.435316,-8.548618,0
12.804789,-7.3138957,-14.811341,0
-10.949059,-6.1293545,5.8680286,0
-5.93859,-14.996437,9.696149,0
-8.240579,7.894442,-19.704138,0
13.657649,2.389659,18.008148,4
16.106026,9.091381,1.0935153,0
-20.948978,10.742895,-7.365809,0
-6.9356966,12.273603,13.746635,0
18.616299,-2.5746014,17.05152,4
-12.208403,-19.354227,10.845077,0
18.767233,-3.0599825,20.052706,4
22.52869,-1.2030963,-7.7349114,0
-4.2783566,13.821496,20.062777,0
-18.976988,1.2644144,17.257935,0
4.2337728,-22.37125,11.679648,0
-5.6833034,-20.103798,-14.904052,0
-10.240224,-3.9375093,20.516535,3
-5.0136466,-10.814498,8.49238,0
3.2169666,9.630104,-2.402664,0
9.756764,3.4908295,-27.648605,2
-1.7811903,-18.107758,-0.11036556,0
-17.926867,-2.098324,-0.87820387,0
14.081755,-2.2490392,-5.0361295,0
18.38142,-3.2184577,20.195807,4
-25.260248,-1.2337896,7.3584886,0
14.353922,-11.7896185,5.5318108,0
-9.394385,-13.858356,-13.203605,0
-0.8396952,-5.7281938,23.798416,2
-2.6281118,18.951786,-10.923286,0
8.801171,11.198507,8.273896,0
4.905393,-15.141009,0.60029584,0
1.4543557,23.188326,8.901976,0
-0.7602024,23.569258,-12.84128,0
8.277143,12.749219,6.975928,0
9.692397,-6.4175806,-1.2109134,0
19.070465,-2.948496,16.830318,4
-2.2781713,-12.674174,-1.5500251,0
3.2530472,-10.172411,-27.137815,10
-12.522586,5.8781233,20.076103,0
-10.552269,-26.632639,-2.3850167,0
-11.889012,23.772266,-0.09560591,0
11.458567,-4.9779353,-16.104605,0
-27.70514,-1.2119792,7.29375,0
-14.449397,-26.653524,1.7940891,0
-11.342534,21.691175,6.7864037,0
-13.998703,5.112333,20.350218,0
13.983167,-5.0014796,6.8540697,0
-16.617596,-25.394535,2.4500089,0
-9.900359,3.9427922,-23.672073,0
13.952908,-5.4747057,-2.6444209,0
20.951395,-0.6010513,-0.9935106,0
18.788658,2.099455,-10.292387,0
-9.826549,-6.9710164,4.2478533,0
23.950653,-0.13996838,-3.4548194,0
3.2605407,-22.229336,-6.8651614,0
8.570797,-6.243712,23.41765,0
-3.7755892,17.376537,-9.538352,0
-4.1810718,13.763931,22.17724,0
13.345692,-12.461442,-17.07956,0
19.575697,-3.9176946,7.9340854,4
23.789963,4.966939,8.641423,4
0.7975807,-4.7567973,12.85199,0
-23.115257,8.417422,5.440683,0
-11.177276,23.286232,1.0892309,0
22.421953,15.973728,7.4049044,4
4.8011456,20.552795,2.6572747,0
22.577845,14.140244,10.1873045,4
-0.8412117,11.272638,6.132956,0
14.948766,6.408107,4.4182315,0
-19.420015,-14.070861,-9.138375,0
1.6320089,-11.193807,12.836435,4
-4.2424498,-7.016264,11.68213,0
0.5317907,-20.637266,15.735614,0
-8.978441,21.661337,5.8950257,0
-5.49635,10.354264,21.318165,0
-21.335777,-11.053547,3.8683877,0
-5.878352,10.287323,-21.988522,0
-8.031267,6.3243585,22.171156,0
-9.722665,2.2890909,1.4804581,0
16.470898,-17.728296,3.5424633,0
7.919445,4.369945,7.7607965,0
-21.77837,14.575993,-3.4402852,0
15.908511,-1.8362126,-8.238187,0
7.078814,3.2352424,-21.000645,2
-21.240612,13.159875,-4.456506,0
1.0119078,-20.65841,14.767961,0
8.781208,-2.2353902,-11.794858,0
18.589113,2.717758,-9.911111,0
-7.8716407,0.23340921,-6.3631306,0
4.788137,-19.389816,17.744013,0
-19.044529,10.342586,7.1739106,0
-19.333572,2.8109167,-7.62229,0
8.553915,-2.5590131,0.822595,0
3.3055239,-26.030107,-5.636518,0
2.7196865,-22.336954,-6.875523,0
22.359386,15.853105,7.2173676,4
-6.0636864,10.3330345,20.388834,0
-9.859739,22.33662,3.3089418,0
-13.730947,-4.2847786,9.902682,0
21.89892,-3.324343,-3.8081539,0
0.91381216,19.68566,4.928017,0
6.668629,3.9560583,7.226031,0
-1.480109,25.312782,-13.257802,0
-6.2266726,9.182551,18.039265,0
-19.050673,-0.29326484,-1.9337521,0
-6.895015,-11.277546,-12.6490555,10
5.3901095,3.8381526,-7.8082194,0
23.455315,-7.902386,7.423967,4
5.8332925,3.6548889,-7.070595,0
-4.0580726,18.864447,-9.364707,0
-6.32183,-1.5029241,12.219499,0
-14.962209,2.8214319,19.348045,0
-14.925512,5.9204946,-9.364371,0
-6.1861153,9.141841,18.046331,0
13.445893,-6.955172,6.9398937,0
-3.3747754,-3.1412618,5.8285575,0
10.1539545,3.5244088,-20.485888,2
24.52981,-8.230351,5.381914,4
0.37691668,4.461324,8.021331,0
0.41054815,10.15392,9.212042,0
11.235865,12.292662,-4.058931,0
-18.11412,0.9975144,17.508942,0
-4.77244,5.383491,1.8579277,0
18.02705,-0.94363475,-4.1088843,0
1.7341601,-10.003164,7.4157834,0
-13.749942,-3.0387394,7.458006,0
-13.338645,-26.39956,-2.063438,0
-14.835409,-16.011757,9.664893,0
18.974426,11.723394,-9.05147,0
0.08580502,17.184004,9.554332,0
0.40222076,-20.561855,1.9105622,0
-0.20100442,11.459371,8.91564,0
10.877818,4.76636,-11.465589,0
-12.571885,-26.50168,-2.2936761,0
6.1869507,-0.73452085,8.480834,0
18.83665,10.007469,-7.0864263,0
-9.307896,23.465202,-1.8627217,0
-15.100473,9.135255,-8.589368,0
-12.009314,17.522888,7.2811856,0
-22.986372,3.7452831,-6.2392235,0
-18.450111,-2.3649035,-0.6646899,0
-20.509815,-13.44042,-8.289755,0
17.356722,1.616929,1.1309761,0
-0.9311974,20.54224,-9.695459,0
9.991044,-8.468629,-4.743872,0
-14.719768,5.2576184,13.129039,0
-15.176739,4.8992596,14.487209,0
-8.8696575,5.412531,-4.3464875,0
-11.344893,-27.650528,2.0313926,0
4.615098,-19.479582,17.553398,0
-27.303473,-12.324241,3.3276591,0
-8.497391,2.925252,-22.378899,0
23.631119,-2.3550742,-3.8599212,0
-5.5976005,11.095554,19.794119,0
-13.90204,16.349064,6.50579,0
19.243362,-11.093729,-6.326437,11
-7.230605,-26.66958,0.6064541,0
-16.216553,6.576455,-19.644827,0
8.798394,-7.740745,-1.8607614,0
1.2038821,21.49895,-4.929347,0
23.042717,4.967088,-5.119176,0
5.882447,17.462513,6.8060465,0
15.100691,-0.02998446,-0.49373025,0
0.6898404,11.02947,9.943381,0
-9.697162,23.602968,-1.695195,0
0.7039619,-9.86461,11.311114,0
23.826366,0.37067738,-3.7316837,0
18.749895,-16.843187,15.087513,2
2.9557657,3.3054566,-28.319515,2
-6.7453003,20.131105,1.5592018,0
17.21269,-10.485389,-7.8439245,0
11.521001,-4.9879284,-15.8583555,0
23.771006,-8.540737,6.1299815,4
15.412443,6.479407,4.5261874,0
-10.926607,11.555742,4.979921,0
-6.9771347,-6.134466,-19.45089,0
-13.0018,-4.5390525,9.230567,0
-9.362673,-8.149049,1.8888084,0
7.3650403,-3.3455627,-12.570271,0
-15.192876,11.064116,-9.264584,0
-1.3908681,-6.365469,0.51252997,0
-15.59528,-11.689849,-17.290682,10
-13.276841,-26.410149,-2.0569887,0
-15.932873,3.9758043,20.572058,0
-9.388848,22.25941,3.4794047,0
-21.193409,-8.080885,11.081852,0
-5.6779776,0.30826214,-11.225102,0
-6.1414332,7.7108517,-20.931732,0
22.608543,6.117202,9.012241,4
1.393421,23.88014,-7.146077,0
13.970274,-4.978079,6.8679557,0
7.5159516,-24.813473,6.66746,0
6.3534718,6.839526,-12.231368,0
-1.6995461,19.581757,-10.347386,0
-3.5454073,17.206528,-9.137983,0
13.698952,-4.9807277,-6.0810523,0
4.777154,-0.6441554,0.15294439,0
19.512028,-3.8287807,8.449983,4
14.534985,2.5359986,15.521526,4
0.6788581,14.112175,-4.665496,0
11.828992,10.632487,-1.3558868,5
8.872835,-7.283916,-17.07136,0
18.336924,-3.0712707,19.023937,4
11.081213,-7.6849847,-11.521068,0
-18.947702,-1.7658135,0.5823824,0
12.303886,-3.753316,-4.7181034,0
19.741993,6.1261597,-4.0387506,0
9.953461,2.9666867,-21.027508,2
-0.57946223,20.678276,-11.74925,0
-6.4193025,8.872614,15.113202,0
-3.0287516,-1.0568674,10.778089,0
2.5657363,1.11488,28.480217,0
14.678633,-8.02245,-1.649989,0
15.140223,3.4148617,15.218859,4
-5.2836924,1.0009679,0.5100626,0
1.9751945,23.37002,7.8585362,0
-10.500885,11.199275,4.2180924,0
-9.145787,13.60541,4.193811,0
-13.46889,5.6799965,-18.837294,0
-9.443734,3.7883627,-23.110538,0
0.18221706,21.721315,6.8154125,0
13.257217,-9.554981,-11.835439,0
-20.219069,2.2467597,-6.6787176,0
5.656098,22.900393,7.315184,0
7.655232,-7.616859,22.646235,0
-8.139258,18.650934,6.0737963,0
8.987725,-9.717588,-0.104553215,0
17.628124,-7.517534,-11.403434,0
23.636246,-2.263977,-3.896026,0
-12.733107,23.62997,0.560773,0
-10.301482,-21.523048,11.366779,0
-0.25159496,-3.2774355,-14.762177,0
-5.3492804,11.979711,17.514435,0
-8.811318,-5.7735724,-20.342604,0
0.6714608,17.768908,4.4569554,0
-14.592827,18.444654,6.3834043,0
14.265701,-11.629058,5.7047,0
6.672453,-0.5623055,8.01922,0
-9.362069,-11.40959,15.956925,0
-0.43354893,17.591515,6.0448875,0
2.8368857,-14.450183,12.048186,4
-11.043202,26.538496,-5.3776026,0
13.334091,-9.195166,-10.688762,0
-3.4463153,-2.9390788,6.749984,0
7.9127297,8.727243,-23.325998,2
4.9292707,-23.843185,-3.1048286,0
-20.780966,2.2155604,-7.7346554,0
-24.883352,-6.9863744,11.705161,0
-15.694814,-11.179969,-16.671612,10
-0.15935546,-8.45286,20.1062,2
13.263288,-5.998056,-9.909237,0
-21.035975,-12.074801,-8.406064,0
-4.8554926,-9.786211,6.4338484,0
7.322025,-23.86957,-6.6340218,0
23.169336,5.6475544,8.123001,4
-5.5256414,8.720659,18.993708,0
-8.908515,11.662202,3.391909,0
-15.237102,10.672127,-8.684002,0
-19.165712,-14.382692,-9.190067,0
-1.4289092,7.271977,-3.7140136,0
-10.830811,-11.449124,15.350654,0
-12.082881,21.809364,7.3046193,0
14.283497,-17.639738,4.483981,0
-1.3897208,-17.106068,1.0969425,0
-13.1574955,-12.699358,-15.482488,10
-22.129402,15.299708,-3.4283636,0
6.223218,7.6668696,19.516619,0
18.658169,9.482876,-4.889342,0
-6.3254623,-12.710414,11.387981,0
2.6277585,0.65778303,24.69756,0
-22.105722,9.915071,5.6658187,0
13.106898,-5.672986,-15.405345,0
-5.925657,-15.002874,9.723643,0
-9.008831,7.226828,21.170557,0
-12.34375,20.956264,7.681805,0
-17.281445,-13.588037,-7.2706823,0
22.579176,14.15719,9.815667,4
4.719129,2.5398254,-28.501331,2
-12.686659,23.575882,0.5454763,0
24.046833,5.0874944,8.849267,4
8.66632,3.20492,7.446625,0
-4.8603153,-9.778713,6.4368505,0
-9.06859,5.71799,16.23679,0
10.601514,-12.584298,-4.3307757,0
-15.433317,-7.967203,-13.639123,10
25.135523,-2.0831237,14.74208,4
-8.624147,7.7597833,-4.4196267,0
-22.37995,0.6585724,-5.483835,0
14.120048,-13.195472,-19.796274,0
-8.600956,13.584245,3.7699134,0
-1.8493043,-5.604347,-3.6120703,0
9.378471,-5.669065,-16.996258,0
-11.626502,7.425756,10.935456,0
-5.9798617,5.767925,1.4440866,0
25.356415,7.0444427,8.001074,4
-14.97089,6.133397,-19.582996,0
23.24539,8.289876,-7.3348775,0
-2.5192223,19.353756,-12.285629,0
4.1172223,2.143291,-29.410532,2
9.816031,3.6299338,-27.799173,2
19.535625,-3.127792,17.918324,4
-5.5534625,-22.328754,3.3243997,0
-9.9896,-10.852155,-5.5481005,0
-8.480504,-24.209055,7.9631805,0
24.176538,6.7101026,13.064517,4
0.59759235,10.025599,4.8425307,0
-0.19407539,-11.2133465,-27.93377,10
4.4151506,-19.392467,16.877947,0
-11.911421,2.9706767,-13.31975,0
-5.2414284,11.7991295,19.954105,0
18.173594,6.0736213,-11.854323,0
3.7512584,24.305042,11.491316,0
7.0180707,-23.779432,-6.997872,0
-2.4129903,-5.632989,-2.8718684,0
-5.5454392,-2.1318312,9.19723,0
-14.293446,-26.361898,-1.1190883,0
-14.0640545,-17.096272,3.047715,0
-14.121125,-16.872217,9.90658,0
-12.4507065,14.175875,5.8917613,0
4.0362506,10.907576,19.05114,0
26.883936,-1.7608795,12.72017,4
0.12755956,10.319936,9.206507,0
-11.881884,6.4758997,11.811294,0
25.372326,-8.529305,5.2526016,4
-5.4592147,-1.371819,-13.653684,0
-18.599508,1.2137332,16.667799,0
-6.644346,-26.677975,2.062191,0
3.6617253,2.0679152,-8.069096,0
0.33684254,-20.306952,2.5502088,0
-14.112038,-3.553358,10.601364,0
-18.0219,-2.1461904,-0.74464005,0
13.382347,9.60896,1.7163758,0
-10.301004,-21.52116,11.363608,0
-8.807491,-5.7886024,-20.346899,0
-6.213956,5.8216014,2.2336311,0
-6.0571,0.8983267,1.2884936,0
-20.275528,-9.566083,3.5227287,0
17.14633,-9.279204,-5.686335,0
-13.674142,-3.1618125,7.353523,0
18.7007,-16.23665,16.845676,2
-15.283516,-12.736235,-18.79316,10
-2.2742732,9.597078,-12.42045,0
4.0537605,3.1531901,-9.670971,0
2.9631603,-22.118338,-7.762568,0
22.127552,-1.3660384,-8.625018,0
-7.293792,-15.4241705,8.448183,0
-14.283742,-2.852146,7.582949,0
-5.352906,12.055625,17.434513,0
-4.0391,-6.6476803,11.7585125,10
6.9833817,12.029285,16.947153,0
-12.713379,-4.2107143,19.489515,0
-2.9315636,-14.288602,-21.705181,10
15.051842,5.256459,-9.37568,0
-1.8767292,18.34476,-9.973912,0
22.580378,14.111258,10.14826,4
18.834068,-16.630825,15.847429,2
15.031264,5.049684,-9.475312,0
18.70153,2.4269097,-9.745348,0
-4.277461,-7.0736456,11.672581,0
-12.605488,13.403173,0.028349053,0
5.5705357,15.0537615,-8.397646,0
-3.2065313,0.5607182,10.426843,0
-1.7554246,22.47643,-13.852076,0
-16.949383,13.17938,-10.07617,0
13.164689,9.388355,4.422741,0
-6.151037,-12.546803,10.108596,0
7.8745055,-8.545286,22.449615,0
6.7803717,-24.101084,-6.8734655,0
5.0707326,-25.038914,7.1323676,0
-7.951032,-11.561524,16.24935,0
7.214071,0.18765743,-9.966227,0
1.0480129,8.674685,5.2960954,0
17.800043,6.0074778,-11.150044,0
17.023241,-0.11191802,1.7429402,0
12.331654,-14.205746,-1.9468727,4
-2.8580327,3.896778,-17.733538,0
-8.107093,-16.872438,-9.84595,0
4.839368,-25.041153,7.227542,0
8.54614,-8.417824,-16.613832,0
-5.574156,5.6653357,1.7549376,0
4.2722726,3.0573504,-5.390528,0
10.199665,-4.8219686,-16.37181,0
-5.9617643,10.28833,19.815693,0
-11.53206,-20.13661,11.09585,0
-9.984044,-10.838466,-5.555507,0
0.9923266,-9.998061,14.238676,2
-20.591833,13.098876,-2.7640657,0
17.059002,4.3164515,0.39342564,0
-6.0234714,9.890648,16.245768,0
2.5557923,-13.511623,12.0619955,4
8.040689,-6.4741096,12.735426,0
16.205835,0.9978987,14.080502,4
-8.034877,-17.58575,6.83306,0
-5.7458324,10.879097,20.233276,0
16.942728,0.671809,-5.67082,0
19.800064,11.390215,-7.030892,0
-13.290928,-18.098846,-2.2546165,0
-8.303132,-17.718065,-17.598852,0
7.343751,-3.3618023,-12.602354,0
-7.554154,-12.352217,17.619,0
10.492902,-4.96817,-0.51751673,0
9.034462,-4.089565,-18.014431,0
14.041758,6.4972796,-6.79701,0
-5.553076,-0.9415555,9.241343,0
-6.1987524,0.547136,0.9608398,0
8.117731,13.312681,6.6268544,0
11.005258,-10.828305,-2.0899522,0
-5.2814884,-25.712595,-0.7345786,0
5.06385,8.738592,19.43656,0
1.6427379,11.152171,5.7379756,0
4.5781493,-15.24649,-1.1173488,0
12.121666,-13.992501,-3.0112486,4
-8.691269,-0.10127077,-17.347174,0
-5.8254623,-1.0922232,19.43983,2
-8.207192,17.483387,5.9535995,0
-7.2844257,10.968516,13.066265,0
25.148647,11.357675,9.595115,4
23.891544,-5.850317,15.733533,4
-2.3109748,10.507243,-11.379184,0
8.543424,-2.521781,0.65898305,0
16.097195,8.342098,4.450762,0
-1.7843391,-5.612599,-3.7090735,0
-7.279109,-24.104727,10.821024,0
-18.116426,-1.4643008,-2.7086678,0
13.2858515,-6.948246,7.254402,0
1.5632167,9.137424,5.6205306,0
13.889003,-5.9672294,6.0011663,0
-16.11439,4.6276784,18.977926,0
-11.797835,26.535078,-5.157905,0
16.34958,8.5696335,4.646107,0
-10.672274,-21.111881,11.30826,0
-11.787385,-14.000533,-15.384213,10
-10.634313,11.292688,4.5742126,0
15.137593,9.674141,-5.4078555,0
9.2627945,-5.9102983,-17.060577,0
-11.978693,5.916955,13.011934,0
-2.3857434,-17.23982,11.209604,0
-22.12481,15.300138,-3.423036,0
-11.571892,1.2194403,-16.033989,0
20.064205,-0.9660464,-8.397662,0
10.370069,-12.37514,-9.296202,0
-8.334462,21.13944,5.397599,0
17.304117,-17.864492,3.1940608,0
15.906566,-3.296234,-10.635652,0
-11.34803,22.534666,6.7194223,0
-0.8327873,10.186106,-13.851607,0
-17.794577,-9.881596,2.75994,0
15.940522,8.7355385,3.0771782,0
-1.1704879,-11.087103,-7.014048,0
-8.352002,6.863246,18.941368,0
4.263851,23.856373,6.339213,0
16.070902,3.4506063,15.626709,4
-16.697462,-25.342514,0.10500229,0
-15.831708,-9.488835,-15.061156,10
-3.5317073,-2.588283,-15.891324,0
-27.109701,-13.777986,4.078921,0
-12.28115,5.2788415,-19.648289,0
-14.462512,4.841568,16.873732,0
19.789124,-2.2060556,21.274801,4
0.86139655,-10.829634,-27.859064,10
-9.69833,23.595444,-1.6984154,0
-19.233328,-9.642586,3.320683,0
2.693191,0.25569493,6.2750273,1
0.17149384,24.137768,-7.162539,0
0.033466134,-13.517458,-19.858978,10
4.873065,-23.728924,-3.0722106,0
-22.68469,-5.260401,10.596124,0
-0.7822633,21.228178,-10.666052,0
7.5165577,-5.568292,12.658477,0
23.280298,1.1541485,-1.1951599,0
16.005459,-17.709301,3.7447255,0
2.5562449,14.345072,-7.3835945,0
7.614665,1.1017649,-7.7301745,0
15.944441,-10.237962,-3.2559218,4
-1.809923,23.895151,-15.44533,0
-15.720735,-8.978467,-2.4604,0
5.5382814,16.28546,-11.163295,0
23.23373,1.4009072,-1.3864516,0
21.808382,6.7618113,-9.219189,0
3.692289,-0.32288262,-2.0993478,0
-1.0460877,7.164536,-5.927248,0
-22.752665,-12.233889,2.6783686,0
-1.0596776,17.565557,6.9098186,0
-21.120253,-6.261881,7.627681,0
18.978825,0.5951344,-6.0423164,0
-13.444525,-18.597498,8.473058,0
7.897548,-1.9832442,-14.823276,0
-1.2794449,14.098865,-5.6200438,0
19.602936,6.4074483,-12.301366,0
-2.9854093,17.51339,-6.281621,0
-0.5310192,-0.7428443,-16.109612,0
-5.7460246,10.872428,20.240229,0
-7.641193,0.28658324,-23.271696,0
-23.038824,6.220386,-6.6264434,0
14.669047,2.6339042,16.596878,4
22.486013,4.662364,-1.7373079,0
2.418077,14.282064,-6.702628,0
-0.34479454,-1.6910574,26.889694,4
-3.9398282,16.547121,-8.363869,0
13.980451,13.135147,-5.1408334,0
6.5384617,1.2030325,-7.105767,0
-13.785018,-3.9822354,7.2495418,0
-17.725578,-1.0156629,-3.3350883,0
-5.3580265,-0.729,-13.331584,0
2.8349626,1.5792717,24.13376,0
1.5740758,-2.2202985,-16.691244,0
20.433292,5.7724953,-8.351272,0
-6.12943,-1.6230044,19.407999,2
-8.904865,3.3142238,-22.734798,0
3.861459,7.035342,14.592501,0
-20.936316,0.3462366,-2.9110675,0
1.2771239,9.406775,5.4397573,0
-13.801628,11.084599,-9.35359,0
9.725833,-6.8821993,-5.7621384,0
-12.387429,-1.264855,9.740638,0
-23.870598,-9.262927,-5.811569,0
9.902339,-8.493785,-3.5993497,0
2.4102762,-0.49445942,-0.91894567,0
-6.157303,-26.456453,1.6075711,0
1.6593279,11.248113,5.7647433,0
-26.972557,-13.584842,4.0384917,0
-27.307632,-11.594865,2.8879182,0
19.559435,-1.6228296,-8.386006,0
-7.4681535,6.8869104,14.553978,0
-12.65641,-27.25526,2.782388,0
0.018630419,-21.138496,1.4659593,0
-11.081064,1.237436,-15.462711,0
1.802102,1.1311252,27.738804,0
8.347159,-2.7050297,0.47579208,0
-3.4918692,-1.2301726,-10.701641,0
-17.365458,-10.034784,-1.1469872,0
2.839815,-15.05495,-2.7508035,0
23.097898,5.1610975,-4.90705,0
-11.749856,5.881329,19.864534,0
8.158329,3.2837975,-27.722544,2
3.8841274,6.9988356,14.545917,0
18.934895,5.020793,-3.0945363,0
19.246433,-11.092103,-6.3274255,11
-27.320776,-12.0958805,3.1923492,0
4.991612,4.4460864,13.23321,0
-6.300857,-2.023427,10.353355,0
10.245394,6.7819266,-5.040245,0
24.600407,14.1464,10.168674,4
-21.831018,14.446835,-3.722755,0
-3.017187,-1.3617581,-11.088381,0
-3.7252347,-14.31422,-22.751076,10
-5.574371,-25.69288,9.226892,0
-5.31572,0.92851794,2.3533587,0
-5.2814846,-1.5765765,14.31262,0
4.8855276,-10.14522,-26.294474,10
4.7465534,-9.928552,-8.952828,0
22.084322,-1.3079646,-8.471013,0
-12.083984,4.5964923,-22.158438,0
-1.28082,9.009754,-13.648428,0
19.588087,-3.9752262,7.993358,4
12.309774,-17.706924,5.4163265,0
18.17233,10.751472,-10.00108,0
9.321868,-9.280806,-0.70753527,0
1.9183614,1.0810593,27.827553,0
-17.973204,-1.3711221,-0.9142298,0
24.024292,-4.583131,15.294865,4
-9.197792,-6.867762,17.203156,0
-3.7305522,1.0501094,-15.142845,0
22.245882,15.997638,7.311501,4
-22.233227,-3.3365893,9.777301,0
-3.2234461,-5.946912,-2.0191226,0
-2.05278,10.548183,-11.101898,0
-23.290638,3.3899755,-1.0550482,0
-2.081409,24.167469,-12.079178,0
10.107082,3.4425428,-20.661652,2
-10.745307,11.160882,4.1627817,0
7.7854385,-2.5472333,-14.526168,0
-10.180272,-15.196306,-14.524855,0
9.222893,10.844885,16.6263,0
-9.697752,-22.097448,11.383967,0
-0.50545913,18.204927,-5.045535,0
23.939226,7.1497226,13.255504,4
-23.87397,-8.900227,8.4491205,11
7.726377,-2.9769332,-14.201144,0
7.7660694,-2.5724955,1.5977261,0
-20.649107,-12.725049,-8.612144,0
0.90233356,21.905375,-6.7798724,0
-15.59528,-11.689849,-17.290682,10
-12.358793,14.849469,-1.294162,0
-25.51521,-7.83912,12.882222,0
20.789135,-5.2556567,7.626131,4
5.370193,-8.92798,-9.216994,0
4.574355,-22.3224,-2.9717512,0
-20.410007,12.940994,-2.713178,0
7.708548,8.74637,-23.839907,2
-0.19819114,-1.368407,-15.978665,0
-7.084158,1.5855256,-0.8021564,0
-6.837399,8.399197,-20.312086,0
1.5620208,22.125343,-5.6544023,0
12.216973,-14.221237,-11.633608,0
-7.5061026,0.61581403,-23.041067,0
9.003232,-7.4214287,-1.7122122,0
1.6919694,-10.574849,-27.665169,10
10.407012,5.784815,7.6942825,0
-4.3131256,-0.9044692,15.156707,2
20.751179,9.867243,-11.666632,0
-4.11721,-14.1797285,-23.732399,10
-11.40072,23.324099,1.3881313,0
4.647536,-27.348675,-5.4861064,0
3.9298732,24.32718,7.6793194,0
11.007516,-10.830926,-2.0893524,0
-8.4392395,16.82006,6.113762,0
-6.2962866,-1.4774485,12.467705,0
-6.3090734,-6.809229,-6.2960005,0
-26.933102,-13.775039,4.093787,0
-5.9821763,-14.875249,9.653366,0
-7.024775,8.164604,-19.14967,0
-10.705487,-11.470972,15.366619,0
-18.21438,-2.1467688,-1.1559963,0
0.6122684,19.422522,-4.150898,0
-9.6621065,23.864779,-1.4600534,0
12.034051,-14.530599,-2.682347,4
8.875876,4.5238886,-28.17827,2
-8.480456,-10.235155,-12.124567,10
19.897493,5.8205595,-12.193697,0
-4.6419716,-3.9289763,24.20642,0
-12.283653,-6.4002547,10.842609,0
-6.303761,-5.1342306,-20.49487,0
23.514381,6.0427127,-4.9681616,0
-9.091773,18.478884,6.997481,0
7.541491,1.2843125,-8.100945,0
-2.9700277,19.397509,-7.6452627,0
-1.3127952,7.617419,-3.343032,0
-1.1280609,24.409105,-15.220716,0
16.992908,-3.5917928,-8.220926,0
14.924124,-0.20346612,-0.7784757,0
-7.33134,-15.442327,8.41116,0
15.013279,-12.607441,12.817879,2
6.8484635,5.331363,-13.427973,0
-6.7665734,14.53595,14.23175,0
-15.36737,0.14319591,-4.3729467,0
-5.282417,-1.1853617,17.307941,2
0.9719133,10.835991,5.0503163,0
10.653397,-12.805805,-11.659888,5
8.11429,13.32264,6.620788,0
-11.212951,-10.789062,16.878065,0
7.1345463,-4.3941116,13.458829,0
23.220367,-0.82567453,-0.58621603,0
-2.907576,-1.7181535,-12.073098,0
-10.829187,4.4860578,0.5232508,0
19.556713,-3.5715551,8.50397,4
0.7939074,-9.230088,16.721258,2
-13.255026,-26.660147,-1.4340199,0
-9.22826,-9.35108,-6.388122,0
8.949591,-25.616243,9.496412,0
-9.356772,5.6347227,16.728355,0
12.5954685,-15.491394,-11.803013,0
-9.73964,-4.0142007,19.216335,0
15.505787,10.30087,2.5722737,0
4.196922,-10.315192,-8.779459,0
-6.2601733,-26.435892,1.1922854,0
-0.13505696,-6.3099813,11.827837,4
2.1478865,0.7845124,-0.7795637,0
-12.316474,11.556345,-9.824538,0
-14.07805,-3.7883463,7.4639835,0
0.62194693,17.676191,11.067286,0
-20.9998,-6.3318243,8.083328,0
-5.5950894,-25.739317,9.05328,0
-16.504892,-25.427309,-0.15310773,0
3.3427968,-26.03856,-5.6349616,0
-13.718674,-3.0771816,7.388826,0
-17.897276,0.62876123,-6.691266,0
-9.123772,-9.752152,-11.937008,10
17.466696,4.9303083,-4.892092,0
4.856059,21.577526,3.3040562,0
4.873189,-23.732307,-3.0714598,0
-8.303132,-17.718065,-17.598852,0
-3.413949,-2.4497163,7.24689,0
-17.26983,0.24803247,-6.2936964,0
4.8209286,-26.123734,11.786553,0
-5.983617,-14.847478,9.640624,0
-11.844098,-5.1548176,8.346424,0
2.8056493,-21.830126,-6.8445144,0
-22.08035,14.017411,-3.8045268,0
-19.541378,4.7380285,-2.546544,0
16.760595,9.226947,-11.358662,0
-2.7097147,-19.346306,17.56137,0
11.936117,-9.059624,-12.481563,0
15.97939,7.001597,-10.013477,0
-7.2521443,8.23591,-3.4979205,0
23.899437,1.4054989,-5.0705194,0
-6.6652317,-13.631117,10.623358,0
6.7342677,-19.624678,-5.7347755,0
23.596334,4.257537,-2.8554614,0
-17.903082,-10.092903,-1.3403,0
20.007877,10.316802,-6.3204656,0
7.810281,23.694027,7.766691,0
14.721559,4.462054,18.58378,4
-0.14946122,17.47729,-4.4372168,0
27.294867,-1.6963537,11.82502,4
-12.327663,14.082537,5.8353724,0
-1.8057946,-18.215017,-0.12712128,0
-17.14752,1.2788856,-3.5521894,0
16.510803,-1.0529191,-11.880812,0
8.14031,-2.420017,-13.755146,0
-2.5363672,-13.961873,-22.435757,10
-14.890711,4.587441,14.124158,0
-12.75991,-4.733075,9.061803,0
-13.589824,-7.1204953,-12.030459,10
4.7304854,-19.432543,17.724169,0
-7.8740106,8.738748,-18.48043,0
-9.123772,-9.752152,-11.937008,10
20.546947,-1.2939768,-0.4311931,0
0.85507405,18.623194,4.5369267,0
7.319466,-23.872671,-6.6330132,0
-0.7848157,22.919271,-12.390397,0
-20.74014,7.395309,8.835349,0
-9.658157,0.22958569,-16.260632,0
2.4916916,-14.70661,-2.788047,0
-10.917125,-27.095213,-1.4502698,0
4.4877734,-24.09843,8.000714,0
17.257898,-10.483053,-7.8282633,0
12.68338,-9.91984,-16.512928,0
13.841955,-5.6976523,6.542611,0
10.829456,-11.654814,-10.630159,0
-0.25930342,-7.5012927,21.133198,2
16.399128,2.6846085,5.573347,0
-14.711852,6.0726004,-18.90239,0
-9.210741,10.669217,5.9728875,0
20.17681,-0.88824326,-0.41781083,0
-7.731697,16.253405,5.2591763,0
-3.0499523,-0.7214273,-14.190887,0
-5.0786023,-7.2311754,-1.3278997,0
-2.776274,-3.9879782,5.973755,0
-7.565957,6.6649227,23.367956,0
-6.669067,14.099967,14.339892,0
7.4120674,-5.476816,12.322072,0
11.166065,-3.6066089,-10.927068,0
13.576647,-13.087554,-1.837187,4
9.12919,11.195749,17.405706,0
-10.649278,0.03313154,-17.664888,0
-12.490208,-21.064129,10.465491,0
4.476112,-5.683486,-2.0938656,0
9.785167,4.9334245,-4.687993,0
2.4030035,-0.49826777,-0.917002,0
-7.4994826,16.439085,4.1604834,0
-15.467513,-12.156831,-17.951757,10
-16.968672,-8.99017,4.0393257,0
-25.466162,-7.661072,12.47575,0
22.049654,15.939288,7.063648,4
-7.6621227,6.9269357,13.491872,0
-2.4607027,-14.516044,-4.61841,0
9.532369,-8.362384,17.573227,0
9.768679,3.0734656,-27.24745,2
-14.639415,0.3959136,-5.772544,0
-11.8320875,-19.924152,-0.7386307,0
-9.229981,-11.5003605,15.86343,0
19.79925,-0.47184554,-1.7291843,0
-10.184474,-2.0843272,18.149424,0
-5.4255333,11.613655,17.506266,0
-14.78988,1.6266154,-6.934195,0
8.296816,12.390941,7.186724,0
-13.08533,23.410181,0.9034649,0
2.1463845,-11.977886,-24.005604,10
-17.956652,-12.334787,10.409274,0
-11.871967,5.2356205,-18.476194,0
-5.946362,9.208252,18.107592,0
-6.5630565,-6.421451,-6.193903,0
-7.8515496,8.165489,-4.820665,0
-12.4920635,-27.33497,2.5559692,0
-12.003239,7.1205764,10.916012,0
15.572421,0.18809359,-3.1080253,0
-1.2421643,7.246335,-4.553241,0
-6.060707,-1.5300118,18.931482,2
-5.253537,-1.1696571,17.244036,2
19.357544,6.277169,-1.5023906,0
0.013492332,10.476803,9.161803,0
-22.766628,5.9662185,-7.4948373,0
23.092207,15.987513,7.2899594,4
-1.0110279,21.21623,-11.30157,0
20.0119,-13.077429,15.824697,2
-8.308778,-13.693077,-11.520471,0
12.599869,-15.497428,-11.802676,0
8.755322,-1.2640183,-2.4884207,0
-2.0477707,19.068941,-10.566732,0
3.261364,9.072452,-1.3669229,0
21.56589,10.129084,-7.0609,0
24.643415,-9.649944,5.4554067,4
19.259798,3.4484186,-11.391295,0
12.358847,14.370502,-5.0716434,0
16.522532,13.727257,-5.076782,0
1.6938249,-9.377768,5.7529674,0
23.629215,-1.0286824,0.19179177,0
16.744663,4.2952237,-9.900948,0
-3.2351952,-12.934296,-26.415722,10
-12.591897,-18.012114,-2.7115283,0
-14.319034,2.4098752,-6.9769096,0
-25.149326,-8.439714,-4.128349,0
18.273626,-7.9758053,-14.844929,0
-22.94435,9.46251,5.5094204,0
18.909317,1.8993301,-10.096547,0
-11.763817,26.081863,-5.1098037,0
-21.271435,10.385816,5.8663397,0
-13.450913,17.178085,-1.3759857,0
-19.017443,-0.18128374,-3.583736,0
5.027712,-10.1484165,-26.24477,10
-26.835648,-13.956887,4.19469,0
-12.332103,4.3218174,-13.683512,0
12.482352,-6.698843,-6.2637424,0
11.963135,10.668023,-1.4753624,5
-18.990223,1.2663066,17.24926,0
5.4171104,-25.616865,11.35842,0
-9.234873,-9.365203,-6.380077,0
10.803415,2.4436123,-26.62604,2
10.435759,3.701038,-19.960772,2
-16.386444,8.743504,-9.028786,0
10.573914,9.07671,-12.802501,3
5.59167,3.7953289,-7.591848,0
-15.421918,-15.34032,9.707235,0
5.297525,-26.94214,11.349967,0
-14.872366,0.50717694,-5.976678,0
1.75786,10.754035,-2.337797,0
-17.693209,4.683119,-2.84058,0
-12.328576,-6.3658195,10.864515,0
-16.098724,-14.588603,9.8397665,0
9.48753,-7.9737134,-5.3155017,0
7.3415194,-7.23671,-4.2789545,0
14.551425,2.5167828,16.655203,4
-7.6171994,-2.2173095,-24.065495,0
-16.842936,-16.735504,-8.530773,0
9.32362,-9.280064,-0.70449436,0
-15.508005,2.1392493,-7.758054,0
16.192375,3.468773,15.649816,4
10.006208,3.098559,-27.28701,2
-3.2640324,0.3056596,9.670817,0
-5.767565,0.9526287,2.4418893,0
-13.188412,-18.32326,-1.8975896,0
-0.22167131,12.657883,8.499133,0
15.3115835,-5.6799054,-13.198276,0
12.164202,10.832231,-1.7171392,0
-8.776651,5.902777,-19.298096,0
0.8171334,12.539859,5.262273,0
4.8694744,-10.100408,-9.096517,0
-1.233108,-6.614993,0.9670254,0
4.6085877,19.428616,1.7749916,0
3.3998077,3.569116,-28.937101,2
22.230011,-1.3922733,-7.852684,0
-14.512375,13.953756,-10.873665,0
-1.3119371,10.365664,-10.913069,0
-12.953091,-26.455618,-2.1759787,0
-9.234873,-9.365203,-6.380077,0
-15.529246,10.378093,-8.337348,0
-27.326748,-11.835265,3.0376878,0
-16.139248,15.404096,7.0080347,0
14.707484,-8.335138,-4.8747215,0
