UMAP1,UMAP2,Label
15.560608,1.3380615,0
-6.8972025,13.096462,0
-6.4819174,6.3713007,4
-13.369497,4.366926,0
11.180716,-4.0608044,0
1.5351754,14.212919,4
8.085125,10.255402,0
-2.7414904,11.096819,0
14.378935,-0.6549066,0
7.6536,5.284984,0
7.4868674,4.7327094,0
-1.9117373,-0.1722022,0
1.0290344,-0.9127509,0
6.1294923,6.8007445,0
14.584357,17.089497,4
15.269091,10.377486,2
6.842329,6.1610584,0
-2.6908193,-9.258035,0
-8.220849,-2.908568,0
-9.196014,-6.3480396,0
17.6288,-2.1501071,4
20.969578,1.9102844,0
-2.5289557,12.862852,0
-1.2570106,3.966714,10
11.119648,-4.5937,0
-0.57359105,-5.6778836,0
-1.1361727,-8.749815,0
-0.8343048,-5.3574686,0
-1.3736693,14.559435,0
-3.4281378,17.055952,2
-6.6876574,8.570294,0
1.9942579,9.863433,0
-5.094573,-10.111674,0
10.169335,3.643651,0
-9.564378,8.734806,4
-3.7584765,11.968353,0
13.314056,-2.9589345,0
0.9312777,17.264088,0
-6.492934,0.015444433,2
13.329103,14.472448,0
5.83508,13.23656,0
1.6333852,7.6409483,0
9.7390375,5.480131,0
-1.2071493,-8.733002,0
-3.690517,11.342034,0
6.1837173,13.304247,0
11.820926,-6.6151366,10
13.933417,-1.1209837,0
5.0896707,14.089249,0
3.4484737,14.367756,0
-4.6434317,-9.687185,0
5.1704254,13.9858675,0
13.692033,8.332346,0
-2.4773004,9.880929,0
-3.7224865,11.366601,0
7.2983527,20.33348,0
1.3386426,11.719969,0
-1.8506573,3.4975455,10
-11.129305,-5.12522,0
-1.5552686,18.297441,2
14.281563,-5.61684,0
9.892137,9.461717,0
16.072588,0.25016755,0
-1.8412902,-11.607889,0
6.858959,18.755085,0
-8.011981,-2.5758955,0
1.7894858,9.586799,0
-6.6618123,0.26409367,2
5.933894,-2.0094118,0
7.0148544,-5.6565914,0
23.26479,0.87343705,0
1.8381816,9.440842,0
9.665107,2.9975924,0
10.587504,-5.212603,2
7.5942674,-7.649454,0
6.072102,3.3590906,0
-3.734401,-4.2522306,0
-2.6065774,-9.794903,0
10.005388,2.9817595,0
16.889841,9.499975,0
17.494415,-2.014611,4
10.728946,16.801836,0
16.68539,6.426556,0
12.6485815,14.971883,0
9.141034,3.4851809,0
3.2471547,-6.5322304,0
5.111214,3.7782419,0
7.0110397,4.723802,0
4.7673607,-13.160882,4
20.732777,2.1473129,0
-2.4749684,11.039137,0
-8.219779,-2.8553734,0
8.981133,3.442104,0
8.137938,3.6969333,0
15.136194,4.148847,0
-3.7679763,11.453185,1
10.287978,5.9248796,0
20.27878,3.5700512,0
-5.924241,-5.6611714,0
20.286753,3.5696929,0
6.9673147,-1.7783751,0
6.3484664,3.1994956,0
11.442779,3.299217,6
10.769559,17.27756,0
5.4231067,26.671093,10
6.6876273,3.5210884,0
-6.7865443,13.162105,0
0.9298095,17.205624,0
9.449785,4.9894786,0
5.067139,15.083004,0
2.251326,-6.496291,0
11.290514,2.8492606,0
-4.9690166,-9.925062,0
13.216043,14.324797,0
-4.339685,-5.9311924,0
20.057634,2.6466987,0
2.076731,9.033994,0
-4.675074,-9.70529,0
8.965325,2.3593442,3
-2.5147512,11.043938,0
7.0381246,4.737494,0
4.842857,-13.7288265,4
-2.6305974,-9.650937,0
10.98923,5.9306116,0
-1.080603,-5.0711737,0
3.460306,14.370026,0
10.11936,15.367058,0
3.9862297,17.800163,0
5.9656177,5.6955576,0
10.995669,5.926583,0
8.7589855,4.818654,0
11.204907,19.96162,0
9.409794,5.647814,0
12.01882,5.038779,0
3.8651366,16.680105,0
12.940253,14.717132,0
9.991559,5.6663046,0
-1.9611804,-0.21570455,0
-1.1914669,-8.753467,0
1.28636,14.148602,4
6.167339,-5.999638,0
12.631137,4.924336,0
-8.553542,-2.437375,0
14.755652,6.65345,0
14.320066,16.821682,4
14.295328,7.7247033,0
22.211523,-1.9102371,0
9.460362,-3.147026,0
8.474235,10.463681,2
8.898293,4.8684864,0
1.2081221,8.254935,0
3.5738397,16.91322,0
4.203729,3.6153455,0
1.5592366,23.070477,2
5.0724206,14.209431,0
7.930143,-9.491151,10
6.537389,15.196551,0
7.939319,4.223774,0
1.6961169,-6.1673064,0
20.479507,7.078498,2
6.5124054,6.012967,0
3.860079,5.351602,0
8.990999,3.6880648,0
0.33993593,-0.06456058,0
12.785298,4.908555,6
20.142197,2.360128,0
9.223288,9.14989,0
5.493634,2.9299858,0
-3.0120997,-3.0028834,0
-2.868214,-15.31371,0
-5.5113697,-6.1203904,0
6.750857,18.647476,0
6.8737345,18.770973,0
7.129083,-1.71889,0
16.10581,0.14934932,0
9.550832,3.0071907,0
-5.0882134,-5.738931,0
9.291596,3.1290016,0
6.0539703,-2.0299456,0
6.790678,18.684965,0
0.42995998,-1.8625151,0
10.518448,15.945154,0
0.49455592,-1.8898752,0
11.079062,23.232046,2
11.108393,-4.596732,0
3.495144,14.3767805,0
10.8287325,2.9557269,0
8.179449,4.368559,0
5.1357837,13.987173,0
-7.5177207,0.43720677,0
6.2118654,6.6499515,0
11.648938,10.266604,0
2.7799776,10.237488,0
7.0919266,21.63014,0
7.721282,-5.739512,0
11.9942045,-7.8284016,0
12.961434,4.667132,0
15.815197,12.7995615,7
5.8558035,13.241289,0
12.948542,4.682526,0
15.140572,4.1418233,0
0.46446198,-1.7792178,0
6.103853,3.215736,0
8.025495,4.1527643,0
6.7549624,3.626189,0
5.836353,13.993136,0
4.1752234,-2.0706565,10
-4.338488,-6.0565066,0
2.0796812,8.951429,0
3.9344127,14.630759,0
14.978919,9.833244,2
1.9474397,-7.011783,0
10.924291,23.089502,2
-6.4370914,8.315748,0
-2.6375077,-2.880686,0
4.4523835,-13.860351,4
20.558071,16.534632,0
-2.8678157,-15.313455,0
8.871694,3.0702446,0
7.3123956,20.320408,0
23.504812,0.8269517,0
-3.770403,11.887007,0
8.872161,3.419391,0
10.554104,16.062685,0
20.724659,2.1459324,0
-6.234694,15.403502,0
11.754919,-6.67203,10
4.5247307,-13.636108,4
-6.0487804,-5.891005,0
-3.6847668,11.343868,0
-8.679654,-2.0170128,0
-2.191002,12.482788,0
4.606498,-13.759402,4
0.908213,17.204893,0
9.459419,-3.1447532,0
-8.50184,-2.321516,0
5.973426,-2.0091546,0
-0.33552107,5.821028,0
-9.524254,8.30489,4
-11.990537,6.4681735,0
8.642266,5.2815304,0
0.7362038,-0.060047433,0
7.424102,-1.4756109,0
0.4821852,0.4051015,0
-8.973179,13.802522,0
-1.685044,-13.769675,0
-8.68386,-2.0172157,0
10.40421,15.555666,0
2.0731452,8.946487,0
5.9569225,13.432038,0
4.463574,-13.845881,4
2.527594,19.917551,0
-9.590949,8.721227,4
9.3202505,3.5550535,0
-0.59547395,-5.6559763,0
15.134344,4.1514893,0
-4.6446033,-9.688674,0
7.66369,4.8363724,0
10.751182,-4.0254025,0
-2.809762,11.058406,0
-9.604119,8.705201,4
6.28256,14.054323,0
4.172681,-2.066589,10
6.316303,-2.014064,0
11.111398,2.8972528,0
-9.189007,-6.3520947,0
-6.441786,8.3211565,0
19.037123,3.3764591,0
5.190414,14.490372,0
-9.418854,4.2673745,2
10.102172,5.8178654,0
1.7813826,14.274858,4
-1.6960433,18.200068,2
6.7415833,-2.439985,0
2.2059348,10.009395,0
11.812574,-7.652084,0
10.916039,-4.55321,0
5.0657372,9.452421,0
0.9644425,-1.0974463,0
3.5153956,14.397623,0
-0.66195923,-5.5769663,0
2.8113308,-6.2563767,0
8.569922,1.6002412,0
-6.358565,-6.031145,0
-5.7909923,3.610632,0
5.4270263,5.0968266,4
4.849219,-13.656192,4
16.079422,0.24470912,0
3.1394117,-6.480896,0
9.914943,2.9057577,0
0.18127798,7.779065,0
-1.3678983,4.152238,0
3.933872,-12.739573,4
14.381968,-0.6616906,0
6.3368073,15.073179,0
7.1118674,7.069346,0
13.054222,4.5864906,0
3.8528113,14.580207,0
3.0633736,-7.4184303,0
-2.8166676,-2.9881616,0
-2.542572,9.666199,0
10.783867,6.1135325,0
6.792023,18.685326,0
5.678253,5.0639186,4
21.012482,1.8729805,0
20.719154,2.1308398,0
10.824779,16.749113,0
-9.379983,8.406393,4
1.2724669,0.9648851,0
0.44522893,-7.4714446,0
14.3882675,7.204614,0
-4.7620864,14.496121,0
-8.984328,13.845364,0
1.3047953,14.15358,4
4.0058537,3.8450375,0
-13.372821,4.362755,0
16.073595,0.27577066,0
5.761683,4.2280293,0
17.683601,6.189271,0
-4.9739523,-6.165509,0
11.909902,-13.856132,0
9.355432,5.66321,0
8.800812,9.114764,0
13.727804,-4.6167936,10
6.221499,4.252017,0
2.48259,19.874878,0
-5.504204,-5.2872715,0
8.745254,5.017292,0
6.1373825,2.5072942,0
17.230787,-8.796664,0
7.6512346,-8.842042,10
11.01846,23.177624,2
2.0077648,-7.016105,0
-6.6014886,6.3112183,4
6.7882695,-6.358926,0
11.291586,2.770422,0
10.4535,-5.5473366,2
16.070324,-1.4548615,0
0.95598966,0.07568142,0
16.669855,6.4121747,0
10.861983,17.377176,0
-1.8497716,-11.614319,0
16.129827,-0.07239601,0
13.10532,-2.6716151,0
-8.176955,-2.841696,0
-2.868063,-15.314186,0
-4.273101,-5.9908175,0
-4.261943,-5.7511168,0
0.88152957,17.104542,0
1.0594517,-1.2652758,0
-3.769585,11.889034,0
-2.5999517,-9.827204,0
22.81085,0.5946527,0
8.723009,3.9814997,0
18.510494,4.2507415,0
10.629899,16.527359,0
-0.24364471,9.784067,0
19.02707,3.3839667,0
1.3712599,11.690535,0
-6.824759,13.138036,0
13.31459,-2.9476278,0
-6.6689734,8.554182,0
-13.470259,4.2669306,0
10.259878,4.0446944,0
-1.6806984,-13.774304,0
1.5852641,23.087532,2
-4.814984,-9.738113,0
10.679805,6.289298,0
5.118492,9.399006,0
-2.0649548,-0.3591942,0
12.992491,15.116803,0
-12.836541,9.769373,0
16.132353,-0.51658285,0
-2.2737029,10.4461775,0
10.13644,3.6598752,0
12.471135,-0.9965069,0
-5.396888,-10.4493685,0
0.44430014,-7.4718866,0
3.4775188,14.401256,0
-3.5554945,-2.5634933,0
8.820347,4.8888965,0
17.51573,-2.035334,4
9.937608,3.4889624,0
6.1987348,13.118048,0
-6.4493556,8.327023,0
6.356215,-1.8565723,0
10.689488,16.476406,0
7.411935,-1.4436492,0
-5.550631,3.1263258,0
2.584611,-6.969793,0
1.3942274,-1.3929052,0
-1.8490045,-11.614374,0
-1.0156211,-8.648065,0
9.1945305,4.851737,0
10.265514,15.162166,0
8.173172,5.1135864,0
-5.6541777,3.294438,0
-1.856684,3.4913356,10
-6.3817687,-6.055836,0
9.868027,3.4249165,0
1.1079893,0.86370414,0
-6.8975935,13.09772,0
-1.8478358,3.5004978,10
5.830057,-2.566242,0
12.49474,-0.9374566,0
0.07806783,-1.0243343,0
8.199213,4.5602565,0
11.6563,10.259168,0
6.7375293,-6.323255,0
6.61584,-6.3402658,0
15.959445,0.6743908,0
-6.7377167,0.7234181,2
-2.2545135,10.424653,0
0.44396085,-7.472548,0
8.794022,9.112185,0
7.576798,-5.7530704,0
7.0894933,3.5779538,0
-4.888914,-6.173395,0
10.209627,4.1000876,0
5.848022,5.168126,0
6.13726,2.545639,0
6.3532343,6.7653036,1
16.843132,-8.54702,0
3.2720313,-6.6281614,0
17.031889,8.028518,2
-0.5426331,-5.68605,0
6.680081,-6.282871,0
-5.537805,-6.9048123,0
5.5390654,2.9347823,0
6.1361923,13.198254,0
0.79567444,16.829197,0
-1.6253338,-13.82929,0
23.28876,0.88540864,0
-0.58547455,-5.6806064,0
7.3452115,-1.4663334,0
16.759418,9.443392,0
5.939536,13.262246,0
20.496286,7.0842166,2
0.9137188,0.10040235,0
-8.194387,-2.9005163,0
10.986482,6.1892986,0
-9.391675,8.410465,4
-3.7103899,-4.1837344,0
0.07448413,-1.0292456,0
6.906407,3.7586112,0
3.9994342,-12.765939,4
8.402803,-13.869466,10
17.017984,8.042398,2
13.19099,17.846306,0
7.6463146,-8.837513,10
6.5581923,17.077042,0
-1.3628987,3.9737573,10
-9.271146,4.4323225,2
7.679501,-9.906694,10
-5.6462474,3.2784643,0
-6.387217,-6.0599265,0
9.820705,3.6234117,0
-6.4425945,8.321799,0
0.9283311,0.084607735,0
9.402494,3.0056736,0
8.633934,1.6926994,0
6.2076197,-1.2388556,0
5.3067713,5.1169147,4
-5.4278436,-5.200864,0
7.1024027,-1.6851157,0
3.8229473,-12.636792,4
-5.387453,-10.439538,0
-3.9876084,17.461931,2
4.174773,-2.069935,10
3.061417,-7.4209423,0
7.282656,-2.4017377,0
-5.3635464,-10.414017,0
10.333033,4.0949125,0
3.622342,16.851326,0
2.8725977,-6.332982,0
6.8150773,-6.371143,0
1.2154664,14.103358,4
5.86235,7.237515,0
1.8108921,14.286048,4
14.261671,8.086598,0
-6.930199,13.060561,4
14.29997,-5.6320944,0
1.4298491,19.491089,0
-3.7578163,-4.2270136,0
15.953694,0.6814979,0
8.246647,4.343299,0
-1.6715764,-13.783095,0
-2.8682694,-15.314479,0
-2.9075665,13.060087,0
10.853288,16.898705,0
6.836037,4.769142,0
-2.1034656,-0.37932244,0
1.4299767,19.489817,0
5.4834905,26.73251,10
15.063896,-12.230303,10
5.533377,2.9261212,0
6.251136,2.8027782,0
1.01677,17.332443,0
-0.5666867,-5.688771,0
-0.4201476,9.913828,0
19.035284,3.3795767,0
0.27392358,-0.3981889,0
5.822218,-2.5603251,0
6.8995013,4.5065627,3
0.16721803,7.7899475,0
10.759574,5.809695,0
17.632668,-2.1546273,4
10.894021,5.9769664,0
11.141643,2.8815157,0
9.586804,5.5443654,0
16.767654,9.454662,0
-12.184192,-8.67668,0
3.8531241,-12.658918,4
10.445281,-5.569501,2
19.405022,-5.2613826,0
6.545236,4.0501137,0
10.192838,16.586775,0
4.039777,-3.9519029,0
7.725153,4.029586,0
2.0840278,23.271532,2
10.68749,6.308731,0
10.07353,2.7641282,0
0.04184839,-0.82111895,0
-9.406166,8.497845,4
20.55807,16.534636,0
8.688904,1.8443053,0
8.787469,2.1995702,0
7.0881147,3.6700938,0
7.24699,-2.4767697,0
9.039749,4.516867,0
6.882924,3.2331526,0
12.623191,14.999379,0
10.604017,16.90877,0
7.0751395,-2.1591403,0
-7.3726726,2.4810915,0
-12.835967,9.768491,0
1.7903858,9.03359,0
0.5038591,-1.7228616,0
13.191717,17.853745,0
6.973197,6.858216,0
7.521943,-5.82448,0
16.84242,-8.542402,0
7.0885844,-1.2390119,0
-7.9400644,-2.5927038,0
2.0558136,-7.11938,0
-12.184251,-8.676773,0
6.4965873,-5.6962614,0
-10.7556,-5.2921,3
5.4896946,2.9309473,0
-5.435771,-5.1922545,0
-4.6886525,-2.1484702,0
-3.4660487,17.086731,2
9.990379,9.578389,0
-2.283489,12.62321,0
6.5735574,4.5980916,0
6.512579,17.07846,0
4.1369567,-12.85299,4
1.3040884,14.152144,4
2.8742082,-6.827413,0
-2.5927298,-9.86997,0
13.74917,-4.6029553,10
3.2537656,-6.5467744,0
6.7399354,18.629927,0
-3.9754121,17.458218,2
13.234664,14.393916,0
7.091973,21.630762,0
7.594186,-7.6486177,0
5.546354,4.021863,0
10.730464,-4.0872383,0
9.743174,4.9801235,0
18.169987,4.0333595,0
9.86023,3.6995296,0
8.909778,5.5875015,0
-0.98055536,-8.665691,0
15.0294485,10.154079,2
-4.9221764,-9.897184,0
-3.6991367,-4.287035,0
7.2377825,5.518178,0
3.2256777,-6.820133,0
10.091112,3.0126839,0
6.6530604,-2.8244386,0
7.873097,-9.265617,10
-2.6987915,-9.237435,0
6.5378203,-1.7461002,0
12.126631,5.005413,0
2.0788872,-6.9794717,0
23.275171,0.8910556,0
-1.963027,-0.20810279,0
16.676416,6.4181533,0
4.0712295,-3.9854715,0
-2.5910866,-9.865725,0
3.9015918,17.734035,0
11.90509,-13.8604,0
-0.32662898,5.814089,0
14.372867,-0.66309714,0
-5.37877,-6.2656665,0
12.941882,-2.4896615,0
6.2330403,-1.2184972,0
-6.1941147,15.369344,0
-12.167491,-8.67163,0
6.1677732,2.6171277,0
11.972509,-7.8069606,0
6.971182,3.517645,0
-2.6979728,-9.232801,0
11.079252,23.23223,2
3.7855582,3.5828135,0
-6.2176676,15.392739,0
-3.481444,17.097649,2
10.033619,3.6338909,0
18.163677,4.0433803,0
-1.9169871,-0.16794594,0
3.9227686,17.709694,0
-5.4512463,-6.163465,0
4.481085,15.298072,0
13.762426,-4.5892,10
-2.1115096,10.781179,0
-0.54058975,-5.7054553,0
-2.2195334,12.508982,0
-9.786563,0.9665895,0
-5.53135,-6.86479,0
10.111573,5.8433,0
-6.680131,8.565961,0
14.263109,8.097665,0
10.7279215,-4.1274686,0
4.151846,14.890148,0
5.8509293,5.653432,0
17.58335,-2.1048944,4
10.410665,15.613855,0
-8.516597,-2.3138402,0
5.2474403,13.991763,0
11.21239,20.008295,0
6.423572,4.351178,0
4.478137,15.301291,0
15.271608,10.395824,2
2.2051136,-6.463625,0
-2.3134086,10.23593,0
17.68745,-2.2092967,4
-0.9081624,10.103046,0
0.46298766,0.37510097,0
2.0411541,9.094052,0
16.705011,6.4464655,0
8.311574,4.598305,0
-4.664953,-2.162002,0
5.923975,20.261477,0
7.08629,-5.757987,0
8.583164,1.6130024,0
10.692564,16.845842,0
7.0357695,6.942005,0
3.089878,-6.3698673,0
5.6311793,6.0885463,0
-10.973541,-5.2084537,0
8.734042,3.368014,0
1.2913238,-12.158227,6
14.748059,6.6619987,0
15.0643015,-12.147714,10
-5.3769665,-10.432324,0
-6.567997,6.283541,4
-2.5955172,9.819669,0
-3.8762069,-2.4735892,0
3.0990262,-6.3816886,0
1.6511954,-6.748794,0
13.454772,14.601823,0
-4.7129145,-9.669649,0
22.205837,-1.9040974,0
5.999906,1.8617997,0
17.04217,8.01139,2
-9.418849,-9.352678,0
10.600565,16.425695,0
20.492908,7.0875764,2
-3.7792075,17.315365,2
5.284581,14.879603,0
5.2608376,14.158622,0
6.5074368,-1.7549948,0
5.510479,13.513467,0
0.5626619,-1.5468421,0
5.1195936,14.121962,0
-2.3203657,12.660885,0
2.2275698,-6.494628,0
10.075421,4.0052824,0
-6.6800456,8.559457,0
17.659977,-2.1814501,4
13.164736,-2.7427082,0
14.348553,16.851648,4
-7.237027,-2.7543135,0
-8.167042,-2.80434,0
8.675568,1.7897435,0
-6.4904003,0.029970298,2
9.383963,3.0172067,0
3.818668,-12.630579,4
20.699615,2.1179333,0
-1.5840474,18.245708,2
10.905149,5.958024,0
6.541315,15.20188,0
0.8361152,-0.74242324,0
13.190896,17.868628,0
8.008162,-10.515444,10
8.719649,5.022701,0
6.4052653,5.172727,0
-7.512,0.4394974,0
-4.501469,-9.525882,0
10.411776,15.605758,0
1.771679,9.014233,0
-2.035336,4.5686655,0
8.651719,1.7322955,0
9.836703,11.722726,0
17.952925,9.730124,0
2.0452943,-6.1757574,0
19.022337,3.379059,0
14.289656,16.791538,4
1.6142046,23.092646,2
-3.5977314,-2.5582573,0
-4.159982,-3.014856,0
20.412054,2.243208,0
13.934874,-1.1386877,0
9.755095,9.025961,0
3.8694167,17.681934,0
4.8303127,-13.723114,4
-1.3803902,14.544893,0
19.207195,-3.1087158,0
5.9775233,-2.5346873,0
1.8773807,-6.2071176,0
14.270248,7.1227174,0
19.542048,4.1364703,0
0.3351259,-0.07985818,0
6.3068023,5.2218733,0
3.469616,14.343881,0
-3.454087,11.160993,0
2.7749166,10.234826,0
17.497509,9.560246,0
9.356289,3.0159593,0
8.1707,4.974441,0
5.5595865,13.545119,0
15.552939,1.3499812,4
-10.75001,-5.2906446,3
6.3939414,3.2339423,0
9.732826,5.348313,0
4.463346,-13.320552,4
-4.7864923,-5.995126,0
5.5114026,13.476919,0
-9.129477,7.9373407,4
4.000698,-3.920664,4
8.782322,2.186368,0
17.959318,9.74264,0
9.000614,3.400044,0
-6.552115,6.2678914,4
0.44610634,-1.1066896,0
5.3438396,13.797394,0
5.6008625,13.581243,0
6.1843867,5.392771,0
11.689422,10.228333,0
8.817257,9.0933075,0
-3.678748,11.317785,0
2.3403761,-6.300742,0
19.587574,3.747521,0
4.481709,15.317269,0
-4.7038875,-5.7761307,0
10.83791,3.585352,0
9.194043,13.130344,4
11.451858,3.3378108,5
2.6165104,10.154001,0
6.862386,6.14983,0
3.039049,-6.359717,0
2.0525112,9.0303755,0
19.660023,3.334761,0
10.802658,5.7963495,0
-5.5355754,-6.2339654,0
10.435311,15.791361,0
-1.7729979,18.13274,2
1.0386384,0.8008095,0
12.609716,4.9312057,0
-9.122744,7.92623,4
5.918478,5.1034293,0
-1.380275,14.543752,0
13.265147,14.407682,0
10.3951,3.5749698,0
15.921495,0.7476326,0
10.754553,16.60257,0
0.91787535,0.053425636,0
-8.0750065,-2.6277173,0
1.8155167,8.983316,0
6.848816,6.1607747,0
8.873884,5.565443,0
-1.3768132,14.539207,0
16.13222,-0.5111585,0
6.0397234,14.430754,0
20.148077,2.352441,0
6.1806893,-1.9637533,0
-6.519056,0.07722573,2
3.0646331,-7.4078646,0
6.521563,-5.672084,0
14.0931015,-0.93620294,0
6.849936,6.1514244,0
3.938721,16.616997,0
-8.339791,-2.2953374,0
3.4476268,14.374815,0
9.361121,5.6644278,0
-3.6629324,-4.260503,0
6.2547755,-6.056626,0
16.849785,-8.551883,0
11.108675,-4.618254,0
4.7550244,-13.19861,4
-6.3170676,-6.071995,0
-0.16365427,9.687546,0
13.58481,-0.34952638,0
9.565006,3.0625954,0
6.361862,3.1701646,0
-1.0680771,-5.083554,0
-1.8490409,-11.614229,0
-2.6868296,12.967144,0
23.29524,0.88374174,0
12.976406,-2.5058386,0
-6.5088506,0.06714147,2
9.988259,3.6956084,0
1.3951378,1.0014685,0
6.400359,6.6493745,0
1.8097118,-1.1061416,0
8.008975,10.236571,4
-6.7236314,0.39072117,2
15.134238,10.272517,2
10.912831,-4.6774955,0
7.1646047,-5.763151,0
4.525225,15.27408,0
1.8843219,-0.976696,0
8.464462,10.462006,2
13.318486,-2.9580534,0
4.8380456,-13.695553,4
9.133199,13.30908,4
20.133541,2.3640072,0
1.3125899,14.155006,4
-13.61332,4.124309,12
3.981201,17.797817,0
9.389758,4.9078536,0
-2.007342,4.550871,0
10.092121,5.714592,0
6.684918,4.5385213,0
5.93666,-2.0171258,0
-12.860205,9.8017025,0
5.4171557,26.66501,10
11.0883,-4.631581,0
-1.3471161,4.3029714,0
1.8796911,-6.3692317,0
-3.360284,2.473415,0
11.228909,-4.377183,0
5.9972634,1.8577139,0
22.79463,0.6051831,0
12.473994,-0.947967,0
6.0367794,3.3736396,0
6.07045,-1.652642,0
14.979017,9.83942,2
15.628975,9.715278,2
6.019553,-2.5468054,0
6.4833093,4.623969,0
-4.868739,-9.624943,0
-6.1925106,15.351187,0
-1.3825309,14.543185,0
-9.209193,-6.3347955,0
6.2094955,8.669856,0
18.164387,4.0426593,0
5.1097274,9.406189,0
5.038671,9.475485,0
-2.7350194,11.09448,0
-10.637468,-4.775305,0
-9.786482,0.96700424,0
23.495895,0.8372455,0
3.256324,-6.611305,0
20.491924,7.0871816,0
13.4387245,-3.0600746,0
1.2622108,8.263679,0
10.598068,-5.187757,2
6.1596785,8.617983,0
4.0167303,17.801033,0
-9.418889,-9.352696,0
-9.418935,-9.352789,0
15.815429,12.7997055,7
1.0311975,0.5381511,0
14.295863,7.7017813,0
-5.5809855,3.197371,0
7.6045666,-10.158241,10
-7.6598077,10.817332,11
3.5169728,14.409993,0
5.627526,6.0834007,0
22.20541,7.6396046,0
-1.649205,-13.8057165,0
9.587251,4.0060415,0
5.047818,14.230784,0
23.267988,0.88500595,0
-0.9210104,3.72675,10
5.783746,-2.5419884,0
-0.33743855,5.8346844,0
9.988778,16.218538,0
-0.15926345,5.631454,0
-6.8329206,13.18192,0
8.924587,5.3151665,0
6.6296353,1.9232241,0
8.194687,4.571657,0
19.124985,-4.972825,0
2.393608,19.7906,0
4.947912,15.1725645,0
17.957668,9.730928,0
9.036155,3.7517192,0
13.959155,8.297816,0
6.0876365,13.304848,0
1.9018749,-0.9800853,0
-3.9467518,-2.4798586,0
4.44596,-13.69024,4
7.3165636,-2.3573847,0
11.928981,-13.83791,0
1.5490856,23.064732,2
14.298366,-5.631797,0
3.8858001,17.721535,0
-2.279356,10.912617,0
10.320703,2.0283198,0
4.4789104,15.311361,0
3.2236304,-6.578216,0
1.8244337,14.287762,4
-2.5129735,9.858482,0
17.710712,9.433062,0
5.4769053,5.0642934,4
-3.411012,2.5527403,0
4.029483,5.231582,0
10.723603,16.880558,0
2.717952,-6.2346992,0
-2.563112,-10.12533,0
-1.2331737,-8.696251,0
1.3827554,0.8354681,0
-4.8475394,-9.657713,0
-4.8457327,-9.635356,0
-2.4641628,9.773319,0
6.2813854,14.033285,0
-5.901246,3.7978525,0
-4.8355517,-9.595294,0
12.500058,-1.0508991,0
5.475232,26.724274,10
10.000078,3.7135527,0
10.222418,-5.9989815,2
8.747076,3.4835875,0
0.4132313,-1.605482,0
-3.8522491,-4.548869,0
10.71535,3.5723271,0
6.217636,8.678408,0
14.166002,16.66763,4
2.3817418,19.777983,0
17.471361,15.216643,0
17.82855,9.815954,0
-4.921007,-6.101965,0
-13.469768,4.267388,0
8.845036,4.927965,0
10.180477,-6.0503464,2
5.202302,14.621484,0
-3.3585308,2.470108,0
14.109729,-0.9360021,0
3.1023297,-7.417253,0
17.846817,9.8480015,0
9.756772,4.974045,0
7.022237,-5.675683,0
11.203845,19.983162,0
5.5873685,4.053229,0
-6.5291696,8.40945,0
5.7779393,4.6734304,0
-5.4857225,-10.536904,0
4.8678,14.937199,0
0.592358,-0.78919184,0
10.279888,16.11226,0
-10.763295,-5.2725573,3
8.609697,3.6158354,0
4.1771502,3.6101694,0
4.118354,3.6065292,0
4.0139093,5.2511764,0
8.86417,4.929023,0
11.444463,-4.0050197,0
15.815869,12.79988,7
6.1838746,-2.4760833,0
20.559175,10.422731,0
-3.8983803,-2.6747534,0
20.39704,7.1644835,2
5.388734,14.7881775,0
13.748315,-4.6041594,10
1.5982727,-6.098226,0
1.6092554,-6.0970254,0
5.687942,13.864986,0
6.836962,-2.770035,0
9.877853,9.439219,0
14.103419,16.605719,4
5.9817204,1.8369766,0
-4.109894,-5.09263,0
6.5438557,17.073013,0
5.8167377,13.282952,0
1.5395769,23.078344,2
-1.7668915,18.143003,2
2.2744353,9.91497,0
4.0619845,17.828722,0
19.982697,7.458192,2
1.0406895,0.8030622,0
20.558928,10.422619,0
7.154737,-2.5819395,0
-5.5326037,3.102238,0
-10.748425,-5.186975,0
-2.5105624,9.787978,0
6.9510045,4.7443323,0
9.049677,5.4138184,0
8.841182,5.4933496,0
-3.6330914,17.216524,2
11.870404,-13.888708,0
5.124111,14.329485,0
8.299698,-13.759723,10
-8.29226,-2.7483585,0
7.1359644,-1.6910403,0
8.014633,10.239432,4
7.0372663,-5.67749,0
-2.06425,-0.37476227,0
5.556961,4.041635,0
-1.6906902,18.14108,2
16.07628,-1.6166016,6
15.640063,9.705406,2
8.881432,4.874463,0
9.788656,8.992121,0
-3.0821273,13.055462,0
1.0977811,-1.2604612,0
-2.5241866,9.704028,0
8.834024,5.5134916,0
1.6177752,-6.726994,0
2.0403812,8.715107,0
-6.590372,6.305926,4
7.033336,-5.6512294,0
6.336221,3.2445998,0
4.062428,-3.9757233,0
-0.869233,10.111584,0
6.5529613,4.492139,0
6.649282,4.549905,0
8.903043,2.319312,3
1.4436605,0.90732616,0
6.4761267,6.7305064,0
1.0908003,0.84635276,0
8.715688,3.483677,0
10.926644,6.081819,0
17.868162,9.44578,0
8.395533,-13.861749,10
12.016418,-7.849781,0
4.30337,3.6646636,0
-6.667869,0.262732,2
-10.754301,-5.2895594,3
6.545434,4.9338183,0
-8.468954,-2.254918,0
10.457629,-5.5362887,2
10.9075365,2.9287264,0
9.393212,4.7249923,0
5.815152,14.375253,0
7.512544,-5.7211814,0
8.049053,4.3581276,0
5.0913258,9.42443,0
10.275438,18.551048,0
6.3305798,3.4321089,0
18.518164,4.2601557,0
10.362121,16.552898,0
-1.3769417,14.54965,0
6.6847687,3.5148332,0
3.5737004,16.91279,0
-0.22839306,5.715812,0
-3.7633286,11.944052,0
-3.2331748,13.003893,0
8.847921,4.3158617,0
10.602429,-5.18152,2
16.854944,-8.554868,0
7.2144127,5.6179094,0
-4.9511976,-9.944534,0
6.3127403,2.8400726,0
7.71978,-10.275521,10
8.990858,2.406409,3
-4.832047,-9.733537,0
1.0441326,0.5936939,0
19.972233,7.468715,2
-8.581694,-2.1020663,0
-1.7934622,3.554824,10
18.929756,0.11410512,0
-3.3772776,12.895547,0
5.885024,14.436394,0
10.085697,16.532637,0
11.936982,-13.829067,0
5.3558745,13.489068,0
15.251065,-11.779459,10
8.325561,25.024551,10
6.2291007,3.3920536,0
2.857002,-6.2936845,0
9.485107,4.9496846,0
6.561951,6.7371254,1
9.980395,3.6655784,0
7.4387765,-1.4352514,0
4.7414374,-13.141677,4
1.836811,14.293209,4
-7.5298944,0.44032797,0
-6.6220746,8.50542,0
-3.8560057,-4.5666857,0
-4.6107616,-9.584235,0
9.967064,2.536461,0
19.394602,3.977216,0
7.737017,-10.303287,10
0.17810036,7.787938,0
7.2006354,-1.6471369,0
-5.561839,3.148436,0
-1.6759579,-13.7784195,0
13.433239,-3.054136,0
1.8824309,-0.98407906,0
-4.531503,-2.4183621,0
22.807276,0.5535811,0
7.6934013,-9.869788,10
22.215101,-1.91293,0
9.858745,9.3821535,0
1.0486246,0.21243937,0
9.84503,9.393662,0
10.529126,-3.6239562,4
3.0212405,-7.193782,0
9.064779,3.724065,0
-1.2103257,-8.933225,0
6.5854373,-1.7797298,0
-8.455761,-2.3798773,0
11.841235,-7.6793694,0
1.9886867,8.633387,0
9.324312,4.923839,0
-5.45148,-5.1916475,0
2.82641,-6.9562473,0
-5.542094,-6.1050673,0
6.139171,-2.5516608,0
13.240882,14.382538,0
-6.5398417,6.2895465,4
-2.5811822,-9.99364,0
9.696876,3.8621008,0
-0.15521513,9.350694,0
15.178705,-11.9203615,10
-3.6553278,11.305103,0
5.7252636,3.0204394,0
-8.697563,-2.0061665,0
10.314461,15.791959,0
-4.535934,-9.570096,0
2.206196,10.00691,0
5.7293587,5.959649,0
-1.7116425,18.187239,2
8.809912,5.4993005,0
17.680399,6.19267,0
1.483818,-0.2992734,0
8.802987,9.115185,0
5.786982,5.6261654,0
-8.183768,-2.884103,0
-1.7675018,18.1338,2
-5.521568,-6.867082,0
10.240577,-3.2627323,0
10.097118,15.274439,0
-4.80762,-9.673608,0
8.189208,-13.64076,10
4.171568,-2.0658631,10
4.072294,5.206479,0
6.058644,13.320046,0
8.916592,9.086579,0
-13.53291,4.204501,0
6.176906,-1.3137084,0
10.355599,4.086567,0
9.936804,3.586936,0
5.527169,2.9225762,0
11.084323,-4.6152716,0
7.08025,-5.691389,0
8.620032,5.2990074,0
-4.8907995,-9.825844,0
11.034385,6.1968884,0
2.7944546,-7.1709023,0
11.84774,-7.685731,0
8.583064,1.6000073,0
4.0498424,5.2163863,0
6.7468657,5.821468,0
-6.0666385,-5.7766967,0
21.016619,1.8699726,0
6.188571,-1.2841654,0
-0.8319871,-5.360455,0
3.5457497,14.408436,0
7.3395157,-6.229798,0
1.3499999,0.9882133,0
-2.49533,10.996465,0
6.468418,6.0886664,0
-9.415782,4.2697854,2
1.9953985,-7.0541296,0
-5.5504127,3.1665194,0
13.229445,14.012317,7
-9.41889,-9.352776,0
8.192051,-13.644192,10
19.303415,-5.157495,0
-0.29316604,5.78253,0
9.168974,13.255592,4
7.145413,-1.2671231,0
0.48942736,-1.70216,0
14.27561,8.082699,0
15.930671,0.7404749,0
5.1258545,9.286681,0
4.088041,3.698373,0
5.5115047,5.0267863,4
0.16215171,7.8010073,0
11.667938,10.248012,0
5.20341,14.117593,0
-0.60011774,-5.650832,0
-9.434258,8.488098,4
15.011675,10.14876,2
6.2374806,8.694775,0
8.392814,24.956585,10
8.255245,4.351979,0
-1.7166065,12.42187,0
17.059849,7.995031,2
0.32755598,-1.4641576,0
9.899748,3.4083438,0
7.6064844,-8.768034,10
8.201913,5.0643888,0
-1.7927208,-6.6415677,0
6.7036357,-2.809652,0
8.912974,2.3310032,3
9.038436,5.411764,0
6.307069,-6.137609,0
1.3400742,11.718162,0
6.3794107,4.72594,0
18.891356,5.916358,0
2.4878829,19.879818,0
0.9044168,17.20918,0
11.359523,-4.078964,0
8.1836195,4.648559,0
0.8268093,16.919147,0
5.2791495,5.134426,4
6.1690035,-5.995619,0
3.4919393,14.367371,0
-3.5074825,11.247578,0
-8.54873,-2.3388073,0
5.47806,26.72137,10
20.131344,2.3381686,0
12.761187,4.8460617,0
-5.9930954,-6.06397,0
0.16109489,7.802156,0
-1.2079406,4.5533032,0
11.110087,-4.5989766,0
5.433945,26.743607,10
-5.613491,-6.1537595,0
-4.182248,-5.978486,0
6.1023407,-2.054996,0
-6.650439,0.24397011,2
1.7936252,14.281169,4
-0.8582062,10.101583,0
-3.6626625,-2.6022959,0
4.0652466,16.42443,0
-1.202995,4.556057,0
5.552235,13.59997,0
5.9234595,20.261524,0
-3.6538582,-4.262216,0
19.360548,-5.216199,0
6.985769,6.9500046,0
0.98531514,17.320839,0
16.398312,6.186234,0
-4.1303806,-2.4364703,0
-4.5161314,-9.544444,0
19.37497,-5.2308125,0
19.234446,13.539966,0
11.100723,23.251947,2
4.003774,5.2540092,0
5.0232162,9.490256,0
15.261276,-11.760936,10
5.748443,4.528749,0
13.232288,14.00554,7
1.0871534,-1.2018791,0
12.921529,-2.465753,0
10.074221,3.6201704,0
6.205667,8.653751,0
9.23399,5.6048255,0
3.8514028,-12.661681,4
6.020449,-2.172192,0
-9.316318,8.360563,4
8.007438,10.22552,4
8.605757,4.6235414,0
12.711547,4.8892746,0
5.8969526,-2.0302052,0
9.723277,5.4361267,0
1.5530874,23.066475,2
1.213372,8.25398,0
-2.4204009,9.872022,0
5.742084,4.604862,0
10.266122,-5.939136,2
-4.15191,-2.8822684,0
0.9050498,-0.8005026,0
6.7018476,-1.0918359,0
-5.5453143,-6.853852,0
-0.1929998,9.460792,0
-8.213986,-2.8918035,0
8.93636,3.705906,0
-5.9519615,3.8782911,0
9.272814,3.6260595,0
5.2852936,14.185525,0
3.8903048,17.728367,0
-1.7871507,-11.549751,0
10.160337,-3.067767,0
6.5395374,15.198673,0
7.0918174,21.630367,0
6.88043,16.944359,0
14.292166,-5.629831,0
14.752863,6.6579933,0
-9.658359,8.191248,4
1.4029392,-1.3897403,0
6.1726727,-2.5463362,0
17.469015,15.214387,0
-0.28643817,5.7738676,0
10.708401,6.2244954,0
-5.361962,-10.4116125,0
5.7393837,13.647572,0
6.1723166,13.257037,0
19.696558,3.3622386,0
-4.447433,-2.8031702,0
15.962085,0.6687522,0
-1.9952146,-0.25776386,0
0.4445216,-7.472476,0
4.481827,-13.333171,4
5.585054,4.050124,0
3.970188,-12.747987,4
-8.515572,-2.4893892,0
-3.5402777,12.677972,0
10.260959,-5.9529934,2
11.277116,20.104362,0
4.606101,-13.825722,4
11.23812,19.679493,0
-2.0569286,4.5879135,0
6.9599676,-1.8581105,0
-7.0245786,-3.0574563,0
-2.9763546,-2.9362597,0
14.284115,16.785631,4
2.697063,10.187221,0
8.207864,4.4029703,0
8.05641,4.7376304,0
-3.6861389,-4.119782,0
-1.8026092,6.8185897,0
9.619078,4.8700867,0
14.432753,7.081189,0
9.959122,3.3386886,0
5.858539,13.631804,0
-5.563873,3.1806214,0
4.6608973,15.140283,0
-2.106116,-0.39154953,0
0.7222606,-1.7402194,0
-12.184212,-8.676661,0
0.5043271,0.44097233,0
-4.8689094,-6.2293963,0
8.572257,1.5991913,0
3.2477214,-6.572959,0
5.932516,3.043523,0
6.151042,13.6295395,0
9.38855,5.676011,0
8.543047,3.6428127,0
-4.69577,-2.1443558,0
2.7521737,-6.237696,0
1.364008,8.2111025,4
2.2400677,-6.4757776,0
13.434711,-3.0554545,0
5.2503624,13.988481,0
7.298708,20.34871,0
4.014391,5.2466745,0
5.820535,-2.5590491,0
6.4916472,-1.6989146,0
1.3721266,11.688756,0
7.014885,4.748188,0
2.9156919,10.32254,0
16.547712,6.2985344,0
0.39226794,-1.8403721,0
14.992535,10.136541,2
7.1431785,-1.4969904,0
15.816543,12.800312,7
6.1010585,13.167082,0
6.528255,-5.6550593,0
3.1800208,-6.462689,0
0.7907637,16.812828,0
-5.646938,-5.7061553,0
15.170429,-12.397622,10
-5.1739984,-5.53038,0
-4.997193,-5.327817,0
8.729018,4.8914566,0
-5.1112633,-6.216543,0
14.300222,-5.632482,0
20.72385,2.1321979,0
6.046512,-1.9299823,0
8.166077,5.0979934,0
16.13068,0.085302345,0
10.972807,6.1752114,0
5.9668226,13.643717,0
9.167702,3.050723,0
-6.737191,0.6685781,2
13.410396,13.9714155,4
11.65131,10.260539,0
12.004758,-7.8378267,0
16.620707,6.368315,0
-2.4427254,12.778293,0
19.968708,7.4716215,2
-1.348257,4.043115,0
-5.4297447,-5.6692076,0
1.8451235,9.046996,0
14.294689,-5.6301327,0
15.978435,0.60006446,0
9.833997,9.411766,0
2.6387932,-6.9669757,0
4.6858234,15.132149,0
-0.6953948,3.5511794,10
-0.870668,10.118279,0
10.309762,2.0367246,0
10.422148,15.65495,0
9.656507,4.9392757,0
10.484543,16.774069,0
8.921101,5.4681907,0
6.214549,4.1807747,0
4.8097134,-13.692549,4
12.888249,-2.425435,0
10.225069,-6.9429297,10
20.284729,3.5701222,0
11.310933,2.7614565,0
17.030483,8.029945,2
11.306197,2.7632146,0
0.9581281,0.11321634,0
6.5981026,-1.7676572,0
-4.929957,-9.918299,0
5.9210486,14.381504,0
9.984768,3.6214278,0
-0.9811574,-8.671627,0
-0.21919923,9.493551,0
-5.820742,-5.9626245,0
5.8424487,7.2745967,4
2.1038299,23.254583,2
5.57156,5.0149693,4
1.8292041,9.007414,0
-5.9949903,-6.0429826,0
-4.8134074,-4.859031,0
10.797403,5.7761254,0
10.810177,17.311525,0
-9.196148,-6.347963,0
8.925927,4.9176297,0
11.024268,5.9681153,0
6.850496,7.0193987,0
-0.5495231,-5.68639,0
20.72077,2.135174,0
12.017585,5.040667,0
15.922725,0.747025,0
-2.1337326,10.72977,0
-5.0696716,-5.419982,0
1.8079598,14.285107,4
10.966041,2.9189878,0
14.382585,-0.6583443,0
6.270685,13.0523205,0
5.7806616,13.91497,0
12.834976,-2.413099,0
4.016689,3.7945356,0
17.438274,9.559647,0
9.60557,3.1241353,3
9.877311,16.590843,0
-5.2589746,-5.531937,0
-1.0775362,-5.073274,0
-1.3744466,4.2369514,0
3.5835242,16.874914,0
10.240451,15.909052,0
1.6238223,-6.7176204,0
9.713853,9.347699,0
-3.783343,11.506921,0
7.185173,-6.3082795,0
9.8143,3.2842395,0
7.569335,-5.8189807,0
13.354232,14.061591,4
-5.567719,-6.065845,0
-4.0701704,-4.9797397,0
21.017817,1.8699256,0
-6.401924,8.279223,0
-0.16731553,5.640278,0
13.487281,-0.45354292,0
9.801076,9.337271,0
-3.4595063,-2.6352916,0
-6.6886883,8.573161,0
6.264588,13.055391,0
1.1017778,0.856576,0
-4.1434364,-6.0284667,0
0.23167312,7.7251477,0
16.799973,9.470894,0
2.020084,9.876303,0
15.548793,1.3554747,4
7.364843,-6.1698813,0
6.8489237,18.745657,0
6.062031,-1.6243762,0
-6.5544405,6.278605,4
6.5027294,-5.6974716,0
14.300618,-5.6327267,0
19.085718,-4.930171,0
-1.3989291,14.525543,0
8.694145,1.8342813,0
-6.7376676,0.7063946,2
10.776508,5.757094,0
-2.705954,-9.223411,0
5.3030314,5.1196947,4
18.951355,0.08894189,0
-5.1570315,-10.18523,0
6.975114,3.6557658,0
-6.4327636,8.311876,0
9.4002695,4.941382,0
13.386348,25.296669,0
5.8951473,7.192363,0
-5.5561414,3.1367128,0
7.173344,4.78849,0
15.960849,0.6837915,0
10.129161,5.8335466,0
9.003839,4.998368,0
-4.4992237,-9.519656,0
14.298134,-5.632173,0
3.9930007,3.8788035,0
2.6118927,-7.039272,0
9.019355,3.7662606,0
8.54071,1.5660161,0
0.47827083,0.40484035,0
6.539932,15.197872,0
1.2961459,-1.4356444,0
6.505029,-2.7628891,0
-1.9083829,3.429497,10
-5.061692,-5.6960936,0
19.455349,-5.3130813,0
0.58090144,-1.6281108,0
14.136016,-0.9100296,0
14.383005,-0.65803117,0
2.779461,-6.2717147,0
1.8150995,14.288811,4
9.373797,5.6626487,0
10.682797,6.2953515,0
20.37286,7.1840115,2
10.413632,15.5913515,0
3.7163112,16.798347,0
-0.8559341,-5.3347197,0
2.6880476,10.194379,0
17.572857,-2.0941164,4
1.4371554,22.979563,2
8.1658745,-13.61485,10
6.197399,3.8771625,0
10.917721,3.1310897,0
-3.402663,12.869956,0
12.003529,-7.8365626,0
9.381717,3.031254,0
10.699453,16.959661,0
5.2908134,13.650929,0
7.0256505,-2.396095,0
-4.4755363,-2.350035,0
5.365528,13.755594,0
9.177049,2.973658,0
11.744512,-6.676325,10
-0.14502236,9.735117,0
-1.9109209,-0.1478243,0
-3.7454002,-4.2184253,0
20.28627,3.5676157,0
6.2649837,13.053026,0
-4.0492835,-2.4375496,0
19.01981,3.3749473,0
23.08658,5.034787,0
8.9942255,3.3634722,0
6.048704,1.970831,0
9.835225,16.327965,0
-8.928869,13.783746,0
7.071813,7.107176,0
-3.7500339,11.947105,0
13.421679,13.969825,4
11.792871,-6.640986,10
5.467046,26.724705,10
4.7713423,-13.147555,4
8.365301,4.602601,0
-9.272414,4.4305453,2
-1.2114381,-8.96574,0
17.442856,9.559511,0
-6.5892487,6.269261,4
-8.965208,13.811358,0
7.1401854,-2.274791,0
-5.5215096,-5.2795715,0
0.60600775,-0.7844333,0
19.982756,7.461742,2
11.150022,-4.0654044,0
1.7209874,-1.014827,0
-4.3078694,-5.8513956,0
-9.659566,8.19666,4
-0.78817606,10.057868,0
-3.6647937,-4.256727,0
8.701317,5.259781,0
7.6511893,-10.21371,10
9.153213,13.298373,4
1.5828987,-6.627243,0
8.878852,4.8666353,0
0.8270402,8.117728,0
1.3473958,11.711691,0
0.6998766,-1.7148155,0
6.029255,-2.1165335,0
9.278838,9.191888,0
7.5934877,-8.753051,10
6.4386396,5.288893,0
-8.509449,-2.2011135,0
14.299912,-5.632774,0
-2.9646676,-2.9479876,0
6.8511415,6.1568885,0
-5.374809,-10.425606,0
3.072757,-7.403045,0
10.21348,-6.955399,10
20.558594,10.42242,0
9.92921,5.565978,0
-6.791312,13.161963,0
7.0922647,7.1034675,0
4.0526752,16.450207,0
22.210217,7.640725,0
10.376599,16.072079,0
6.6070814,-1.9539506,0
-5.808956,-5.594084,0
3.20747,-6.842886,0
6.2031794,5.3695345,0
11.123243,-4.5758896,0
17.885891,9.4564,0
10.162443,15.235987,0
6.4049706,-1.1880963,0
-6.48501,6.3575244,4
0.7188741,-1.5900875,0
4.8538227,-13.731936,4
13.304032,14.442962,0
9.74934,2.9904485,0
16.133162,-0.12316415,0
5.614773,13.523559,0
1.719263,-6.1058025,0
4.978484,9.530258,0
-2.8136468,1.7672764,0
3.4261265,14.409267,0
6.4601917,4.659081,0
-6.914393,13.080855,0
3.9836066,-12.7500725,4
-4.175318,-2.4153862,0
0.24587171,7.7249584,0
5.537947,2.9276354,0
5.7718773,5.624916,0
6.170431,-1.9111769,0
6.296216,14.014311,0
6.083899,5.098737,0
11.028805,6.192069,0
9.151313,13.28864,4
10.097717,16.076933,0
6.8595014,4.4124503,0
-8.125911,-2.665821,0
6.589622,-1.8712847,0
-3.3741558,2.487689,0
7.2439294,3.702542,0
-0.78632,-5.4128494,0
6.6242447,4.7348957,0
2.0130637,9.121094,0
1.9724295,8.568467,0
8.243495,4.2302866,0
7.120796,4.4706287,0
0.027675295,-0.77257806,0
15.0297575,10.160954,2
16.13288,-0.5115067,0
17.835,9.831695,0
17.493738,-2.0141869,4
1.6336905,7.6463203,0
-5.5316863,-6.8703403,0
5.9408464,3.0218315,0
9.029525,4.6707087,0
-9.5138,8.628256,4
-1.677706,-13.776863,0
1.5741227,23.076958,2
7.074138,-2.6584554,0
10.026144,16.140326,0
12.040635,-7.875162,0
6.7354813,4.4265294,0
20.721909,2.1350963,0
-14.034839,6.7559037,0
4.0394955,17.8048,0
1.1607037,-0.9310624,0
4.9833474,9.527084,0
9.96939,2.5461276,0
-8.114166,-2.4548998,0
7.155388,-1.3348894,0
1.7829492,-1.0721462,0
-5.0713344,-5.5247216,0
-2.6628573,-9.408777,0
6.868624,6.136344,0
6.863363,18.759548,0
2.0504282,9.067003,0
-5.600536,-5.7362847,0
8.823142,9.09841,0
10.713053,17.232304,0
9.774468,3.7951508,0
10.535371,16.606222,0
10.292414,3.4263957,0
14.750903,6.660113,0
14.289794,-5.6269584,0
-0.20658967,5.6998706,0
9.013196,5.502065,0
10.521158,15.928034,0
17.055946,8.003036,2
5.784371,5.049331,0
-0.13247436,9.70106,0
1.3053269,0.96931416,0
9.162257,2.8274286,0
15.132066,10.262928,2
11.241099,-4.3314843,0
5.5375266,26.664433,10
-2.218123,12.543061,0
8.920679,4.932779,0
-3.568276,17.16527,2
9.26464,9.173534,0
4.011276,-3.922319,0
10.842888,-4.04764,0
22.199871,-1.9052515,0
9.374073,5.672636,0
7.7117543,-10.27193,10
4.828963,-13.629756,4
5.322556,4.118738,0
12.646096,14.973073,0
11.927281,5.0663643,0
-6.5980973,6.3102775,4
10.257319,15.210376,0
7.3305664,-2.2772827,0
0.6978703,0.57355326,0
5.631338,5.060172,4
2.7913167,-17.530434,0
10.004338,16.18183,0
-3.6426723,-2.5367537,0
10.514756,15.94178,0
-3.1972141,13.017315,0
12.469684,-0.9418682,0
6.475028,4.699269,0
6.159081,2.5756433,0
0.61276656,0.53615355,0
1.8879367,9.73994,0
8.724647,5.093795,0
6.387361,5.305765,0
-6.702428,8.585148,0
11.936878,-13.830119,0
-0.6026263,-5.641476,0
-1.3763022,14.543205,0
-10.744049,-5.2321444,0
-1.8025419,6.8184943,0
5.4623175,26.735415,10
0.9362553,17.232368,0
6.2435665,4.2514806,0
10.71148,16.858297,0
11.223005,-4.4027677,0
20.151789,2.351065,0
4.8045616,-13.705252,4
8.469185,10.46482,2
-4.803945,-9.724956,0
4.6426754,15.155755,0
1.3309888,14.161834,4
-8.121938,-2.734423,0
9.861326,3.4842565,0
5.4900527,4.0026073,0
0.2332184,7.7261553,0
-8.537297,-2.4151623,0
6.242614,8.7033,0
0.7671557,-0.027219689,0
7.0578594,-5.774447,0
3.0387912,-7.3844304,0
-2.0169365,4.5563817,0
3.9920647,3.8172555,0
0.9328563,0.062090933,0
19.660501,3.342877,0
7.5414944,3.8232186,0
8.484307,10.457888,2
6.3128176,4.2220416,0
-6.6675167,8.55255,0
-3.371978,2.4874177,0
13.231027,14.301585,0
6.8726397,18.768621,0
5.1920524,3.8096511,0
-5.9402275,3.8687387,0
15.954367,0.67928857,0
15.569593,1.323298,0
10.699487,16.764235,0
16.573948,6.322949,0
-13.618844,4.1186943,14
9.180042,3.0013313,0
10.839768,3.5470679,0
-6.7994933,13.145107,0
-4.1385074,-5.0765753,0
-4.0456038,-2.8445747,0
-5.5954127,-6.3019423,0
13.94242,-1.1264646,0
8.696811,1.8493446,0
15.552197,1.3479797,0
5.7659955,4.2296185,0
19.207392,-3.1088357,0
6.219912,-6.012289,0
10.206734,18.621517,0
20.129675,2.345211,0
10.274527,15.14825,0
8.033335,-10.538153,10
10.017179,2.781441,0
6.030011,1.9164046,0
-0.92463,-5.245438,0
4.0742035,-3.9873369,0
0.21036793,-0.6018733,0
10.063324,16.150225,0
-2.2375233,12.574972,0
23.47096,0.8398773,0
-2.5588543,11.039519,0
-4.324146,-6.137344,0
8.773751,5.441158,0
10.909949,2.934412,0
14.303244,16.812193,4
6.8668113,7.0084515,0
0.67077935,-1.789029,0
7.6648207,-9.951692,10
12.994533,14.656598,4
8.796296,5.4462237,0
-3.6689925,12.233295,0
5.057596,14.712521,0
4.023317,17.831087,0
6.8853555,16.943039,0
-12.184226,-8.676663,0
9.129783,5.149256,0
-0.4992966,9.895167,0
10.225802,-6.945485,10
-5.518969,3.2121043,0
-1.7960534,-6.645432,0
5.459077,3.0929987,0
-4.862333,-9.6261,0
-0.59114105,-5.7076473,0
-1.2156304,-8.996639,0
9.916693,5.572674,0
-13.571115,4.166528,0
-8.972713,13.8330765,0
2.892774,-6.294421,0
3.0693676,-7.4115596,0
15.198319,-12.429716,10
-2.7542462,12.999419,0
-13.387829,4.348863,0
14.757473,6.651624,0
20.483385,7.0925555,2
8.645652,1.7111386,0
-1.0565333,-8.633642,0
0.9498544,0.4108319,0
9.000747,3.453844,0
-9.110047,7.898872,4
7.0562563,4.7490263,0
10.377864,6.0121207,0
6.981619,3.4749904,0
4.15013,3.5824165,0
-4.982597,-5.3171883,0
-1.7703894,18.138756,2
-3.9095366,-3.6366415,0
9.586897,11.59972,0
1.218242,14.104693,4
-5.5294714,-6.8752656,0
0.6498411,0.54974866,0
8.8286915,9.088955,0
1.5307375,23.035244,2
9.115784,3.3363843,0
1.550156,23.060831,2
9.870639,3.5319421,0
1.6048325,-6.102782,0
8.817489,3.6313589,0
5.997015,2.9347396,0
17.677969,6.223611,0
4.9771266,9.532409,0
16.66775,6.41141,0
-5.656472,3.2998393,0
1.0188013,-0.84282494,0
-11.102666,-5.097453,0
-11.04423,-5.076984,5
16.129725,-0.09276329,0
3.2317653,-6.7710633,0
7.7230153,5.280342,0
5.7644773,4.675444,0
8.992324,3.4502187,0
8.982388,3.7980227,0
3.8515136,-12.655969,4
8.357161,24.992697,10
-3.39631,2.538092,0
4.2019725,14.949777,0
-5.4840374,-10.537923,0
-9.669729,8.206943,4
5.1728005,14.321897,0
9.593583,4.895065,0
3.8219438,-12.642202,4
6.22138,8.682531,0
-2.3795965,10.998665,0
6.503524,4.870943,0
10.365353,15.412405,0
9.258371,3.568434,0
10.675479,6.2918344,0
5.0559363,9.460464,0
22.826376,0.58198774,0
-4.119364,-2.886288,0
5.4036016,3.0189233,0
0.8560177,8.1299925,0
8.846063,5.488121,0
7.063247,2.961527,0
4.549029,-13.615976,4
18.924448,0.13117614,0
9.284158,3.084799,0
7.0743113,-1.9726062,0
7.173015,-1.6632192,0
1.4295592,19.489239,0
-0.24237408,9.794118,0
-2.8398845,-2.9783053,0
0.40391067,-1.8745649,0
6.9594917,6.908322,0
15.132411,4.149846,0
5.8371916,7.26532,0
3.8286862,16.761068,0
9.642392,11.624295,0
-3.7288015,11.951387,0
10.198574,4.1466594,0
-4.849034,-9.620051,0
9.148191,13.287153,4
2.223457,-6.1876082,0
-8.703641,-1.9995183,0
1.3506708,0.9950261,0
10.933048,2.934338,0
9.7531,5.0168104,0
-3.3362527,2.450472,0
1.340484,11.715955,0
4.0421133,-12.805219,4
16.597847,6.3435774,0
-1.380253,14.534672,0
-9.420989,4.2650805,2
-2.5329008,12.860883,0
10.831425,5.861823,0
-5.7280884,-16.44288,0
10.105693,3.6395328,0
20.5579,10.422042,0
15.170594,-12.397685,10
-2.7024837,-9.228136,0
13.193718,17.849878,0
6.489375,-2.5292184,0
9.8540745,9.402636,0
-10.758713,-5.298053,3
-4.6962023,-2.1397321,0
1.4680026,-0.334339,0
5.753332,5.8369784,0
6.110663,4.606969,0
-3.625512,17.212395,2
19.025553,3.3823562,0
-2.5169907,12.847528,0
4.151038,3.5967267,0
-0.5463967,-5.720951,0
11.744536,-6.6800737,10
11.289227,20.115154,0
22.822645,0.5821732,0
3.7868054,3.611124,0
8.572638,5.265779,0
7.5946207,-10.094696,10
-9.786739,0.96658605,0
10.174992,-6.057459,2
8.923907,5.4340143,0
5.152077,14.168883,0
-6.4663286,8.341275,0
-3.8505979,-3.7806191,0
-7.505642,-2.5746834,0
2.3247974,-6.308531,0
5.1705837,3.8236227,0
8.466924,10.464058,2
10.698836,17.261126,0
10.888031,17.401709,0
-11.127369,-1.9877626,0
7.294421,3.6343207,0
0.4468293,-7.470465,0
12.576886,4.9171133,0
6.168177,-5.9987903,0
-3.687926,-4.1504116,0
-4.8539596,-4.9754233,0
11.235985,19.687578,0
19.102518,-4.948765,0
11.0835285,23.235426,2
6.680389,4.5423403,0
1.2913226,-12.158445,6
12.925946,4.701376,0
-6.618398,8.501185,0
-5.1605487,-10.188155,0
5.149575,14.0248,0
-3.5473065,11.239062,0
22.524868,0.6286396,0
-1.7892132,12.441324,0
-2.107052,10.760624,0
16.12066,0.08722546,0
2.074294,9.015812,0
9.772828,5.005842,0
5.0286336,15.132956,0
-4.931974,-6.146193,0
7.3030477,20.329475,0
11.001032,-3.902086,0
9.469338,-3.1539083,0
1.8697318,9.395153,0
6.031655,-2.5591938,0
14.757485,6.651791,0
18.88554,5.9193907,0
-4.8617773,-5.6274056,0
0.9777739,-1.6258576,0
1.4976165,-0.27734503,0
10.132921,18.696821,0
0.49442568,0.41389504,0
6.2380867,8.699673,0
10.46109,15.640542,0
-3.4783542,17.095596,2
14.759213,6.6488104,0
13.015927,14.628287,0
-1.0670961,-5.0845923,0
0.936573,17.265251,0
1.6916744,-6.145038,0
0.67662555,-1.7309517,0
6.0045376,3.3726828,0
-4.345682,-5.9187026,0
9.772799,9.006173,0
17.027086,9.518991,0
6.1974926,5.373963,0
6.3805637,5.2129893,0
6.976334,3.5140162,0
18.868011,5.928839,0
9.849361,16.406599,0
10.25736,15.152591,0
8.888038,3.6770105,0
-6.549508,8.429643,0
10.320471,2.0326197,0
4.2321577,14.950937,0
10.174682,18.65536,0
13.418301,13.929783,4
-6.4913797,0.033862803,2
14.266011,7.112819,0
13.708747,8.321961,0
14.213192,7.5325556,0
9.98217,2.517873,0
-2.994283,-3.0186756,0
-5.179177,-10.209328,0
10.850818,3.5923383,0
1.2746091,-1.4090594,0
0.97676384,0.75153327,0
12.984583,14.673861,0
-2.1643224,12.453196,0
6.5476193,15.201785,0
5.1028295,9.413401,0
-5.790876,3.6084685,0
6.996048,-1.7804264,0
0.74291563,8.073604,0
6.267966,5.1413746,0
-2.821659,13.018481,0
4.059479,17.830414,0
1.5892313,-6.65043,0
8.807393,5.5183563,0
8.200124,4.3067956,0
11.84531,-6.591037,10
12.48916,-0.94266015,0
13.056275,14.576261,0
10.61567,16.345613,0
10.161619,15.512377,0
2.2971115,10.038335,0
9.716613,5.4349103,0
6.994423,-1.786788,0
5.3976374,3.0179896,0
16.56053,6.3124337,0
16.071928,0.25525537,0
3.992627,3.867795,0
5.5089774,2.9197521,0
20.496004,7.083353,2
-13.439145,4.2978687,0
13.112609,-2.6825404,0
0.16556671,7.790524,0
18.884018,5.9202623,0
4.3492255,-13.845044,4
-4.2328024,-6.1545105,0
6.949012,-5.640268,0
9.826809,3.5111642,0
-9.385188,8.380709,4
8.615665,3.6262012,0
12.011308,-7.844607,0
-6.203303,15.380457,0
20.558048,16.534628,0
12.46513,-0.9729972,0
5.9228134,20.26253,0
23.45521,0.81871,0
6.179224,-1.3108904,0
10.268193,18.557713,0
8.267461,4.4613876,0
13.130452,14.4480095,0
10.085666,3.6372151,0
11.871168,-13.890967,0
6.302716,5.1880155,0
2.0460463,9.104368,0
17.600035,-2.1218524,4
8.933562,2.3323572,3
-4.4465218,-2.791328,0
8.0416765,4.3358335,0
8.392636,24.956749,10
-0.815578,-5.385526,0
6.051437,13.247975,0
4.7688255,-13.76261,4
9.943852,11.877398,0
6.5658793,-1.935951,0
14.103314,8.216674,0
6.9117255,16.91988,0
14.45122,16.956194,4
14.773279,6.641309,0
8.395515,24.953972,10
-0.26992983,9.515965,0
8.869329,5.1085453,0
1.9938737,8.603164,0
5.316213,13.699029,0
0.2232782,7.7274313,0
9.00918,3.404974,0
16.878885,9.49523,0
-3.656871,11.393485,0
6.2337236,13.10208,0
9.53481,3.0777047,0
7.0919013,21.629974,0
2.3026626,10.038469,0
11.283145,2.7740922,0
2.7913158,-17.530487,5
-1.0664854,-5.0847273,0
5.1676354,14.21197,0
14.0479555,-1.015982,0
-8.62344,-13.376873,0
9.274498,9.177047,0
11.237625,19.677017,0
-5.3506,-10.399307,0
-0.81941277,10.078903,0
15.138586,4.1471806,0
10.66065,6.252965,0
6.398648,4.6830363,4
1.9716506,-7.0536547,0
-5.5538173,-6.82214,0
-6.843521,13.191217,0
17.680172,6.1944447,0
-6.544926,6.287067,4
-5.0994153,-6.177486,0
22.210075,7.640832,0
6.4520955,4.58473,0
0.75936055,-0.059461076,0
2.9241767,-6.308606,0
-9.789334,0.96482044,0
13.425466,13.9555025,4
-9.320226,8.384433,4
6.3130145,14.012426,0
17.483955,15.229354,0
20.728065,2.1118631,0
6.384325,6.6957674,0
-4.576358,-2.4267204,0
7.5433807,3.684855,0
5.0512323,15.150312,0
6.5265822,4.7064595,0
1.8168123,9.478622,0
-5.203932,-5.516801,0
5.8358703,7.266965,1
-4.7974386,-9.730997,0
17.670805,9.397746,0
15.990275,0.5710086,0
11.390507,-4.049132,0
5.403976,2.995328,0
-8.98482,13.823833,0
-1.7237456,12.423085,0
13.192869,17.85474,0
-11.985175,6.4728694,0
6.1939297,-1.3884305,0
8.902635,-8.202289,10
10.135965,15.931923,0
3.862191,17.674911,0
5.1312366,3.7716541,0
0.2564244,-0.6080624,0
8.678897,1.8147932,0
8.898233,12.805531,4
20.49173,7.0885196,2
9.802063,3.5614948,0
9.763042,5.0067186,0
10.012105,16.868128,0
3.570357,16.901554,0
3.1776185,-6.610791,0
14.973144,10.0852375,2
6.792312,18.684525,0
-3.511303,11.213901,0
9.011956,5.383112,0
9.883857,3.5396736,0
18.93244,0.12055468,0
11.901176,-13.862743,0
4.7505183,-13.710312,4
-5.6078005,-6.037585,0
4.0733275,-3.9870753,0
-1.3826301,14.54295,0
7.338039,-6.2212553,0
5.853852,7.247667,0
0.10868909,-1.140936,0
-0.1832994,5.662472,0
9.977144,9.566387,0
-12.854966,9.795372,0
17.92508,9.77672,0
1.6115218,-6.0951285,0
-2.6369188,12.93991,0
-5.6616073,-6.2463045,0
17.93742,9.770582,0
-9.557073,8.740397,4
9.863422,16.523083,0
13.930603,-1.0808905,0
15.049474,-12.192246,10
9.010979,3.4080946,0
2.876392,-6.3795104,0
6.350881,-1.9448757,0
5.428869,5.0979133,4
8.107956,5.2048707,0
-6.191947,15.368768,0
14.229589,8.132069,0
10.432995,17.027197,0
-1.7858254,3.5612192,10
4.0532355,5.2184553,0
9.439436,2.9575965,0
-4.787903,14.5156975,0
-2.5640852,-10.1266775,0
11.507938,-3.9761481,0
-12.005452,6.4559913,0
11.034097,23.189945,2
5.104837,3.7677274,0
1.5533872,23.061985,2
17.042614,8.002805,2
1.166349,-1.4271337,0
6.8584895,18.755116,0
0.4465597,-7.4701896,0
3.768761,16.77626,0
-9.348479,8.377866,4
2.0701091,-6.3476186,0
-5.983609,-5.8495855,0
8.374151,-13.838975,10
7.3069253,-6.247744,0
14.504181,17.00775,4
-11.136011,-5.122927,0
9.781221,8.970851,0
10.080763,3.6774657,0
9.399388,5.6871433,0
-9.668121,8.205247,4
-9.310167,8.373699,4
-1.3982447,3.971866,10
5.234148,3.876793,0
14.269691,7.1118937,0
7.593863,-10.1259575,10
4.44692,-13.856698,4
15.18103,-12.410796,10
9.459656,-3.1478689,0
9.69138,3.2475696,0
18.898666,5.9085355,0
-1.2449292,4.489035,0
12.821304,-2.4055407,0
14.308546,7.652659,0
11.035738,23.197912,2
19.579756,3.7532613,0
3.875366,16.671236,0
5.248201,4.069768,0
-2.8190112,13.024174,0
3.2671719,-6.618891,0
-5.6766424,-5.9905767,0
-7.033545,-3.0463533,0
5.368533,3.0328813,0
10.723263,6.1610866,0
-1.7462461,-13.704894,0
7.14666,3.573172,0
10.875172,5.9666038,0
7.3853335,-1.3908654,0
-8.570462,-2.427952,0
-8.177478,-2.7739642,0
6.2134647,-6.0343122,0
-2.8003361,1.6737658,0
6.710291,-6.388506,0
19.59849,4.224673,0
9.8632555,16.53913,0
5.198133,4.054447,0
-0.8972369,3.7048004,10
7.569201,4.1163144,0
14.169286,8.190393,0
1.8517182,14.296709,4
6.140143,2.5246453,0
9.3438835,-2.884326,2
13.233099,14.032359,7
6.183796,13.581375,0
3.8646066,5.4080195,0
9.213225,3.6610818,0
10.159518,5.663722,0
2.0911543,9.002157,0
13.118459,-2.6888716,0
16.005564,0.50623155,0
-5.9385657,3.8647914,0
11.233176,20.04566,0
19.255175,-5.107641,0
6.1771073,8.631668,0
-3.5022378,11.199893,0
8.159745,-13.608342,10
-5.049294,-5.728797,0
3.5992632,16.89049,0
-1.7325746,12.410075,0
10.112022,15.259623,0
8.917015,3.4643266,0
6.898534,4.6680465,0
8.457705,-13.929314,10
3.9306276,17.732838,0
2.5254705,19.915485,0
19.598827,4.2244678,0
15.291852,10.372237,2
5.4225817,26.6812,10
6.3618636,4.310552,0
-8.87615,13.720644,0
1.8830328,8.813812,0
-6.6815486,0.2796754,2
17.454931,15.200305,0
1.8566326,9.710893,0
10.860209,5.9113355,0
-2.5602114,12.87823,0
13.50075,-0.4095603,0
23.495642,0.83188987,0
14.757648,6.65143,0
9.350745,5.6766844,0
5.37631,13.462242,0
11.937313,-13.829787,0
1.0503252,0.8122,0
8.374446,5.5905833,0
6.778678,18.671457,0
3.7272437,16.789585,0
1.0890422,-1.3765855,0
-0.8357755,3.6565452,10
14.978716,9.829561,2
1.6416382,8.959611,0
9.874375,9.429352,0
-2.8680816,-15.314266,0
-4.1477957,-6.174415,0
-0.5895079,-5.661525,0
6.763171,4.5584383,0
7.6561036,3.655551,0
5.5016494,2.9361222,0
2.390195,19.787037,0
18.882591,0.17387104,0
-2.5516205,9.625686,0
1.9358914,-6.9905405,0
0.17124535,7.792993,0
-10.651726,-4.7857604,0
5.993244,-2.5269182,0
-9.320832,8.368478,4
9.738091,3.4189172,0
-1.3780074,14.547618,0
-4.220946,-2.7595427,0
13.115795,-2.6795402,0
1.7414042,9.004906,0
7.70227,-9.873276,10
-9.267291,4.4365993,2
6.712654,-2.7994716,0
6.020375,13.438838,0
-8.509069,-2.286306,0
6.877181,4.7348127,0
10.772015,17.284035,0
6.4155817,-1.1734828,0
5.3010807,5.1156654,4
-7.8947473,-2.6574872,0
14.281016,-5.624049,0
6.377818,5.096005,0
8.733624,2.1981244,0
11.684157,10.233023,0
-5.888691,-5.7303553,0
0.71873766,8.053283,0
8.989546,4.6862826,0
20.488508,7.089611,2
20.130531,2.350835,0
18.884562,0.16636312,0
7.297084,4.8835196,0
15.277198,10.399803,2
-5.537977,-5.2943187,0
17.940968,9.763021,0
9.823337,9.379161,0
8.808922,4.8514304,0
6.2744913,3.127744,0
19.433384,-5.2905188,0
6.179524,5.3749804,0
-0.56741565,-5.7042255,0
-12.18422,-8.676729,0
-2.9278698,-2.9103787,0
15.12061,4.165497,0
-1.1022408,-8.738158,0
6.138064,13.808026,0
-2.6987786,-9.235676,0
-5.5613594,-5.384149,0
-5.506422,-6.379381,0
9.862627,9.382518,0
20.732126,2.1407537,0
-8.997708,13.82709,0
0.78753734,16.80232,0
1.4935143,-0.17299367,0
7.558696,3.6801171,0
9.751267,5.029044,0
6.880772,18.777882,0
1.7874889,-6.219903,0
6.74602,4.6612873,0
9.804127,3.4112363,0
13.419135,14.561486,0
5.645986,13.553137,0
-8.533719,-2.3258586,0
11.932344,-13.833895,0
2.3219314,10.039839,0
0.8172227,16.848482,0
4.477682,15.293652,0
1.4304998,19.489574,0
6.453141,5.2241163,0
-12.860208,9.801027,0
1.8617378,9.424129,0
-6.8867044,13.106757,0
-1.2384666,-8.687477,0
-5.4696813,-10.524905,0
-0.6405199,-5.59805,0
14.549137,17.053698,4
-5.744791,3.506049,0
-4.5087028,-9.538406,0
9.464534,-3.137659,0
12.040652,-7.8743668,0
-8.97149,13.827795,0
11.114068,2.911354,0
9.284717,4.9382877,0
20.696281,2.1116135,0
-3.6696017,-2.5676963,0
17.642925,-2.1643589,4
6.941267,6.9841614,0
-2.6170158,-9.68863,0
-0.16185082,9.373051,0
8.824536,9.085827,0
20.723026,2.1347992,0
12.99287,15.113726,0
-0.96352607,-8.674525,0
7.079544,7.1164355,0
-13.37343,4.363244,0
4.5465837,-13.386552,4
19.314737,-5.169339,0
17.031298,9.519904,0
0.6454105,0.5458901,0
12.99323,15.113861,0
16.39459,6.1732273,0
10.15066,18.678272,0
7.237129,-6.2867455,0
15.011047,10.128233,2
-4.1278205,-5.094213,0
18.516994,4.260976,0
-10.75353,-5.2883086,3
-2.868,-15.31414,0
-2.6043892,-9.813967,0
8.593088,4.692466,0
9.124731,5.188568,0
9.785074,3.3074412,0
-4.8675966,-9.610538,0
3.877147,16.671854,0
5.8502135,13.2144375,0
10.078594,15.463658,0
1.6018773,-6.0901685,0
15.909923,0.76995575,0
-0.553255,-5.671918,0
9.460761,-3.14472,0
-6.5596714,6.2839074,4
10.915391,17.3795,0
6.833146,-1.1055285,0
9.759282,5.0166163,0
0.91730016,17.203539,0
10.834018,5.9505167,0
-3.4027987,2.4698691,0
7.4545846,-1.4377624,0
3.5048087,14.330472,0
17.488222,-2.0083454,4
8.791934,2.2519658,0
-1.8503003,4.4606633,0
5.3082895,4.1118636,0
6.50035,6.000747,0
17.313087,9.546901,0
10.986532,-3.836994,0
10.734848,6.2540836,0
3.8949122,17.708292,0
-5.7343097,3.5028698,0
6.3169007,3.2036133,0
12.95119,4.6772923,0
-5.258101,-10.288771,0
-5.3900294,-10.441819,0
-6.0818615,-5.810737,0
-8.040197,-2.5251734,0
2.0844457,23.269047,2
10.066928,5.820752,0
9.137221,3.0043256,0
-7.9270434,-2.6424367,0
3.6220648,14.462601,0
-3.4288962,11.139305,0
1.3408585,0.98798114,0
5.9080973,13.263843,0
6.8836937,3.2086742,0
18.843832,0.21982546,0
3.8440614,5.385727,0
13.482661,-0.44526953,0
14.175384,-0.87092286,0
13.675568,-0.3356782,0
6.874893,4.7500725,0
12.928224,-2.4717424,0
11.814238,-7.653373,0
-1.637778,-13.816053,0
1.92054,-6.642426,0
7.0848804,7.0867686,0
14.473121,16.9769,4
4.7797284,-13.131358,4
6.007165,3.3735743,0
8.722065,5.0743237,0
6.55699,3.4242442,0
-1.0457965,-5.108012,0
3.8428967,5.3844476,0
6.328928,3.2292109,0
6.4223256,5.2242484,0
1.9628454,9.827873,0
8.59601,1.6149025,0
16.075964,0.25591546,0
6.8709383,18.768282,0
7.2424927,-5.7567544,0
16.457228,6.224311,0
-4.5460806,-2.5519612,0
-5.781842,3.592034,0
3.839338,5.3935213,0
7.6187315,-10.179101,10
1.9524747,-7.0370717,0
11.375096,3.1565697,0
4.825075,-13.731261,4
6.504598,-1.9015442,0
10.250272,15.164026,0
-6.5500307,6.2830276,4
5.2758155,4.1048207,0
10.738552,-4.050927,0
-0.6866565,3.5440168,10
13.268454,14.408318,0
-4.5585647,-2.3407035,0
13.192957,17.849394,0
20.484947,7.0938635,2
-0.8307524,10.0883045,0
1.9989543,-6.145517,0
9.723215,5.605527,0
-8.916424,13.769884,0
18.171247,4.0469284,0
1.4307325,19.490797,0
3.5854464,16.892786,0
8.385537,-13.851065,10
7.126338,5.663777,0
6.276462,14.052534,0
11.808231,-7.649212,0
6.5387106,17.071424,0
-11.124079,-5.1059523,0
5.9319735,20.251965,0
14.324302,16.825094,4
6.5187335,-2.7719119,0
9.911032,3.7732308,0
14.376648,7.1280828,0
6.0005794,13.207738,0
4.9959354,9.516218,0
3.470509,14.318278,0
7.012173,2.915811,0
12.892222,-2.4427981,0
15.658085,9.686966,2
6.503704,4.9524717,0
-1.0733361,-8.725312,0
9.777327,8.985926,0
3.7866204,3.6149378,0
6.283694,3.3275242,0
20.559063,10.422749,0
-5.730196,-16.446953,0
5.8448415,14.0324,0
9.291704,9.18128,0
8.474389,-13.946687,10
0.8433142,8.124748,0
17.720121,9.553607,0
9.530427,4.509614,0
-9.641629,8.191137,4
0.16020784,7.8004007,0
0.4440383,-7.4719577,0
-6.672645,0.26399088,2
10.609046,16.438972,0
-13.383175,4.353497,0
9.48175,3.03086,0
6.9160314,3.3605216,0
22.210241,-1.9087458,0
5.3748145,5.182034,4
10.634072,16.367542,0
-1.8483714,-11.614325,0
-6.6940103,0.29020488,2
-2.2372267,12.576393,0
10.662703,6.2496424,0
17.575317,-2.0967457,4
4.1749015,3.6181445,0
10.429552,16.611036,0
9.465294,-3.1518383,0
1.0726056,-0.8903778,0
4.0590897,5.2096562,0
17.4741,15.220543,0
3.2642944,-6.5547304,0
9.883795,3.7562275,0
17.438019,9.564168,0
10.6107025,6.2027354,0
4.5872273,-13.807448,4
11.030218,6.1860504,0
9.7800045,8.998717,0
17.223732,-8.792113,0
-1.15924,-8.77422,0
6.7193675,-2.802041,0
7.0921226,21.629503,0
10.5764,-5.215931,2
-6.6345167,8.505006,0
22.710241,0.64765984,0
8.851972,-8.400502,10
10.891604,5.9309793,0
6.5011697,5.2698393,0
20.556116,10.420616,0
6.8462133,18.743929,0
9.20456,13.2147875,4
11.925417,-13.839112,0
-2.6303222,-9.648138,0
7.142073,-1.6987314,0
-9.396006,8.391628,4
9.06211,5.059061,0
-3.3752546,2.475407,0
17.49208,15.239516,0
-2.0539823,4.583745,0
6.81933,18.71558,0
6.427604,6.6894574,0
8.406946,5.5021787,0
3.8214777,-12.641029,4
6.714115,2.9862707,0
23.48897,0.8385421,0
7.5923185,-7.6479673,0
-4.999262,-5.469867,0
-2.9474006,-2.9303026,0
10.607361,-5.178307,0
-3.7083504,-4.1554475,0
10.297634,-3.3022194,4
17.450943,9.559452,0
5.5188937,2.9273705,0
13.783308,0.1472037,0
2.7804868,10.238738,0
2.4939675,19.885555,0
17.633373,9.421592,0
14.979542,10.09249,2
-6.6695995,0.2745951,2
9.108379,5.147067,0
6.770412,5.89355,0
2.0083625,-6.142204,0
6.93831,-5.638261,0
17.471153,15.216585,0
-1.9264574,3.41163,10
-6.4980574,0.046856616,2
10.794924,3.585417,0
5.8975763,-2.114349,0
-2.8672132,-3.0144222,0
17.462265,15.206965,0
11.659768,10.258218,0
-1.9132004,-0.15125208,0
-9.270582,4.4331775,2
10.351037,16.69333,0
0.9016812,0.07660083,0
1.3949419,0.8486527,0
14.2746315,7.1064615,0
17.824009,9.837736,0
-2.7045772,-9.227225,0
10.995423,23.16344,2
-9.124546,7.9126215,4
-0.15766524,9.365536,0
-10.667905,-5.2498636,0
3.8577135,16.688751,0
6.256222,13.060041,0
8.674896,5.117441,0
2.030851,-6.1974564,0
5.510969,2.9259703,0
5.5180144,2.915049,0
20.491362,7.089364,2
10.909033,17.336641,0
13.318845,-2.9650302,0
10.752272,-4.043758,0
6.277799,14.053096,0
5.437799,13.716437,0
1.9998466,8.645972,0
13.696033,-4.6333947,10
8.001757,10.220786,4
10.282961,2.0420005,0
-10.719855,-5.222574,9
17.233774,-8.798465,0
-5.7685633,-5.519727,0
-2.9203322,-3.0055234,0
5.409348,2.9954941,0
4.8336854,-13.668693,4
-4.4403667,-2.370374,0
1.4835405,-0.3103486,0
11.827012,-7.667371,0
11.678105,10.24049,0
-1.2040851,-8.950506,0
6.152046,2.577283,0
-3.410512,2.5512779,0
0.8508534,8.129357,0
6.5474877,3.3634934,0
-5.5289974,-6.8582697,0
14.962028,10.036805,2
3.5125177,14.408758,0
-8.095781,-2.4902105,0
-0.1665181,5.642048,0
11.870052,-13.889573,0
0.84433633,0.068830475,0
17.628937,-2.150814,4
-0.84061116,-5.3508725,0
11.995515,-7.828267,0
6.2117953,8.672147,0
-3.562093,-2.5643814,0
16.397406,6.176519,0
13.713314,8.32652,0
-2.563416,-10.121992,0
-4.2012086,-5.5221453,0
19.025208,3.3797352,0
-13.513729,4.2234793,0
6.9524107,-5.6312904,0
-5.026709,-5.4117336,0
-4.204916,-6.130549,0
11.12805,2.8983665,0
6.907498,4.6268983,0
8.042814,-10.547562,10
7.1492276,-1.4312453,0
-4.498827,-9.512942,0
19.704275,3.3021438,0
-2.2067845,10.851752,0
2.660129,-6.984572,0
6.613121,3.4806466,0
-6.3751707,-6.0422444,0
1.4775944,22.99879,2
-0.974575,-8.664858,0
6.601806,6.822789,0
19.234701,13.540179,0
8.86782,5.5628295,0
4.2229815,3.624979,0
-5.3794265,-6.269002,0
4.835581,-13.651503,4
10.436812,-5.587827,2
-4.148047,-6.0308247,0
14.385014,-0.65697074,0
-0.9315435,10.136996,0
6.1712008,8.625484,0
6.7692313,3.1685894,0
8.676202,4.7557306,0
-2.6839292,-9.269897,0
5.94843,13.520153,0
10.040243,3.5788155,0
1.5146457,7.992458,0
6.4444327,-1.7092818,0
1.3860538,-1.3868272,0
-3.974879,17.458002,2
8.37909,24.969908,10
-13.498431,4.238831,0
9.579505,4.939825,0
-5.7866035,3.601284,0
-2.822283,1.6524136,0
5.524822,2.930154,0
6.6515155,-2.8257465,0
8.7401085,2.072336,0
14.174545,16.67835,4
9.672682,3.2264907,0
15.2591505,10.387803,2
3.815996,-12.635597,4
5.1484475,14.415816,0
-1.9261596,3.4119449,10
-10.934587,-5.0726175,0
19.69109,3.41082,0
15.136959,4.14476,0
19.374659,-5.23,0
0.46846133,-1.8634834,0
-2.2820597,10.32103,0
1.7763969,14.276213,4
15.043191,-12.183264,10
12.7687435,4.9077563,6
4.840856,-13.717345,4
2.7912967,-17.530523,5
-9.572421,8.692379,4
22.214447,-1.9130322,0
14.300019,-5.6324167,0
-3.3556435,2.470695,0
18.943192,0.10480723,0
8.168645,-13.618187,10
15.182592,-12.414554,10
6.9780164,-1.8322282,0
-1.8025777,6.81851,0
8.338461,4.5473943,0
11.073983,23.227783,2
5.33638,5.089483,4
-4.975866,-6.1827707,0
6.011097,1.866504,0
20.112474,7.369297,2
10.671294,6.2926936,0
-6.3897967,-6.062065,0
14.364336,16.865711,4
10.706308,17.233887,0
6.735407,3.04623,0
5.818958,13.275761,0
9.95995,2.554975,0
10.428943,4.0260463,0
12.036202,5.0343432,0
-4.1385717,-6.03277,0
8.929682,12.9343405,4
-1.8025274,6.818704,0
13.292948,-2.9208887,0
3.7480464,16.784134,0
-0.85013616,-5.340218,0
1.9775953,8.662481,0
-9.279076,4.416872,2
14.070148,16.573204,4
4.7812963,-13.157442,4
-8.204188,-2.8625479,0
5.1549296,14.16178,0
17.885021,9.440605,0
12.851474,4.744811,0
7.5946646,-8.752821,10
-4.1629825,-5.0707607,0
11.314398,2.7601597,0
6.5336065,15.196041,0
8.928511,5.3108687,0
-6.605664,8.490212,0
-2.5628598,-10.115301,0
6.5153112,6.0096273,0
4.3449335,-13.845382,4
-5.5534964,3.1395366,0
6.704633,-2.8113298,0
3.9979641,3.8045573,0
9.199893,13.225273,4
6.448512,6.5916004,0
7.111437,-1.7621604,0
-10.742141,-5.19868,2
13.192222,17.847174,0
5.817173,13.362508,0
-1.602128,18.225832,2
-12.857629,9.797537,0
10.18824,18.63962,0
6.79452,18.68898,0
-1.719581,18.183304,2
5.2527957,3.8850875,0
5.0685587,9.448103,0
19.12706,-4.9757023,0
6.8666983,18.764166,0
5.1081824,14.114898,0
14.308982,16.809584,4
6.1690383,8.622743,0
10.140723,-7.00312,10
-4.455318,-2.7778776,0
-9.414289,4.263068,2
9.7512665,3.2984245,0
-1.989884,4.534328,0
-9.289334,4.408217,2
2.2256615,-6.518687,0
-2.006545,4.5492673,0
10.830805,2.9236803,0
13.721252,-4.6342106,10
20.282684,3.5874045,0
-2.5475197,9.63141,0
4.0202613,14.731767,0
11.059517,-3.9620912,0
17.47085,15.216106,0
17.039064,8.00963,2
-6.543882,6.279738,4
-6.624364,8.509791,0
8.9104185,2.3061593,3
-1.1368144,3.8836935,10
6.267113,-1.9062054,0
0.37991503,-1.7623804,0
10.166978,-6.0616274,2
22.819513,0.579099,0
1.1259141,-0.93504256,0
19.20401,-5.0450206,0
5.8354006,7.2655044,0
11.829388,-6.6070924,10
-5.1030474,-5.721113,0
1.9296229,-7.0483937,0
5.9803553,14.386877,0
-2.9183369,13.069093,0
13.3041,-2.9344275,0
-9.418627,-9.352636,0
3.839006,5.3751326,0
5.88178,14.116621,0
-6.6758337,8.561183,0
-7.3705573,2.4866035,0
5.380404,13.476714,0
6.2514014,6.59075,0
11.015178,5.957655,0
18.884531,5.9198337,0
8.320583,5.162405,0
-3.439749,17.063194,2
-0.889316,-5.2835417,0
9.200164,13.218671,4
9.152409,13.2896595,4
6.71669,3.602152,0
6.1692023,8.621667,0
-4.1960874,-5.968491,0
17.595816,-2.117391,4
10.246091,16.582544,0
17.595541,-2.1170278,4
3.8226492,3.5334663,0
0.7919237,16.817436,0
10.125407,3.3506246,0
6.233361,4.1770997,0
13.033117,4.6076164,0
-0.8041558,3.635987,10
9.157262,5.1723843,0
17.458614,15.20387,0
-2.961589,-2.9704585,0
7.3684163,-1.385485,0
1.9709288,-7.0784044,0
0.9348624,17.256653,0
2.8043387,-6.29708,0
4.018,17.809778,0
6.2256722,-2.5590577,0
13.121119,-2.691375,0
2.008367,-6.346041,0
8.8951435,12.799884,4
22.822067,0.5758527,0
7.9286194,-9.521236,10
-1.560102,18.290766,2
-0.8618159,10.102764,0
-2.9824228,13.069594,0
-3.0447128,-3.059201,0
6.8386908,6.1441708,0
0.98000765,0.5732808,0
0.90883666,17.276625,0
8.345727,4.6464334,0
10.206085,2.1146138,0
11.257776,-4.3173976,0
12.948294,-2.4922276,0
2.8662903,-6.971528,0
4.7298417,-13.13504,4
-3.4295526,12.839174,0
20.558542,10.422447,0
7.610603,-10.1705675,10
-4.9148364,-6.2159834,0
8.871024,4.921654,0
1.5397494,23.079592,2
15.6308975,9.715135,2
-2.6343126,-2.8788478,0
6.494371,-1.1372725,0
17.586815,-2.10839,4
15.630505,9.715509,2
13.922602,8.303199,0
7.3270726,-1.4437344,0
14.30027,-5.6326394,0
-6.743211,0.83656025,2
22.209133,7.6404495,0
3.8321197,-12.638993,4
-1.6277515,18.24302,2
6.3418765,-2.5151834,0
14.988115,10.109916,2
-9.418948,-9.352741,0
4.0235486,5.235067,0
-1.9052693,3.4328265,10
3.0388107,-6.371151,0
-5.564531,3.1556995,0
10.397343,15.593309,0
8.638982,5.2464037,0
6.192421,5.2640963,0
6.6059995,17.050575,0
-0.5273862,-5.702297,0
-8.216179,-2.8658268,0
6.8848867,16.940067,0
8.76475,4.51552,0
19.967257,7.4734426,2
16.402391,6.1897464,0
0.7633301,8.079748,0
10.455293,16.18442,0
-3.9732919,17.456758,2
-2.2781951,10.391045,0
9.797025,3.8041205,0
10.742548,22.975979,2
8.561971,5.247551,0
0.13721457,7.7745867,0
2.2672045,-6.461379,0
-2.9648883,-2.9272387,0
12.02835,-7.8632894,0
14.975721,9.825276,2
6.5665994,2.997234,0
-7.86535,-2.647507,0
9.281031,9.168615,0
8.577363,-14.057469,10
1.2115065,14.102647,4
-11.98931,6.4713836,0
-10.938828,-5.0574207,0
10.877746,5.914845,0
6.2273974,6.628317,0
11.897658,-13.865633,0
-2.984073,-3.0547156,0
-4.0968137,-2.8080952,0
-6.194676,15.323106,0
6.6231933,4.967679,0
7.579402,-5.7950654,0
13.781056,0.123903394,0
8.902062,12.810722,4
9.216809,5.5615506,0
9.908025,16.733643,0
3.5123806,14.407207,0
3.7166593,16.797281,0
3.9838982,5.2764792,0
3.6098843,16.859331,0
2.6718323,10.177194,0
-4.356862,-5.9198856,0
-3.7044477,11.355599,0
9.87961,16.62573,0
-12.183796,-8.676483,0
11.305327,-4.1365075,0
2.7710254,10.233126,0
-0.98089266,-8.66913,0
-14.034887,6.755968,0
14.273488,8.0785675,0
9.144434,3.698451,0
-5.458812,-10.512976,0
-3.99767,-4.8486056,0
-3.776173,11.511065,0
-5.1725516,-5.5836434,0
5.037111,9.478201,0
10.82773,5.9622993,0
3.8253543,-12.643127,4
-1.1961088,-8.736534,0
5.005926,9.506113,0
1.833319,14.29331,4
17.660074,9.4280405,0
11.495426,-3.9873097,0
13.508277,-0.42786315,0
17.620134,9.442705,0
-2.985854,-2.9723008,0
-2.9143898,-2.9972544,0
10.005466,16.858303,0
6.452411,3.6244667,0
-5.68663,-5.4169154,0
4.0688534,17.820814,0
0.90026224,0.11138489,0
14.378649,-0.6657893,0
1.058948,-0.91325146,0
-0.18110098,9.524334,0
-8.642857,-2.0562606,0
9.627379,4.8948708,0
-0.82404953,3.6516354,10
10.394246,16.508286,0
-10.635703,-4.7998323,0
0.40208462,-1.8800747,0
16.076067,-1.6162611,6
-11.127469,-1.9877461,0
1.347875,14.167062,4
6.9955773,2.9281964,0
-6.23446,15.40342,0
15.816498,12.800447,7
6.781448,18.674618,0
1.2912835,-12.158365,6
8.660075,3.603052,0
-5.5334473,-6.2438884,0
-6.191642,15.333572,0
3.885574,16.673958,0
-4.835131,-5.630835,0
9.415991,2.9812975,0
-2.6539133,11.067675,0
12.089495,5.024324,0
-9.308876,8.359433,4
4.7873087,15.039371,0
19.01798,3.3806653,0
-5.826609,3.751258,0
-10.732487,-5.266984,0
1.5524774,23.067263,2
-1.235026,4.509034,0
6.9782963,6.896681,0
11.0456505,23.20157,2
10.216507,-6.007713,2
10.143404,15.907531,0
0.47481552,-0.058668114,0
12.621915,4.9321694,0
-1.7559716,-13.694785,0
17.042038,8.016779,2
8.765305,5.1015196,0
6.2833285,14.049431,0
-2.2653346,10.378241,0
1.7476984,-1.0149696,0
1.3354324,11.720987,0
5.864678,4.4660563,0
-4.694761,-2.1388597,0
-1.672617,18.14205,2
-13.280883,4.454752,0
-10.815985,-5.278972,0
8.038358,-10.543609,10
-1.7859772,-11.548725,0
5.243009,14.178945,0
9.875179,3.4422433,0
0.75718164,8.076847,0
6.5551987,4.478986,0
-5.5494347,3.1280699,0
9.276454,2.875168,0
-2.5002675,9.645822,0
4.2613993,3.6630886,0
10.657281,16.989208,0
4.9818745,9.530059,0
7.920169,-9.490958,10
0.94117063,17.28098,0
7.343015,-6.2071686,0
1.9447477,-7.032417,0
0.034021482,-0.7567322,0
10.289021,-3.2888634,0
13.78101,0.12397008,0
10.732236,-4.040138,0
19.45837,3.9902158,0
6.1834736,-1.9266416,0
11.931071,-13.834037,0
6.547038,17.06883,0
18.873304,5.9260225,0
4.006609,5.2496796,0
22.210186,7.640757,0
6.256265,-1.9346288,0
7.2710915,3.5920773,0
17.887316,9.56915,0
4.0044074,3.8262577,0
10.800588,5.816196,0
6.1699967,-5.998311,0
3.9740095,-12.74442,4
6.460694,4.7077513,0
-2.531685,9.699101,0
6.7676845,-2.4161303,0
5.004173,9.508018,0
14.300289,-5.6339235,0
18.932209,0.11581932,0
8.046611,-10.551238,10
-2.1716268,12.545743,0
2.7373345,-7.0132694,0
4.669502,15.138945,0
3.826912,-12.640508,4
-1.7631239,-11.526337,0
10.042175,3.7007308,0
-6.1952972,15.370929,0
-2.6443133,-2.8824713,0
5.5162644,2.9197795,0
14.596236,17.101002,4
10.910838,17.407343,0
-1.9388705,-0.18046258,0
-6.590333,8.47496,0
13.030983,4.608824,0
-4.446656,-2.3505073,0
9.853263,16.585516,0
2.017019,-7.0274696,0
-4.0286317,-2.8789682,0
6.138892,2.588448,0
3.819642,-12.692042,4
1.7773429,9.585797,0
14.989992,10.1091,2
3.98338,-3.9016614,0
-4.662225,-2.1699858,0
16.622644,6.3693013,0
7.5018625,-5.944846,0
6.322927,13.987256,0
4.199536,14.936747,0
9.144364,13.29837,4
11.502554,-3.9910064,0
1.2888374,14.152094,4
10.248057,18.578585,0
6.5810566,4.444606,0
11.242758,-4.347864,0
0.48201272,-0.98146296,0
9.943993,16.255426,0
7.963315,-10.469047,10
7.691182,-9.8889265,10
8.003815,10.225952,4
-5.3495474,-6.124648,0
1.2319156,14.120468,4
0.78561366,-0.05318157,0
11.888192,-7.7252574,0
-1.7498052,-13.702909,0
6.903446,16.924679,0
5.9803753,-2.6011817,0
6.523163,-5.670249,0
5.324644,14.773153,0
7.5950212,-7.6498218,0
-1.7962707,-6.64628,0
5.3070965,14.768012,0
11.77886,-7.6189303,0
2.4909368,19.882998,0
18.533792,4.267678,0
12.628743,4.9303665,0
0.9900832,-0.8451518,0
4.2088127,3.639673,0
-4.4029984,-2.8267467,0
22.82683,0.68116903,0
10.249072,15.19868,0
13.269948,14.412151,0
8.591782,-14.072107,10
5.841292,-2.581548,0
9.017192,5.4239697,0
10.733406,22.960861,2
19.655546,3.3468232,0
4.026597,17.797983,0
-3.228306,13.014851,0
10.167519,15.94563,0
11.861208,-13.90207,0
3.798736,3.5363057,0
6.779532,3.026476,0
-2.5644128,-10.124226,0
10.63518,16.934273,0
1.2966605,14.154278,4
9.16893,13.264529,4
6.783811,6.928744,0
1.1158484,0.8632012,0
-1.2355157,-8.693563,0
14.775953,6.6377764,0
4.0549874,-3.9687276,0
4.1714363,-2.0647683,10
3.1656523,-6.5558286,0
-1.9044344,-0.14229721,0
14.074899,8.242579,0
1.2592584,0.96601665,0
8.881199,5.07411,0
13.739429,-4.606697,10
7.08519,-2.6504502,0
-7.6597695,10.817155,11
15.663684,1.1517891,0
20.235888,2.3084455,0
2.289003,-6.3377233,0
-0.82888484,-5.3638597,0
5.995361,1.8539095,0
-9.801899,0.96170586,0
-9.127339,7.9334884,4
8.133017,4.3427343,0
13.706223,8.341078,0
7.8672905,-9.233454,10
0.49656627,-1.880213,0
13.386327,25.296638,0
5.9228086,20.262423,0
-6.2264266,15.400495,0
10.197658,4.1374717,0
9.490331,3.039237,0
6.8392158,18.73863,0
0.7931919,16.820902,0
9.588076,3.9607995,0
9.863725,11.744863,0
7.822321,-10.26139,10
1.7191261,-1.0050111,0
1.7952658,14.281642,4
-6.4221015,8.301505,0
-8.412998,-2.628064,0
18.918383,0.13591562,0
7.250166,-2.4648693,0
20.712856,2.124541,0
9.976734,16.829086,0
17.014679,9.515,0
9.757711,3.7364686,0
8.97007,3.788891,0
13.241681,14.286369,0
1.9491785,8.548178,0
1.2999222,-1.4467913,0
9.686342,5.6510696,0
14.367184,-0.66935253,0
-2.658337,-9.527023,0
-3.7453275,17.290627,2
-13.404075,4.3326206,0
19.395378,-5.2517247,0
6.821468,6.181602,0
10.728444,16.551874,0
4.7589235,-13.629191,4
-6.4514356,6.390672,4
3.1110525,-6.3863177,0
-0.9869941,-8.620909,0
0.080726035,-1.0103915,0
17.814314,9.8583355,0
3.920993,17.721636,0
9.153298,5.1982512,0
14.149824,8.208489,0
-9.498105,8.617182,4
7.0744686,6.943053,0
-3.4443657,12.819608,0
6.1870837,4.7438116,0
-9.782211,0.96540445,0
3.2770429,-6.6845512,0
11.250447,20.064754,0
-1.796762,-6.645734,0
3.0608737,-6.368267,0
-5.572997,-6.030495,0
8.470158,10.467473,2
2.7913055,-17.530546,5
6.6559253,3.5465975,0
5.8542023,7.2438345,0
7.6311684,-5.793989,0
8.303679,25.043745,10
13.92858,-1.144753,0
-4.8657584,-6.1881185,0
13.386333,25.296652,0
14.109907,16.613417,4
6.0938144,13.262648,0
14.078827,16.581835,4
-5.725286,-16.445786,0
9.176472,13.251004,4
-4.658993,-2.1743188,0
11.064251,-3.9693635,0
5.8067794,-2.5283344,0
-2.15349,10.747177,0
-5.085448,-5.7410803,0
0.14280598,7.7929993,0
2.5470254,19.937979,0
1.9753759,-7.0683465,0
22.215069,-1.9138223,0
7.3096156,-2.3556037,0
0.95588,-0.82900673,0
6.504933,17.093033,0
7.272569,-2.4400792,0
-6.8159943,13.16176,4
-6.8049045,13.145198,0
9.593825,11.606877,0
7.5643315,-8.712356,10
1.0227779,-0.8480456,0
15.265103,3.9970431,0
0.5162437,-1.896597,0
14.293576,16.795078,4
14.773693,6.6412244,0
1.5729773,-6.5438337,0
-7.371151,2.4863627,0
11.508046,-3.9835062,0
-5.27131,-5.591883,0
-1.6081502,18.22778,2
17.075472,7.976335,2
6.66093,4.498163,0
3.8111653,3.5677645,0
0.7518205,8.072927,0
-5.4552727,-10.51085,0
1.8321674,14.288956,4
-3.9279625,-2.4629455,0
17.44877,9.562355,0
-3.711047,-4.312549,0
5.363706,5.1471953,4
-4.759736,14.4906025,0
10.944592,2.9032352,0
17.586792,-2.1084838,4
7.289248,-1.5400074,0
-0.17612755,9.633743,0
1.0438559,0.80082124,0
17.057724,7.998498,2
3.860271,14.583372,0
4.2010417,3.6483774,0
-4.0462937,-4.9308,0
4.0131297,-12.778528,4
3.9429135,16.614017,0
-1.7734811,18.135307,2
1.659485,-1.0572381,0
11.072117,-4.615591,0
20.274176,3.540207,0
-5.558489,3.17835,0
6.0277567,13.459681,0
-5.725269,-16.44558,0
6.6523914,-2.4681616,0
-8.156012,-2.866652,0
17.492155,15.2394705,0
11.95367,-13.813383,0
-2.6967547,11.080464,0
-2.6515334,-9.52114,0
17.60601,-2.1271281,4
2.2167244,-6.4828815,0
12.991704,15.126115,0
8.424149,4.6829734,0
13.190497,17.845833,0
9.019831,3.3836994,0
-12.833775,9.77208,0
-4.570471,-2.5063713,0
9.850259,16.565516,0
6.8314824,4.4689965,0
5.9962015,1.8557371,0
9.8989,3.4291081,0
2.079315,8.951476,0
5.4066234,13.441251,0
6.57663,3.4992924,0
13.230649,14.31067,0
6.9619913,-5.6388993,0
10.9821615,-3.885838,0
17.496456,-2.0165148,4
-10.620481,-4.758343,0
5.072688,9.443636,0
4.0506415,-3.9633255,0
8.792279,5.468304,0
9.159035,2.9809556,0
0.6836934,8.052447,0
-6.7466516,0.901799,2
-1.0256004,-8.820551,0
13.029677,4.609962,0
9.985785,15.348132,0
19.682463,3.3447344,0
-0.18977079,9.455102,0
6.7597103,18.654718,0
13.386327,25.296627,0
-6.8125424,13.147095,0
13.982921,-1.0901427,0
4.467639,15.322955,0
5.547876,13.547773,0
5.125096,3.7800555,0
-2.3703313,10.981124,0
9.711092,2.933772,0
19.223152,-5.075225,0
9.733789,9.041889,0
8.741163,3.75296,0
10.393185,15.729396,0
-5.022063,-6.178671,0
-10.637137,-4.775445,0
17.879513,9.442951,0
1.2948447,14.144453,4
10.310116,2.0394807,0
6.252546,4.914963,0
-8.218439,-2.8761692,0
1.9565133,8.552842,0
15.137516,4.1465125,0
12.033546,-7.8704276,0
14.980386,9.832725,2
9.553433,3.1181107,0
-1.9278308,-0.17155588,0
1.868752,9.713731,0
-0.33570412,5.837625,0
9.853507,9.386057,0
15.106311,4.179554,0
3.856694,14.604021,0
13.151306,-2.731454,0
9.13077,2.969432,0
3.972128,5.2723584,0
-5.725275,-16.445505,0
-0.3407588,5.831927,0
-3.3967104,17.036247,2
-5.4578786,-6.1344295,0
5.7739787,4.71322,0
16.577961,6.3267074,0
-5.6308746,-6.4346337,0
-8.65066,-2.0456476,0
7.5921845,-8.749978,10
1.3423017,8.225334,0
-2.187534,10.822783,0
10.330296,16.993038,0
0.4903872,0.4111414,0
11.998962,-7.8320374,0
8.774059,4.827608,0
5.9833775,3.3959012,0
6.321558,14.0323715,0
1.9808334,9.850331,0
5.2796593,14.607679,0
17.947626,9.6295595,0
-12.184274,-8.676849,0
4.824438,-13.65781,4
1.7982632,9.598349,0
-7.3717184,2.4863768,0
-1.92649,-0.17033869,0
7.5599527,-5.753361,0
11.242415,20.058332,0
16.061323,0.32196438,0
3.2430964,-6.78317,0
23.285114,0.8900761,0
6.39751,-2.538629,0
-0.5755405,-5.658683,0
5.9970126,13.713747,0
8.749833,5.306071,0
-4.2812223,-5.84597,0
6.0134006,1.9496758,0
11.055155,23.212378,2
6.153169,8.608295,0
6.505124,6.7419286,0
-0.15652247,9.723781,0
13.283985,-2.906969,0
8.854615,5.087406,0
-9.788647,0.9667903,0
-0.18901053,9.612513,0
5.5099974,2.9322371,0
-2.6316242,-2.8750553,0
2.07127,9.004287,0
2.7850611,-6.9949117,0
11.744653,-6.6792407,10
13.717069,8.324337,0
10.627758,16.805452,0
10.659662,17.223293,0
7.3015614,20.329317,0
-3.9752016,17.45783,2
3.9428866,-12.756655,4
5.125914,3.8146498,0
0.6079967,-0.8015804,0
-5.070379,-10.083153,0
17.616598,-2.1384144,4
8.786227,4.8877177,0
2.8646739,-7.1697807,0
1.3641952,0.8276214,0
-6.432364,8.31117,0
-3.6027863,-2.5593863,0
-0.9007619,3.7079177,0
4.042546,5.225165,0
12.493944,-0.93806076,0
10.810184,-4.0391946,0
-5.472212,-5.3561616,0
-2.579571,-9.939043,0
10.141004,-7.0026307,10
-5.494894,-6.4196696,0
-9.654996,8.195097,4
9.933841,11.870581,0
6.774214,-6.338217,0
6.1941195,4.2747808,0
-8.580916,-2.4503286,0
7.5978494,-10.150597,10
8.924371,2.3344169,3
-5.592383,-5.3302083,0
10.297146,18.525946,0
6.872204,16.948273,0
5.336556,3.057437,0
-0.84338725,-5.3470087,0
0.85557014,8.129717,0
6.642817,4.9717607,0
17.529682,-2.0475705,4
-9.537204,8.66605,4
-8.988007,13.816585,0
-4.2730722,-5.9808683,0
-9.112614,7.905189,4
-2.6018102,-9.822692,0
0.84012145,8.122621,0
19.582348,3.7358756,0
19.582554,3.7491105,0
3.207207,-6.71333,0
14.46767,16.970005,4
-6.691107,8.573781,0
-6.598271,6.312824,4
10.176196,-6.0549703,2
7.78833,4.107791,0
5.648261,6.060597,10
-6.5413556,8.421265,0
9.872541,9.409984,0
11.303379,2.7613454,0
-4.679291,-9.717582,0
6.6693897,2.99329,0
7.299919,-1.5258461,0
-4.0961695,-5.0131345,0
10.860146,17.239784,0
-1.8996936,-0.14597118,0
0.7926003,16.818499,0
5.1310534,9.385357,0
-5.5343013,-6.869006,0
2.8686702,-7.1812105,0
9.327246,-3.0267713,4
5.7603817,13.34082,0
15.096292,-12.275372,10
5.768268,4.6661186,0
7.595711,-7.6475315,0
6.5825205,-1.732377,0
4.8543363,-13.729146,4
3.6491761,16.839897,0
3.9592686,3.8453286,0
15.13457,10.276207,2
2.4746854,19.865778,0
19.193161,-5.037725,0
12.486738,-0.9185864,0
-5.5449204,3.200804,0
1.0680699,-1.2419628,0
11.059578,6.179397,0
11.087489,5.7882447,0
-6.5691357,6.2826414,4
4.7011027,-13.125281,4
9.8887415,16.514362,0
7.094612,6.9208117,0
5.6785126,3.006421,0
8.808667,4.9068227,0
1.4001237,14.183393,4
13.748042,-4.603001,10
15.816528,12.800372,7
-11.128722,-5.1260552,0
-0.40825167,9.898144,0
3.5924695,16.86182,0
-5.0098524,-5.530095,0
16.628445,6.377553,0
10.812155,17.031048,0
6.943794,7.0018263,0
-2.2836745,10.311029,0
10.027668,15.354309,0
-8.973365,13.813385,0
-8.631725,-2.1457279,0
10.286175,2.0517488,0
11.941416,-13.825477,0
5.6658616,14.363269,0
-2.5178308,9.654058,0
-2.426801,11.010226,0
6.0421987,1.9989665,0
8.047978,4.355526,0
8.478443,10.463812,2
-5.939615,3.8636236,0
10.222547,-3.2576354,0
3.8240914,3.5409093,0
11.20543,19.848858,0
9.772902,11.685933,0
5.9960866,1.8460604,0
5.8648834,4.2348785,0
-5.490938,-10.546025,0
8.221416,4.2206583,0
1.585627,-6.104443,0
5.8429694,-2.5869372,0
11.272465,2.7800274,0
-5.622159,-6.1497917,0
2.5338728,19.924685,0
3.7304845,16.79633,0
18.882399,5.9224267,0
7.1450663,-5.7698417,0
-3.3880093,12.884122,0
7.2993364,-1.4578567,0
6.485977,3.2635927,0
5.8430514,-2.5309741,0
8.00899,3.6686306,0
6.5379024,-5.653263,0
5.757289,5.913897,0
3.1322455,-6.447955,0
-5.563756,3.1509871,0
-10.754388,-5.2893753,3
15.635877,9.707391,2
10.088255,15.944125,0
5.4217973,26.67016,10
15.067521,-12.22016,10
-0.5580756,9.969112,0
5.329134,3.3223355,0
-5.471778,-6.252229,0
11.457183,3.3469834,5
6.866198,-5.631188,0
2.492527,19.883377,0
16.069866,-1.4546394,0
9.144787,13.277014,4
10.133787,18.696978,0
5.288976,14.73917,0
7.416794,-1.4315194,0
9.859834,11.745766,0
11.821566,-6.6137714,10
23.507292,0.84320885,0
-9.189111,-6.352457,0
6.278476,13.03478,0
11.280223,20.107075,0
-9.271773,4.4319773,2
-6.602612,6.319887,4
10.82587,3.5892222,0
23.471125,0.83974016,0
6.428511,-1.811962,0
-2.7029953,-9.225419,0
10.8794,5.932845,0
3.5011115,14.383732,0
-0.8293673,10.102855,0
11.230695,20.04587,0
9.931944,16.517887,0
15.178659,-11.920462,10
-5.4686055,-10.519329,0
15.235089,10.359876,2
-9.781585,0.96631,0
-6.710953,0.4251735,2
10.333385,4.0958686,0
15.255494,10.38185,2
-1.1997969,4.5550623,0
4.043538,-12.790747,4
11.064138,-4.6298943,0
12.880599,-2.4284582,0
18.156252,4.03806,0
-6.7750793,13.134938,0
3.8331892,3.5163624,0
4.524614,-13.360218,4
15.1572,4.122559,0
10.504282,16.747898,0
5.4778457,26.721651,10
5.595427,13.554774,0
-7.2483163,-2.7360325,0
9.791082,9.00212,0
-5.503019,-6.3327894,0
-1.993125,-0.2407231,0
-1.7944776,-11.557197,0
5.8906646,7.185549,0
10.140989,-7.002693,10
-9.460672,4.227334,2
1.2911639,-12.1583805,6
-13.308086,4.4278445,0
2.839541,-7.1626635,0
-8.517771,-2.3441584,0
6.7543073,18.651352,0
4.0714784,17.837593,0
9.819822,11.709545,0
-2.7145627,-9.2189045,0
3.1083941,-6.3594737,0
2.154198,-6.1387043,0
1.8213818,14.28871,4
10.206084,2.8888597,0
-7.029599,-3.0458574,0
1.5920997,-6.6508827,0
1.825985,8.960766,0
-2.2485356,10.508514,0
-2.546886,9.63043,0
-4.786683,14.515309,0
5.473829,26.726185,10
-1.6914122,18.140133,2
-2.3131187,11.051704,0
2.3484607,-6.510358,0
-4.1441092,-6.14522,0
-3.8252866,17.348606,2
14.754714,6.6515727,0
-9.787702,0.96663797,0
9.9917965,3.514013,0
-1.6391702,-13.815553,0
10.088465,15.275167,0
7.10459,-1.2249633,0
14.346167,-0.69161254,0
-5.7732224,3.5803964,0
4.434611,-13.840238,4
13.322531,-2.9656882,0
11.670175,10.2442255,0
-5.1669846,-10.195006,0
6.311026,4.1972013,0
3.8501031,3.5776606,0
5.108255,3.7768137,0
13.019651,14.619841,4
-11.127608,-1.9877433,0
-2.5629644,-10.126413,0
23.086483,5.03474,0
10.973682,-3.8733416,0
7.091657,21.6296,0
14.575231,17.079575,4
16.133337,-0.4941133,0
19.232666,13.537748,0
8.687556,5.054409,0
0.90397936,17.238026,0
10.666049,6.2831283,0
19.40181,3.9805205,0
12.046872,-7.8813343,0
-6.0406823,-5.9743834,0
15.556467,1.3453046,0
23.49494,0.83379227,0
-3.566933,-2.5628307,0
3.9739237,3.864576,0
8.778801,4.9580097,0
1.3697559,11.69181,0
-6.8008356,13.146718,4
-1.2068812,4.553342,0
8.51241,4.942881,0
1.2671167,-1.4614639,0
6.162589,3.2091432,0
9.909723,16.783266,0
6.668239,3.5353317,0
-8.587838,-2.4498425,0
12.878577,-2.422724,0
12.653196,4.882007,0
-1.0222251,-8.810987,0
-5.3503437,-10.399419,0
8.910745,-8.243772,10
-2.9887438,13.067601,0
-2.1171525,-0.39319378,0
20.721825,2.1313488,0
5.5306826,4.0233126,0
6.182967,8.640076,0
7.001163,-5.6431828,0
1.5823201,-6.660597,0
-1.8583881,3.4862278,10
5.342276,5.110243,4
6.640036,3.1634498,0
-5.9081664,-5.8093276,0
10.9040365,2.942358,0
10.913328,23.079967,2
7.868143,-9.242733,10
1.8653035,-0.98605216,0
-3.2577138,12.983091,0
9.659202,16.41241,0
10.393357,16.0876,0
11.795487,-7.634515,0
1.2916694,-12.158312,6
-2.0245955,4.5600944,0
6.0631857,13.31618,0
-5.112057,-5.76593,0
-5.500779,-10.551684,0
6.230147,8.692075,0
6.446137,4.723641,0
0.9402752,17.27465,0
6.3212976,13.983619,0
-4.820785,-4.875064,0
3.930733,17.71105,0
20.275566,3.590231,0
13.251226,14.392747,0
14.395175,7.187241,0
-4.9401507,-6.1814976,0
19.22817,-5.0795746,0
11.993208,-7.826275,0
10.399539,15.534236,0
2.0312152,9.089909,0
23.087637,5.0354443,0
-0.87797284,10.123919,0
-13.5310755,4.2064724,0
5.673719,6.016055,0
-2.562503,-10.062141,0
6.9256954,7.0788574,0
0.7646706,-1.5456666,0
0.50828665,0.43276003,0
12.003943,5.044578,0
-1.9678293,-0.2121831,0
10.083623,3.6315527,0
-11.992134,6.4684606,0
1.7950686,-1.1151246,0
-3.5314312,12.689034,0
12.0223255,-7.8569713,0
-9.580583,8.709361,4
19.26879,3.46426,0
6.209641,3.4650376,0
5.350704,5.1679125,4
17.621574,-2.1432667,4
10.581511,-5.211523,2
-0.8674425,10.107108,0
22.82984,0.57729465,0
-0.57278657,-5.6853633,0
10.957648,23.13503,2
-5.651882,3.2891924,0
6.293193,5.198337,0
-2.0886433,-0.37784654,0
3.9016237,14.605427,0
8.89693,5.5065107,0
13.044586,4.595041,0
-6.732217,0.60507923,2
3.6205184,14.470386,0
-3.042024,-3.0191443,0
-1.2090366,4.552865,0
6.8552995,6.1485567,0
-3.753364,-4.2037683,0
20.558077,16.534643,0
6.106032,13.256634,0
11.67687,10.241812,0
-3.975759,17.458296,2
13.25101,14.086268,4
5.6474643,6.0719347,10
-5.7385187,-16.449038,0
6.1552525,14.087933,0
5.430208,2.9696078,0
0.85645527,8.134153,0
17.564367,-2.0859365,4
14.315427,16.817472,4
6.6991825,-2.8244035,0
-2.2666252,10.898623,0
-12.859114,9.799761,0
6.4040194,3.2388206,0
6.3006473,-6.1371794,0
-1.802595,6.8186717,0
-13.613156,4.1245904,12
18.841122,0.22266202,0
3.8205714,-12.641985,4
-3.6627126,-4.256158,0
11.113774,-4.590652,0
-3.3733943,2.483687,0
-3.5807319,-2.5697536,0
8.987394,3.3802907,0
1.8289334,9.623153,0
-3.187113,13.035044,0
1.7599782,-0.92230284,0
5.7807913,14.242732,0
8.324671,-13.78686,10
9.352364,-2.9110234,2
13.418307,13.956866,4
-5.3524957,-10.39849,0
-4.785926,14.514595,0
6.655487,6.270175,0
6.226381,-2.5677662,0
6.4510074,-2.608805,0
-7.3714485,2.4872823,4
6.243592,6.633182,0
4.046779,17.824404,0
14.232197,8.131543,0
-9.271492,4.4322124,2
-4.1134424,-2.922062,0
10.882926,5.942224,0
20.558067,16.534649,0
-12.184263,-8.67677,0
7.1987453,5.3593554,0
13.488833,-0.44834656,0
9.645319,5.736261,0
10.113294,16.535995,0
1.5523226,23.076216,2
9.634105,4.9199715,0
6.514523,4.5958266,0
-10.739219,-5.195787,0
2.043368,14.297806,4
6.8512444,6.1742735,0
-11.999018,6.4624777,0
10.137631,18.69393,0
9.324046,5.629587,0
-13.556078,4.1814456,0
0.6788071,-1.6497148,0
-6.7321167,0.48912087,0
19.234673,13.540313,0
-13.618319,4.119243,0
6.188825,13.216198,0
5.8952446,7.195957,0
2.5170317,19.908022,0
13.331925,14.039457,0
-5.407769,-10.46005,0
17.223827,-8.792157,0
-6.022613,-5.9356365,0
19.28743,-5.140872,0
-11.1287155,-5.1261177,0
0.44448623,-7.469791,0
5.068094,9.4495945,0
-3.2501307,-2.8735805,0
10.218972,-6.0045586,2
13.671902,-0.34492847,0
-6.8205824,13.168092,3
8.7723,4.384735,0
-4.910406,-9.907403,0
-0.9825986,-5.1787877,0
-0.18191937,5.662853,0
6.326725,5.15266,0
10.886175,17.389479,0
-1.3942289,14.538984,0
15.059682,-12.209807,10
-7.528551,0.44033846,0
18.936604,0.10832248,0
-2.1175127,-0.39796722,0
4.091258,-4.0052824,0
4.763588,-13.619129,4
0.79434925,16.822706,0
-9.0004425,13.82737,0
11.043174,23.20035,2
-4.7790203,14.509926,0
17.053583,8.001867,2
1.6419859,7.6363497,0
3.8216217,3.5397654,0
2.454289,19.845575,0
18.894348,0.20473984,0
6.4755063,-1.125538,0
14.00602,8.290534,0
15.085282,10.227448,5
-1.7176186,12.420248,0
19.974142,7.4671946,2
14.2661085,7.1098623,0
4.486098,15.294994,0
4.7426386,-13.613018,4
-8.072783,-2.694908,0
0.44464883,-7.4705906,0
10.794687,5.7323956,0
12.74735,4.8618813,0
14.381199,-0.65525466,0
9.909092,3.4499655,0
-2.851107,-2.9992995,0
1.9739101,8.560432,0
-5.2785945,-10.31493,0
6.52184,-5.6734524,0
-3.7664616,11.944133,0
8.646453,1.7023845,0
7.6445627,-5.782926,0
13.227423,14.012238,7
7.300175,20.330471,0
10.248216,-3.254595,0
6.6037045,-1.1014407,0
-2.4818158,11.021584,0
-3.8781316,-2.4866505,0
7.710508,-5.750087,0
-2.8696566,13.042691,0
0.96156245,0.15297033,0
7.092234,21.629066,0
9.229921,13.201656,4
6.71619,2.9630558,0
-0.35075524,5.840479,0
1.4463243,22.985079,2
3.2621708,-6.6181474,0
0.85082,-0.09855541,0
-1.7878463,-11.551309,0
-1.472158,3.88229,10
-2.5163114,9.654239,0
10.345474,16.596773,0
4.523183,-13.342532,4
-7.230761,-2.757694,0
5.4501514,26.714243,10
6.7530675,18.648418,0
-1.7164987,12.420902,0
7.8749847,-9.259726,10
-4.8089623,-9.729853,0
2.7912855,-17.530579,0
3.750734,16.772764,0
14.296703,7.6338406,0
18.813992,0.25646323,0
2.0701354,8.825488,0
14.606375,17.11086,4
6.136169,2.5987616,0
5.6929297,5.0279937,0
5.3893805,3.0251808,0
5.079307,14.13972,0
0.049717944,-0.78649074,0
11.64936,10.265503,0
5.9873424,13.257109,0
17.465492,15.210492,0
10.244537,18.581274,0
20.4792,7.0999417,2
7.0918746,21.630104,0
6.8666186,-2.758729,0
-5.8531036,-5.6072464,0
9.737076,3.001298,0
10.686578,6.2989187,0
-3.4906945,17.102055,2
6.862527,16.952091,0
1.7381455,-1.0190738,0
6.459444,-2.460003,0
10.147657,16.568897,0
8.379524,4.513757,0
7.0151343,2.9545317,0
5.9062543,5.3728757,0
1.0570475,0.83295965,0
10.739905,16.959667,0
-9.577787,8.722877,4
-2.788119,1.690889,0
11.681346,10.238496,0
-8.981541,13.838379,0
-5.589588,-6.011804,0
13.386297,25.296598,0
1.5517145,23.065773,2
11.683365,10.237771,0
3.8465712,5.3919706,0
-0.08854953,9.63642,0
8.618337,1.6690172,0
-4.4790144,-2.739657,0
3.5515609,14.322437,0
17.044191,8.010082,2
2.8507159,-7.070417,0
6.14385,8.597341,0
8.578221,-14.058438,10
0.7538689,-1.7371323,0
14.5128355,17.01734,4
9.82587,11.71201,0
-2.7202456,-9.198855,0
3.972305,3.8241124,0
-11.12751,-1.9877226,0
18.517027,4.258686,0
-1.9037253,-0.14156884,0
16.07004,-1.4548696,0
20.147547,2.3517013,0
-1.2819047,-8.6360235,0
5.926125,20.259079,0
10.163027,-3.0716014,0
-2.735039,11.094738,0
0.5916193,-1.5750605,0
7.858605,-9.612995,10
-3.698895,-4.094129,0
9.284885,9.169178,0
5.905401,-2.1064785,0
8.042171,4.3416247,0
1.9456036,-6.902862,0
-5.205443,-10.228544,0
10.785747,5.764296,0
10.8957205,17.394604,0
-4.010969,-2.8270805,0
-5.4535356,-5.191357,0
-4.8759203,-9.827341,0
8.90273,12.803482,4
6.4324765,-6.1864123,0
9.922762,3.3975022,0
10.892768,23.087425,2
-1.9068632,-0.15752587,0
1.8080152,9.491752,0
-7.839917,-2.6403995,0
0.31240815,-0.09662777,0
8.977697,3.62853,0
0.42406726,-1.8886355,0
18.858496,5.9269285,0
10.01062,15.351781,0
14.7752,6.6463394,0
12.47299,-0.999248,0
10.826526,3.5738208,0
9.229713,13.192055,4
-5.7184124,-16.439518,0
7.2934394,20.325071,0
6.288116,6.542548,0
17.680632,6.191639,0
2.2939503,10.039744,0
-0.5241433,-5.704156,0
5.673557,3.7664292,0
6.840552,-6.3750377,0
22.215363,-1.9139907,0
10.9063015,17.312483,0
5.6739244,14.425156,0
-2.7708821,1.7114209,0
-5.7936473,-5.6882,0
13.231236,-2.8414137,0
-1.0586197,-5.093578,0
6.2831364,13.034727,0
9.567752,3.13944,0
-9.126158,7.931733,4
16.808678,9.477717,0
-9.447823,8.53151,4
-3.5972989,-4.2862425,0
-2.64284,11.063947,0
10.517691,15.928402,0
8.065065,-10.571904,10
-6.600524,6.3143773,4
-3.7698915,-4.28916,0
1.1599985,0.9091871,0
5.7878013,-2.4999123,0
-5.5278063,-6.877497,0
5.142927,14.2630005,0
-0.21098958,5.7067976,0
-6.552917,0.12297972,2
15.860645,0.8351825,0
11.922002,-13.843582,0
1.5904619,-6.66011,0
-6.1896634,15.367569,0
13.79055,0.14868721,0
5.4100456,5.084836,4
-0.30524746,5.792097,0
-1.7090882,12.419597,0
19.207386,-3.1088982,0
9.342883,-2.9345486,2
9.9311905,16.2532,0
10.369014,2.040618,0
7.5276413,3.9041102,0
-2.894638,-2.9215355,0
1.5543672,23.062256,2
6.561523,2.997977,0
-8.665288,-2.028982,0
8.281063,5.0976033,0
-5.588928,-6.1404734,0
-8.979599,13.816173,0
5.7893686,5.631661,0
-4.827961,-5.6379766,0
13.420038,13.96078,4
6.1745167,-6.0072994,0
-3.369123,2.4801152,0
5.9528656,3.0868795,0
8.590606,1.6356455,0
-2.4806094,9.746249,0
6.2266397,-6.047484,0
8.886065,-8.173771,10
1.649991,-0.9210873,0
-11.9954,6.4655266,0
5.895375,7.194646,0
3.9835458,3.861823,0
6.8609867,6.1624503,0
1.3133976,14.155997,4
10.2437525,15.914643,0
0.9414414,17.26706,0
10.794827,3.574302,0
7.2957377,20.337976,0
0.9848452,17.32802,0
1.3691834,11.691901,0
13.086838,-2.647468,0
9.437688,2.9897597,0
7.1409974,-1.6785493,0
1.279682,0.81995314,0
-3.4178982,12.851323,0
-0.33293086,9.81143,0
4.481889,15.31417,0
0.43587422,-1.8655308,0
-10.76874,-5.2344956,3
0.93893963,17.259657,0
-1.3686765,4.011262,0
-3.4072704,2.5498943,0
8.754156,5.0512714,0
-9.662034,8.165721,4
8.664731,1.7577279,0
8.774785,5.5185976,0
4.421895,-13.705919,4
19.165527,-5.0143814,0
15.262002,3.9934337,0
9.949853,16.869503,0
10.824404,3.59202,0
9.655462,4.9170876,0
10.423823,15.799637,0
9.974948,4.0536666,0
7.0150905,3.7085526,0
1.9738935,-7.0516734,0
-9.418684,-9.352728,0
6.7476025,3.1271086,0
10.916634,23.082237,2
-1.2137655,-8.961775,0
0.9532039,0.11286312,0
5.7976522,14.431008,0
-5.5843983,3.2015018,0
7.5997825,-8.760982,10
-2.8809335,-3.0261455,0
-6.597313,6.3170705,4
4.8096094,15.280519,0
-9.580362,8.712556,4
-5.036536,-5.6323514,0
10.160048,-3.0672228,0
19.404547,-5.261053,0
2.8450217,10.278918,0
10.267305,18.552635,0
-6.007259,-5.812791,0
2.791282,-17.530588,5
8.582806,1.6025696,0
5.1662836,3.8398108,0
11.829299,-6.607036,10
6.6501822,-1.7929341,0
18.81261,0.25498408,0
-3.5845425,17.172634,2
6.4470816,6.7189674,0
8.892299,12.801509,4
6.2397966,-1.3719904,0
8.465199,10.462755,2
17.473148,15.21864,0
17.517498,9.512523,0
-8.933157,13.790087,0
18.520414,4.260658,0
-11.992174,6.468478,0
5.474245,26.726965,10
-1.0563718,-5.0956483,0
6.3094153,3.301552,0
22.81686,0.5624861,0
17.861889,9.476981,0
10.742424,-4.003427,0
-2.6123047,-2.861506,0
1.3375739,11.718615,0
-2.2557588,10.455393,0
7.4259367,3.6440318,0
-2.6620693,-2.8851492,0
9.354634,-2.959852,2
10.964312,2.9484246,0
11.157269,-4.009024,0
2.7735238,-7.026198,0
-8.907446,13.750029,0
8.002172,10.232576,4
-3.6541781,-2.5418959,0
-3.8930821,-2.482532,0
14.977643,10.088017,2
-13.617895,4.1198454,0
6.726939,2.972283,0
14.286792,16.787493,4
10.212473,-3.1653013,0
12.649646,14.968634,0
5.410168,5.0792656,4
9.461238,-3.1449845,0
-3.6404653,17.217482,2
5.372043,5.1402645,4
1.2687502,0.9484715,0
5.5837398,13.633113,0
-4.5334525,-2.478607,0
3.5322506,14.343519,0
7.155714,-6.3195634,0
10.84188,-4.0369864,0
15.81651,12.799829,7
17.490128,-2.0100148,4
9.116574,5.2200027,0
14.261915,8.090335,0
-6.828756,13.192067,0
6.7413893,18.635427,0
-6.7393622,0.7444142,2
-1.397266,4.1755767,0
-0.16861726,5.6425347,0
4.213981,3.6101415,0
-5.318289,-5.1686,0
22.206001,-1.9042856,0
6.0502224,5.609174,0
2.2309499,-6.2383447,0
7.110413,7.1060195,0
7.7393847,4.7247787,0
17.670832,-2.192078,4
6.51097,17.080946,0
13.386369,25.296652,0
-5.9955463,-5.8319235,0
3.2947092,-6.676388,0
4.826262,-13.677495,4
6.2776465,2.81756,0
19.395432,-5.251666,0
-2.2305305,12.563677,0
8.29478,-13.754978,10
5.535347,4.026643,0
-5.538839,-6.896868,0
14.771249,6.6371207,0
-5.9661536,-5.9556217,0
12.995131,4.621784,0
7.3186526,-6.2432365,0
4.3244023,-13.795591,4
4.073038,-3.9865131,0
-2.1117756,10.779241,0
11.029039,23.19516,2
-8.623391,-13.376835,0
6.558092,17.067892,0
1.2914797,-12.15852,6
-12.184366,-8.676765,0
2.5723214,-6.929255,0
4.7821574,14.985883,0
4.0343843,17.817148,0
-9.2799835,4.4222627,2
6.6885653,-2.829086,0
8.868279,9.096854,0
-1.2432057,-8.706766,0
1.7056942,-1.0847121,0
13.228313,14.010247,7
-3.4370036,11.151355,0
3.475001,14.35201,0
6.003908,3.014563,0
-8.9641,13.83853,0
10.115017,5.8201103,0
-2.7142706,11.090794,0
9.880115,3.7112172,0
1.8140403,9.48523,0
3.7991524,5.435309,0
3.895471,17.301613,0
13.73666,-4.6063657,10
13.789474,0.1487804,0
-2.0526645,4.5848985,0
9.699997,16.407375,0
10.911194,17.392262,0
16.131136,-0.104429945,0
1.6165389,-6.101113,0
8.145232,-13.591361,10
4.978439,9.532557,0
-3.7433028,11.989503,0
7.0925226,21.628479,0
-9.621217,8.72153,4
9.659862,3.936841,0
4.0281005,17.81854,0
-9.423937,4.2779493,2
5.7829432,14.700395,0
8.81927,4.97265,0
-1.8556087,-0.106364444,0
10.835878,6.014222,0
5.254467,4.0713024,0
-9.581386,8.733322,4
6.7693024,-2.4191706,0
6.138921,2.5291383,0
6.2370334,6.631505,0
6.9691186,-6.376538,0
10.177039,-6.0518103,2
6.412005,-6.2328053,0
15.049125,-12.197239,10
6.1580415,-1.5183154,0
9.207615,5.5850363,0
12.938495,4.686331,0
0.97831273,17.307428,0
-5.5487475,-6.839517,0
13.492182,-0.43773216,0
3.8156328,3.6733692,0
10.610446,-3.7282634,4
-3.717768,17.270512,2
6.423288,3.2564623,0
6.751142,-6.315379,0
6.203913,13.152396,0
6.545178,15.205825,0
-3.4361715,11.144338,0
4.564272,-13.401697,4
6.0350137,3.0316787,0
16.079903,0.23005615,0
-3.6157572,-2.5564184,0
19.339117,3.8970795,0
-6.4344816,8.311424,0
5.383434,13.889218,0
-2.7284317,11.090007,0
12.734329,4.865972,0
22.526316,0.62929404,0
-6.120013,-6.010436,0
-8.968784,13.834335,0
2.5006247,19.892628,0
5.9261656,20.258078,0
3.270084,-6.597395,0
10.740048,-4.0327773,0
1.5111138,-0.81412905,0
6.540651,15.199501,0
9.151262,5.1885395,0
12.471615,-0.99181443,0
8.30393,25.043585,10
1.4293427,19.488865,0
-4.1260247,-2.8587518,0
1.602155,8.94091,0
1.7311139,-6.8473535,0
11.240966,20.061836,0
-4.107918,-2.9735792,0
9.857971,9.389469,0
1.4700954,-0.41091397,0
6.194674,14.9966,0
-2.50905,9.724352,0
10.192323,2.1171372,0
6.80959,-6.26326,0
4.8119583,-13.116908,4
8.331497,-13.794933,10
-1.9279017,3.4095535,10
5.8645787,3.4565425,0
0.44480497,-7.4726477,0
-6.629187,8.514122,0
3.9694028,17.753355,0
5.9297667,3.649778,0
6.0187016,14.372568,0
9.841915,11.7271,0
10.2464485,-3.2334683,0
-0.87433106,10.1240425,0
-3.3757703,2.4813013,0
15.257855,-11.762972,10
11.676619,10.241069,0
4.9541993,9.556852,0
-9.196117,-6.3478937,0
14.088982,16.59319,4
9.007965,3.7527301,0
6.6153593,3.6491265,0
10.301094,15.108507,0
-0.8738898,10.121697,0
8.302377,4.5895805,0
17.837015,9.836425,0
2.659678,-6.2369943,0
-5.545194,3.1270044,0
15.892869,0.788604,0
7.281217,-1.5620048,0
-3.646413,-2.5531704,0
3.8946943,16.669304,0
10.174683,18.657635,0
13.414452,13.970302,4
17.01631,9.517446,0
3.5373662,14.430824,0
8.02151,-10.528323,10
5.9323573,-2.5905356,0
19.599007,4.224026,0
-2.0977097,-0.39760265,0
14.212979,7.5520973,0
6.795404,18.687609,0
15.1627445,10.310452,2
8.87987,12.816342,4
-1.2010437,4.5606074,0
-5.6588774,3.2947867,0
5.7472034,5.1556115,0
-7.658046,10.818087,11
10.005597,2.491523,0
2.8679047,10.294172,0
6.2210197,8.679784,0
1.9082671,-0.991224,0
8.06865,4.3106437,0
-7.3745847,2.4890468,0
-3.4517236,-2.6405888,0
11.919845,-13.846537,0
-5.3842807,-10.43496,0
6.411758,5.085262,0
0.24365968,-0.859314,0
8.384078,24.965387,10
1.607715,-6.7039175,0
-11.105693,-5.0959644,0
22.801039,0.6006203,0
-0.68483186,3.5444562,10
2.2808683,10.034714,0
7.594405,-7.6489987,0
1.0247068,-0.8123312,0
6.4298964,4.9554334,0
3.487946,14.372132,0
19.457085,4.000866,0
8.91031,-8.242897,10
10.684859,16.492186,0
-5.053139,-10.063921,0
3.0155787,-7.218779,0
-9.530534,8.6705065,4
10.63932,5.9789176,0
1.122089,-1.2907375,0
6.910445,-2.7577827,0
5.9662356,-2.5591877,0
4.4501677,-13.851629,4
1.617566,8.936918,0
15.088393,10.219787,2
10.159638,-6.0702896,2
1.0141913,0.61797535,0
-1.78726,-11.538584,0
13.286553,14.433045,0
8.344807,25.005178,10
-2.7066963,-9.221172,0
13.93334,-1.1220435,0
2.053349,8.773966,0
1.2397741,14.11361,4
-3.5789976,11.297786,0
6.9203143,6.975585,0
10.8199,5.839808,0
8.899283,9.098149,0
5.8255396,-2.575638,0
15.047082,-12.211593,10
6.2509265,4.2827005,0
7.299298,5.516116,0
-2.4209983,11.000093,0
5.4181376,13.442222,0
7.0002494,-5.6692595,0
-2.1010427,-0.37423232,0
9.1839285,5.5105414,0
1.9149681,-1.0192499,0
-6.613426,8.498355,0
4.4616485,-13.858614,4
-4.66828,-2.1519687,0
3.5678425,16.915846,0
18.899496,0.1591369,0
3.9212031,17.313639,0
5.8658233,14.145385,0
4.557756,-13.392903,4
3.851315,16.745028,0
19.570505,4.1618857,0
-2.7344189,11.094118,0
-2.5786965,-9.931461,0
5.158776,14.4325695,0
10.722607,22.95561,2
-8.1687765,-2.7858913,0
17.229443,-8.795737,0
6.725264,3.5230775,0
-3.3671274,2.4824514,0
9.693585,4.956213,0
6.2327623,8.69282,0
12.023172,5.0370784,0
-8.690275,-2.0148346,0
-3.738278,-4.1297994,0
6.6103625,-1.9644746,0
7.572946,5.4272823,0
9.841285,16.51482,0
9.848065,11.7311735,0
-3.9567697,-2.7548933,0
9.789203,3.8256698,0
9.292984,4.896871,0
-4.6700535,-9.700329,0
-4.0942135,-6.056832,0
-4.222431,-2.8618937,0
9.528932,3.0502927,0
-10.831072,-5.270656,0
-4.8245792,-5.6614685,0
6.255015,-1.2099704,0
18.949272,0.094378114,0
4.038016,-12.78969,4
13.703914,8.343918,0
-2.0277655,4.5610323,0
13.071171,-2.6276565,0
6.5360546,4.610002,0
-7.371598,2.4870934,0
-6.044534,-5.808608,0
20.171425,3.5460243,0
12.961992,-2.5054424,0
9.146589,5.1737843,0
-7.9115005,-2.6495092,0
12.783349,4.9255,6
17.464766,-1.9843981,4
-10.633832,-4.7725735,0
9.1527195,13.290226,4
-6.734403,0.50159705,0
19.658966,3.343789,0
10.283311,-3.284842,4
9.776041,11.679103,0
13.485049,-0.45545512,0
4.4607058,-13.871318,4
1.8409221,23.185553,2
9.315268,5.062388,0
-1.6848696,-13.769849,0
-1.2065866,-8.940986,0
6.002422,14.506746,0
-4.2241282,-6.1487837,0
1.6367193,-6.1092744,0
0.7685845,-0.057887223,0
5.79056,4.2257648,0
11.057264,6.228347,0
9.195872,13.260389,4
9.730423,4.8341966,0
10.522249,-3.6253147,4
-13.389896,4.3466883,0
6.2165823,5.361297,0
4.0047503,3.8505166,0
0.53641295,-1.6889746,0
10.264986,16.600847,0
6.5601754,15.2101145,0
19.971577,7.4691854,2
10.709456,16.953293,0
-5.0238304,-5.181953,0
9.565564,5.4274693,0
6.2516475,14.024046,0
6.7475476,3.0564373,0
6.5254617,4.6335196,0
6.679727,2.9847085,0
-8.5708065,-2.423213,0
1.9742106,23.237827,2
4.835922,14.964183,0
19.408304,3.8417346,0
17.05514,8.000924,2
-1.3653045,14.525084,0
-1.374688,14.535948,0
-6.681579,8.565612,0
-3.621587,11.358907,0
10.921003,2.9254513,0
8.914614,2.3375356,3
0.86528826,17.114355,0
10.487494,16.784723,0
17.47097,15.216756,0
-9.4234295,4.2631435,2
7.599188,-8.756396,10
11.09241,-4.6056185,0
16.893206,9.503308,0
7.0275083,-1.8137157,0
8.952949,12.862979,4
-4.6891174,-5.7346563,0
-5.6635747,3.3168535,0
-6.593946,8.479251,0
-1.4459274,3.9158483,10
-2.6083593,-9.789707,0
2.0413961,8.708103,0
-0.07107855,9.687743,0
8.0907755,4.369827,0
10.712062,17.231976,0
-6.540467,6.2712193,4
-10.947168,-5.0625753,0
19.3706,-5.2257705,0
8.0345955,-10.540325,10
-2.46486,9.774179,0
-13.562613,4.175045,0
8.333819,25.016382,10
-7.5284925,0.4405811,0
-2.6598594,-9.380943,0
7.271787,4.5061994,0
2.0555062,-6.1969595,0
4.0279593,3.8291495,0
9.777697,3.6425138,0
1.4524052,-0.28600764,0
-0.69303864,3.5488195,10
5.3395123,3.3630917,0
11.032074,-3.9311256,0
0.71455735,-1.7002178,0
13.230676,14.018012,7
-10.7589855,-5.286005,3
-10.746324,-5.2813134,3
10.594987,-3.7131019,4
3.0676904,-7.4131694,0
5.3245487,3.3142095,0
13.984775,8.297566,0
-5.584767,-5.704052,0
18.999216,3.409411,0
6.5476646,-1.97251,0
-2.801135,1.6736804,0
-5.034906,-5.42262,0
13.564676,-0.37032863,0
-1.6397897,-13.81445,0
-3.4618764,11.177528,0
-4.201731,-2.9619155,0
4.0475864,-3.9603279,0
20.146328,2.3798022,0
-1.1169579,-8.707418,0
1.3380117,11.718379,0
-4.787181,14.51504,0
10.770948,22.992603,2
15.229753,4.023285,0
1.3010225,14.151121,4
2.6888266,10.184308,0
10.414573,15.569948,0
3.9786215,3.8443058,0
8.704904,5.215931,0
9.433959,3.0719185,0
11.889524,-7.7262864,0
3.8399444,5.3947415,0
-1.3801091,14.535706,0
-6.7459145,0.9068379,2
-3.3205647,12.942346,0
10.688786,6.3006506,0
6.0767226,13.23311,0
-1.8484817,-11.613532,0
8.778281,4.4100366,0
7.1147313,-1.635717,0
10.742081,-4.039154,0
7.237457,4.7656646,0
4.465621,-13.359032,4
10.599482,-5.1830006,2
0.79068136,-0.9031389,0
9.118412,5.4265943,0
-1.538097,18.299694,2
-12.86509,9.80348,0
9.215096,3.6945167,0
2.8455958,-7.16628,0
19.206553,-5.0574403,0
9.817907,5.5685267,0
3.9511876,3.8240635,0
7.5805454,-8.738164,10
5.7702227,13.286152,0
7.6964264,-9.879394,10
16.102388,0.1512137,0
-2.1326697,-0.40769792,0
10.799137,16.924562,0
14.329253,16.83183,4
16.133429,-0.5124294,0
4.364122,-13.846114,4
6.6078153,1.8865199,0
18.889944,0.21869041,0
7.6931534,4.591655,0
10.2517185,15.126306,0
7.9074197,-9.3606205,10
4.063249,-3.9783413,0
8.920374,-8.231293,10
8.838817,9.082244,0
-2.5088022,9.722961,0
-9.189013,-6.3524723,0
16.578474,6.327494,0
5.7025504,13.731327,0
-8.4866905,-2.2778046,0
-1.2031691,4.555988,0
10.911193,5.996773,0
-3.6788025,-4.0967846,0
4.2037024,3.6297696,0
11.301268,2.8241048,0
6.8079686,3.0003004,0
3.8375401,-12.645538,4
8.44074,3.6516385,0
4.6098013,15.24851,0
-1.7514918,12.41972,0
6.243189,13.103845,0
0.2958942,-0.67276365,0
20.558086,16.53462,0
13.386322,25.29663,0
-0.16022016,9.69576,0
9.824979,9.387372,0
4.778324,-13.764467,4
-5.397634,-10.448524,0
10.430508,3.574642,0
7.16479,-1.6773509,0
9.867918,3.4349606,0
10.116723,15.69758,0
-4.779922,14.510501,0
3.4716778,14.348483,0
9.196931,13.229415,4
11.514044,-3.9752526,0
5.7765746,13.275579,0
17.679201,9.396286,0
1.7645009,-1.1457133,0
8.622086,3.625891,0
-9.4188175,-9.352653,0
-1.7205917,12.422018,0
-0.9891689,-8.747237,0
8.897173,-8.189266,10
-2.247505,10.4470625,0
-13.474623,4.2627106,0
-8.522257,-2.3005822,0
1.4249107,-1.3329136,0
10.140921,2.1718283,0
1.4384685,22.980417,2
-2.9590945,13.069202,0
-8.638905,-2.048886,0
5.067349,14.158193,0
5.9462194,-2.497782,0
11.867748,-13.894133,0
-4.524809,-2.3295095,0
4.1563964,3.7049975,0
-0.2218852,5.713498,0
13.012076,4.6230016,0
11.321502,2.756312,0
9.10009,5.280753,0
9.871046,9.398236,0
2.086641,-6.377048,0
13.963971,-1.1063129,0
7.537377,-5.7570186,0
15.956071,0.6882138,0
12.613874,-0.8514671,0
0.9635923,0.5733926,0
-11.99139,6.4685197,0
8.049747,-10.554884,10
1.3878832,0.9780889,0
-0.8480037,10.088153,0
22.52391,0.62893516,0
11.4256735,-4.024771,0
0.82437634,-0.94490665,0
-0.30927148,5.7980757,0
6.768447,4.408007,0
10.794546,2.9224968,0
-1.9045076,-0.16270044,0
4.880784,15.2206745,0
-1.6164864,18.249012,2
14.758967,6.651653,0
6.6812997,3.5194898,0
3.872159,-12.672066,4
5.7183595,3.1655357,0
11.644363,10.270378,0
9.759422,5.0328293,0
5.789399,5.637412,0
-4.9555483,-9.947836,0
3.5223224,14.335491,0
5.356548,5.133382,4
6.399625,3.2380295,0
1.0360658,-1.3748446,0
7.116641,-2.624719,0
6.8383408,4.776241,0
-10.891086,-5.1568522,0
-4.2089972,-6.008637,0
-4.4407344,-2.8230023,0
2.8083458,-7.0522747,0
6.235702,-1.1973944,0
14.222015,7.545502,0
11.646563,10.2594795,0
-2.7217891,11.084448,0
19.667406,3.3423524,0
8.340478,5.1154356,0
9.545745,3.7178645,0
-0.8564104,10.103947,0
7.1089287,-1.662464,0
5.310647,5.0614448,4
16.090416,0.18736807,0
6.8061314,3.008579,0
-4.504354,-9.528677,0
0.9782196,17.30731,0
10.983516,6.097546,0
-1.68905,18.139898,2
1.7904937,9.587348,0
-9.12076,7.9294004,4
-3.6182947,11.271882,0
13.96627,-1.0993385,0
13.7032585,8.327577,0
0.08701642,-1.0303164,0
8.897392,3.4107113,0
18.935247,0.11248481,0
1.355296,11.699514,0
1.5191658,-1.2925842,0
6.7610826,4.8252654,0
-5.292984,-10.320559,0
5.477968,26.721846,0
10.31985,3.5795896,0
9.870737,3.4577732,0
5.3917975,3.0459828,0
15.082622,10.219736,2
22.206656,-1.9043351,0
4.7922187,-13.15505,4
2.0408578,-6.222636,0
15.260806,-11.759337,10
-9.650735,8.20018,4
5.9924364,14.350538,0
-6.4893227,6.3538175,4
3.2420592,-6.8087873,0
6.1524734,-5.989293,0
-3.2926877,12.9685545,0
8.799759,2.2420382,0
6.7816105,6.945441,0
13.417573,13.95323,4
10.216351,-6.0074735,2
6.8025637,3.0786288,0
11.020471,5.9355254,0
-4.5561886,-2.3614097,0
17.879118,9.445375,0
-11.1275835,-1.987743,0
6.2102547,-2.1538062,0
13.386351,25.296665,0
11.2429,19.658869,0
13.023724,4.616053,0
10.337476,15.996608,0
10.209092,4.1376286,0
-2.050603,4.581566,0
-9.787529,0.9669457,0
6.394219,-1.8553071,0
2.4763088,19.868635,0
13.231829,14.322598,0
-1.7505656,-13.701233,0
14.298312,7.6332903,0
11.1607485,2.885726,0
-6.370537,-6.031806,0
-2.57457,9.751427,0
3.8367052,-12.677984,4
6.9140687,3.6801283,0
10.514938,15.965594,0
3.8224213,-12.6523075,4
-8.968452,13.795592,0
3.0032966,-6.3376527,0
8.999362,9.115501,0
6.303208,15.050812,0
9.333645,-2.8668869,2
15.24389,4.010198,0
-2.0065532,4.547469,0
10.727547,16.98632,0
4.2236586,3.64347,0
8.899948,-8.256123,10
1.5562292,-6.6527367,0
10.138957,4.0718517,0
2.8344114,-6.278391,0
16.115763,0.09528289,0
0.44705787,-7.4699645,0
6.1587663,2.589063,0
14.350834,-0.66387177,0
4.2056804,-2.1124663,10
3.945994,16.621792,0
19.211052,-5.057264,0
6.577937,4.4769664,0
6.467681,3.2804291,0
2.0070596,8.648113,0
-5.487115,-10.539759,0
17.457607,15.202578,0
-5.72529,-16.445347,0
-6.7907214,13.169202,0
13.025346,4.6126304,0
7.084341,-1.747327,0
10.124527,18.706171,0
3.8122761,14.565885,0
-1.0549498,-8.6316,0
-4.2576613,-6.1441455,0
4.7684712,-13.617824,4
9.135213,13.310817,4
-1.1186204,-8.756284,0
-8.623455,-13.376921,0
12.769298,4.9059124,6
-1.7314326,12.423098,0
-3.728889,11.379448,0
2.7912853,-17.530607,5
-4.1764917,-2.909827,0
1.8655374,-0.96216017,0
7.2970896,20.335224,0
9.634069,2.944599,0
10.294767,16.612106,0
6.266581,5.3496857,0
5.93155,13.895228,0
17.05128,8.003786,2
6.997296,6.8215666,0
11.028297,5.958164,0
5.462241,26.727438,10
2.0869372,8.981455,0
-3.931494,-3.0039132,0
4.1623616,-2.056156,10
6.5606985,4.4493146,0
-8.285102,-2.766121,0
13.982875,8.292815,0
8.353236,4.781885,0
18.933165,0.111588195,0
10.899142,2.9269323,0
4.4494195,-13.857877,4
7.9105196,4.518378,0
3.0829122,-6.3426642,0
5.9816875,-2.0891042,0
1.9660013,8.567941,0
-4.1368065,-6.165008,0
-2.5205562,9.715852,0
-5.9294567,3.8717003,0
13.299781,-2.9272842,0
3.8859394,17.433653,0
7.301482,-1.4638228,0
7.2710795,3.6270661,0
-13.378268,4.3585763,0
6.1497307,-1.8733882,0
-1.704173,18.128893,2
19.094841,-4.9399905,0
-1.786245,-11.549365,0
-5.4065504,-6.156182,0
-1.7269211,12.429076,0
5.0804124,9.436197,0
6.708344,3.5311012,0
-0.68783915,3.545969,10
6.637364,3.5566661,0
6.042468,14.315491,0
-0.7697013,-5.4291954,0
3.891163,16.706451,0
0.8348496,8.121924,0
9.056462,5.392068,0
-4.102106,-2.8925402,0
9.776536,2.997044,0
9.344585,-2.8848815,2
7.0739174,-2.6583245,0
5.688151,5.0159125,4
1.5835823,-6.0970693,0
7.6589293,4.1181617,0
2.2514272,-6.4697223,0
8.905367,2.3981543,3
1.7348495,-0.9606225,0
1.3386254,11.718634,0
10.916566,17.367418,0
-0.7896975,10.061375,0
13.72893,8.311538,0
19.432837,-5.290123,0
9.456714,-3.151593,0
-4.3198,-2.4993153,0
18.887297,5.9172363,0
17.894997,9.5134735,0
-3.6578832,-4.274056,0
13.191791,17.84743,0
-2.6263292,-2.8761482,0
4.8427553,-13.663964,4
5.831144,5.6079936,0
-1.3579571,4.2986975,0
10.06412,3.6147575,0
6.3003583,14.007125,0
9.203078,4.860611,0
13.944374,-1.1300459,0
4.219566,3.628672,0
7.6561203,-5.7634726,0
3.8151615,3.540925,0
-3.4746587,12.785172,0
9.029776,3.7334292,0
-4.4872456,-9.508587,0
6.669166,4.5302806,0
7.0922794,21.629845,0
-0.8579525,10.102673,0
6.075036,13.256465,0
6.601827,6.0051913,0
-4.5325356,-2.336818,0
5.566628,13.638576,0
6.8744082,7.0060205,0
1.8018794,-1.1159772,0
16.60389,6.353053,0
13.973606,-1.0972177,0
-5.1714425,-10.185516,0
17.81557,9.80376,0
11.882438,-13.881891,0
7.091864,21.630325,0
9.781429,3.764633,0
5.5244036,4.067119,0
8.876357,12.817459,4
-0.19721475,9.490421,0
-8.988339,13.81088,0
5.401033,5.070266,4
7.4301815,-1.4664948,0
-6.2316203,15.401285,0
-3.6971817,11.351259,0
-6.7345123,0.5106335,0
6.5643497,4.9838886,0
14.274585,8.084024,0
-6.747719,0.90773845,0
-4.3004136,-5.8589535,0
3.9229994,17.733116,0
-8.191753,-2.876257,0
18.883518,5.9212375,0
8.462875,10.462843,2
1.3025584,14.154116,4
20.156004,2.3407874,0
-8.896812,13.740274,0
-4.7096477,-2.119768,0
16.56665,6.3154883,0
-0.39893273,9.893361,0
2.8691757,10.299402,0
4.490474,15.314614,0
8.858777,5.5812817,0
2.874006,-6.374098,0
-2.6600938,-2.8991768,0
-8.512793,-2.3508465,0
7.7475305,-10.289989,10
7.009907,2.9281192,0
12.74569,4.931866,6
8.51761,4.73116,0
0.5741311,-1.556682,0
10.506117,16.56833,0
-6.5422554,0.10894071,2
-9.189589,-6.3521695,0
6.5918913,4.4781322,0
5.4226594,26.7341,10
17.681147,9.407209,0
11.235268,20.048962,0
18.84156,0.22142777,0
8.805696,9.106877,0
-6.6705136,8.554357,0
3.5297022,14.410029,0
5.2716055,14.147674,0
10.921479,23.087526,2
-3.8827307,-2.4978175,0
-5.181436,-10.204929,0
12.040991,-7.8755417,0
-4.7851124,14.514434,0
0.9332403,0.07886949,0
0.8504222,8.1284,0
9.821192,3.3815634,0
7.1211104,7.0740056,0
10.28933,2.0419385,0
-8.670267,-2.0303988,0
1.9020678,9.796518,0
-0.30007815,5.78596,0
19.38835,-5.244378,0
10.485216,15.95617,0
-12.0107975,6.4508433,0
14.533766,17.037853,4
7.005471,-5.6864605,0
-12.835234,9.767472,0
5.66819,2.9991217,0
4.230472,3.6357892,0
19.66301,3.3428853,0
16.131351,-0.10849247,0
11.210548,20.014206,0
4.3439374,-13.867411,4
8.108959,4.652293,0
20.501245,7.0785522,2
12.852607,-2.4280753,0
13.690403,8.3414135,0
10.572246,-5.2321954,2
-6.40545,-6.0649366,0
-4.1295366,-6.098768,0
3.1416233,-6.52689,0
10.858298,23.057737,2
-3.3737311,2.4804053,0
18.896984,0.22176959,0
11.77269,-7.6120996,0
14.990486,9.863305,2
6.776753,3.010405,0
11.339186,-4.0880084,0
10.287633,2.0415,0
2.2852132,-6.6025686,0
20.294231,3.5675108,0
10.034417,15.365767,0
14.186869,-0.83562195,0
19.302927,-5.1565657,0
6.9607773,6.956204,0
9.942355,5.707511,0
11.649298,10.265608,0
0.584559,-0.80836725,0
13.250209,-2.8625398,0
1.7173902,23.15348,2
11.22664,20.03793,0
-5.9274864,-5.6698303,0
-0.40571645,9.90364,0
10.8869095,23.0663,2
7.3031726,20.329992,0
-5.39813,-10.448424,0
19.599213,4.2244864,0
20.670626,2.1363845,0
1.7933218,9.538693,0
6.053898,-2.6285105,0
-9.111638,7.900951,4
-1.6908075,-13.763933,0
13.250907,14.394671,0
11.276686,2.8520396,0
7.290121,-2.4000463,0
16.131865,-0.10303925,0
0.9142655,0.04237229,0
8.783073,2.2452466,0
10.056046,3.1709473,0
11.06733,-3.9673839,0
2.1972878,9.985088,0
15.628633,9.715555,2
-3.72918,11.376221,0
8.885702,2.3994877,3
-0.8112911,-5.3839393,0
7.167381,-1.6693525,0
14.610791,17.115463,4
10.262958,15.149389,0
5.2660108,3.8646615,0
17.026154,8.031617,2
10.699433,6.295174,0
-3.4737356,17.089024,2
-5.504893,-5.332497,0
15.043761,-12.208883,10
15.264479,3.995354,0
16.674932,6.4152846,0
-4.8290825,-5.635716,0
-9.138741,7.9624443,4
6.8694234,18.766005,0
6.489207,-1.1241778,0
4.8167315,-13.649328,4
-2.6641943,-9.398357,0
-4.719013,-9.656744,0
2.8612397,10.290145,0
-0.15107106,9.705505,0
12.727827,4.8719845,0
-1.2135482,4.54555,0
5.9533653,14.352958,0
-9.128093,7.921294,4
8.767643,4.4664645,0
5.325614,3.3277597,0
11.037373,5.9518104,0
7.2769246,-2.4042995,0
7.872923,-9.256888,10
-3.5638282,-2.5606837,0
6.8751435,3.2340245,0
-3.951507,17.441486,2
4.7795196,-13.766828,4
9.756109,9.018858,0
7.0851626,-1.2162187,0
4.0286345,-3.940881,0
5.630295,6.088552,0
9.8602,16.36586,0
13.386407,25.296738,0
-2.7973874,1.6820898,0
13.771413,-0.24821064,0
10.51658,15.938587,0
2.912882,-7.110956,0
14.309524,16.811306,4
1.6396765,7.6421924,0
-12.858228,9.798644,0
-5.659108,-5.4062376,0
-0.9947532,-8.615532,0
7.016594,3.63175,0
2.0687175,8.793721,0
7.30005,20.33098,0
6.30325,4.265106,0
5.5268626,4.0070305,0
20.483316,7.093837,2
-4.288134,-2.4206302,0
-5.6156735,-6.26854,0
10.956309,6.0100155,0
9.789568,3.3368897,0
3.5957346,16.890055,0
11.816119,-7.6554112,0
0.8052585,16.860306,0
8.892052,5.0549607,0
6.2822156,14.016566,0
-7.8666277,-2.6694298,0
1.4300065,19.491276,0
-8.546223,-2.4551644,0
6.313948,13.995191,0
7.191326,-1.5983154,0
-9.315843,8.364724,4
9.844752,11.730178,0
6.8336363,4.438707,0
17.679726,6.181256,0
8.623212,4.604473,0
1.359278,0.9880267,0
8.642996,5.159148,0
11.253501,2.9099479,0
9.485462,3.1126308,0
10.160955,15.923458,0
6.756138,18.652515,0
1.3122714,14.15463,4
-5.9668183,-5.9064693,0
4.508639,-13.828162,4
5.9708023,13.664265,0
7.947485,-9.465172,10
14.295833,7.6342053,0
-12.184447,-8.676751,0
2.219289,-6.4722443,0
9.05959,5.3129635,0
1.9516416,8.626799,0
13.985446,8.295472,0
2.9286885,10.332427,0
6.168331,8.620243,0
-3.0076954,-3.0559897,0
6.6411014,-2.8394368,0
1.6378489,7.6441064,0
11.794011,-6.6407967,10
-11.991333,6.4686494,0
-4.0438766,-2.895886,0
-6.34475,-6.0570645,0
-2.250518,10.458382,0
-0.99585056,-8.622207,0
14.317779,16.819477,4
-2.9938955,13.067786,0
8.588101,-14.069049,10
5.8127317,4.2978153,0
9.648556,5.4735966,0
17.61282,-2.1343098,4
9.673707,3.842103,0
20.502886,7.0749254,2
7.021995,-5.6571817,0
-3.7482517,17.292185,2
1.9960564,-7.011903,0
11.897307,-13.866348,0
1.5304571,23.03545,2
1.9808508,8.57326,0
2.6974514,10.187839,0
-4.5281334,-2.4606383,0
8.88331,-8.173052,10
-3.752257,-4.196879,0
-0.17463525,5.651879,0
9.696353,5.4077973,0
-1.6632515,-13.792019,0
-1.5090431,3.8520713,10
12.696045,4.805852,0
5.641898,6.065787,0
9.841999,11.727144,0
-0.41953215,9.919545,0
5.493053,26.707193,10
5.348762,5.1576552,4
10.140119,-7.002247,10
-3.3783238,12.895443,0
6.3358464,-1.5605091,0
-1.9240638,3.4188833,10
16.66199,6.407281,0
6.294208,13.027761,0
-6.5966325,6.3073764,4
9.040504,5.391999,0
9.89934,3.4334097,0
1.859095,9.682774,0
5.0605493,15.121326,0
14.282388,-5.6211762,0
-1.7746807,-13.685241,0
6.6238246,1.9180493,0
20.13167,2.3589566,0
8.899554,2.3468118,3
6.1426597,2.557533,0
7.116825,-1.745681,0
-1.9489999,3.388324,10
15.562395,1.3366942,0
6.2485933,13.814974,0
1.0747173,-1.3540198,0
-2.9729037,-2.9333344,0
6.3098316,2.978771,0
3.8849888,17.724873,0
20.496073,7.083859,2
-4.829414,-9.582828,0
-6.0913205,-5.7854137,0
0.37250078,0.1687068,0
6.5729856,4.46739,0
15.905395,0.7761606,0
-11.129308,-5.126333,0
11.080256,-4.582218,0
6.248276,6.624675,0
6.824076,4.806633,0
-4.6403146,-2.1838398,0
12.686063,4.8135896,0
9.731051,5.0159254,0
16.067772,0.28778142,0
6.404182,-6.218878,0
3.8377557,5.3585186,0
-2.074831,-0.34536502,0
10.68936,16.756433,0
-2.049964,-0.34760168,0
-6.7424192,0.8281949,2
10.282071,18.542315,0
1.3206122,14.161682,4
5.665908,13.56031,0
6.6254067,-6.343559,0
3.0739758,-7.243657,0
5.3770204,14.806474,0
6.4105415,5.1946034,0
10.251075,15.16327,0
-8.41538,-2.6348581,0
4.3506093,-13.8427105,4
16.8598,-8.562081,0
22.208832,7.6405582,0
6.5436287,3.3627293,0
22.518747,0.6286482,0
2.8292348,-6.3021164,0
5.3493,5.15436,4
5.6588078,6.071877,0
-3.7918346,-2.4881175,0
22.206139,-1.9047155,0
7.036915,3.4680154,0
-1.848465,-11.613543,0
1.4013752,-1.3091493,0
9.49696,4.8785086,0
10.241558,5.8820014,0
-3.7077823,-2.893174,0
12.9363575,4.6873665,0
13.038148,-2.5887678,0
23.481344,0.8181505,0
5.3118668,5.126339,4
-4.165427,-2.8407183,0
10.013297,16.549816,0
1.6383798,7.6445723,0
8.577703,1.6139562,0
14.982258,9.834285,2
8.857709,3.7140558,0
17.664862,-2.186784,4
9.874992,9.443323,0
5.8912563,14.187293,0
13.193087,17.85354,0
14.219893,7.543523,0
6.3186336,5.8581257,0
20.486736,7.0910335,2
-10.632285,-4.7691903,0
20.669378,2.145942,0
10.516173,15.986998,0
10.165397,-3.0703826,0
20.55921,10.422623,0
-2.2516177,10.445974,0
15.913885,0.76081264,0
6.314782,6.7228527,1
13.743201,-0.26030552,0
11.68119,10.238999,0
1.5003474,-0.37397042,0
2.02343,-6.3585143,0
15.021203,10.127032,2
17.680868,6.203857,0
9.31611,-3.019257,4
7.7639384,4.072984,0
9.78549,5.0644546,0
2.1696644,9.972789,0
15.175974,-12.404936,10
-0.21084169,9.763587,0
2.0537407,8.787133,0
8.6309,1.6793569,0
3.947949,3.779255,0
6.74989,2.9934301,0
14.225586,7.5391393,0
10.177657,-6.051775,2
5.240598,14.100922,0
15.048428,-12.19819,10
-5.727397,-16.444101,0
-13.396817,4.339608,0
12.768541,4.859326,0
8.965935,3.392472,0
-0.6963705,3.5522912,10
17.678692,6.2186003,0
-9.7868185,0.96627516,0
5.3414135,13.760057,0
10.331075,4.1164465,0
-1.2085598,4.5548086,0
-3.4124174,2.5575216,0
10.248772,18.575325,0
16.84815,-8.550574,0
10.083638,18.747877,0
1.4136823,-0.34670818,0
5.6278143,13.783611,0
11.914842,-13.8498125,0
-1.7654765,18.142231,2
-1.6434114,-13.810919,0
10.979831,-4.040471,0
5.941857,-2.5934503,0
-13.383917,4.351364,0
6.775631,4.901168,0
19.121174,-4.969826,0
10.16549,18.665699,0
9.909989,3.5634797,0
-6.6717896,8.556315,0
15.627972,9.718041,2
11.06362,23.218935,2
18.177834,4.0291142,0
7.111043,-1.7108669,0
-1.6907012,18.14362,2
8.755385,2.1109564,0
6.2176304,8.678314,0
5.1356025,3.8201225,0
0.98810065,17.31645,0
-6.693684,8.578112,0
14.229406,16.730812,4
-9.195769,-6.3480735,0
7.357769,-6.180363,0
11.744103,-6.6766715,10
12.962506,4.6682034,0
0.62663704,-0.7857178,0
10.244227,15.16784,0
7.776381,3.9566503,8
7.587304,-8.743248,10
7.6885695,4.410729,0
-2.0316722,-0.2861835,0
22.821365,0.58296245,0
10.506298,15.91542,0
5.959337,3.041484,0
9.305624,-3.0384862,4
1.5498626,23.052015,2
-5.046757,-5.404474,0
13.937108,-1.1249036,0
-12.855742,9.795171,0
7.077096,-1.7408234,0
12.477611,-0.9872887,0
-2.5198858,9.709196,0
4.899902,15.211812,0
6.556132,5.085612,0
3.2885814,-6.703842,0
20.715557,2.1453123,0
6.652901,3.5091777,0
9.261208,3.002633,0
-7.6598535,10.81745,11
-8.560028,-2.4662893,0
10.470036,-3.5530105,4
5.4734974,26.726614,10
6.397159,-1.9076161,0
6.867743,18.765024,0
14.305633,16.806814,4
-0.14999123,9.364671,0
0.09209794,-1.1074075,0
-1.7161793,12.423179,0
7.680614,4.61741,0
3.8313715,5.393576,0
22.21016,7.640703,0
2.954643,10.346098,0
1.3174549,14.158514,4
2.0908318,-6.1949754,0
3.8487892,5.3617296,0
10.501876,16.789814,0
-2.7207408,-9.209396,0
13.701361,8.341801,0
9.939589,16.751444,0
8.884468,12.826287,4
9.585212,3.9944296,0
-5.4376917,-5.4490395,0
-2.0650136,-0.35661322,0
-0.84518594,10.0931225,0
6.5891433,4.3838506,0
8.98425,5.3201456,0
13.790091,0.1478941,0
-6.738445,0.8070196,2
2.0120404,-6.1467857,0
0.31726176,-1.2687727,0
10.755598,22.981005,2
20.48463,7.0940847,2
15.143435,4.135404,0
-3.6997232,12.122753,0
5.932045,20.25212,0
17.560818,-2.082082,4
-0.8843913,10.114418,0
-5.5962834,3.214509,0
11.235581,20.050053,0
1.9898194,-6.1647367,0
10.38327,15.483217,0
6.2679057,-1.9026226,0
-1.0423708,-5.111279,0
14.75796,6.6505585,0
15.074023,-12.219251,10
8.1772375,4.3657093,0
12.961428,-2.492182,0
5.3275394,5.142495,4
1.2074473,14.094047,4
-3.005332,-3.0151365,0
8.693713,5.4128814,0
10.873303,6.0130734,0
15.549693,1.3540661,0
3.3101432,-6.490545,0
7.9254866,-9.392879,10
5.8585625,7.2462068,0
-9.3419,8.377351,4
9.617007,4.6710587,0
-1.898656,-0.13049106,0
-1.7503636,-13.700963,0
6.185698,-1.3924336,0
-12.85034,9.787864,0
3.9116035,-12.760948,4
4.98593,9.524333,0
2.5044875,19.895943,0
1.8292145,14.286475,4
-9.651092,8.2262535,4
2.3942873,19.791061,0
2.7114933,-7.027517,0
11.293776,-4.118525,0
14.607663,17.112865,4
13.743096,-4.612213,10
17.56897,-2.0906298,4
4.7633634,-13.582295,4
17.936052,9.766563,0
9.299797,-2.996972,4
8.934993,12.944354,4
6.567843,4.4510713,0
7.024363,4.730861,0
10.283753,2.0413828,0
8.578915,1.6022562,0
6.931975,-1.8518338,0
1.0895292,-1.3038807,0
5.7948275,13.272606,0
0.7080978,-1.5638394,0
6.2567444,3.3062892,0
8.605899,-14.087234,10
6.429107,5.2132363,0
7.4412813,3.647487,0
22.847433,0.5967544,0
-6.7082047,8.593378,0
3.8944104,16.658434,0
-2.008036,-0.2593771,0
5.0136995,15.083364,0
3.1190083,-6.5298696,0
0.9187454,17.249659,0
6.4435754,-5.676853,0
-6.7314568,0.4922394,0
16.790369,9.46791,0
23.288332,0.8788255,0
2.083404,23.270168,2
5.9484005,5.642168,0
5.9484434,4.482909,0
6.325674,-1.4054148,0
-1.0344802,-8.695807,0
-9.568927,8.73996,4
3.8649225,17.69006,0
6.3089986,-6.132872,0
-2.6270757,-9.66539,0
10.452223,16.425474,0
5.389222,3.3434792,0
4.8271613,-13.625579,4
5.4395494,3.9729903,0
5.735127,3.5805972,0
1.8125204,14.273833,4
5.4660707,26.734213,10
10.261718,2.0555103,0
15.184145,-12.416272,10
3.4629753,14.354357,0
14.3155155,-5.6433773,0
9.998746,16.861767,0
0.70327145,8.057604,0
14.964009,9.824581,2
9.988854,2.5013757,0
10.552414,16.312216,0
8.432677,-13.901012,10
0.83625925,8.122034,0
7.711499,-5.748541,0
15.26419,3.9927475,0
11.015816,-4.6497927,0
2.9507442,-6.342134,0
6.6179557,1.88766,0
2.8556447,-6.7503805,0
10.300407,18.522139,0
9.018349,2.3712153,3
-5.203651,-5.47297,0
14.61133,17.116047,4
10.860885,17.376621,0
5.709853,2.9748764,0
22.83464,0.5872685,0
-1.6998688,-13.75476,0
8.807633,2.3472173,3
7.282907,20.345964,0
10.24827,18.575079,0
11.203237,19.857538,0
-1.1984843,-8.957305,0
13.323234,-2.9652143,0
-0.874521,10.123509,0
-6.545866,6.270632,4
0.6960111,-1.7024106,0
8.427792,3.328556,0
6.922453,16.91223,0
-4.4720855,-2.339833,0
-4.255015,-6.12013,0
-5.6589704,-6.138051,0
9.821718,11.71049,0
6.350978,-1.3857317,0
-8.452905,-2.5928407,0
8.013832,10.241076,4
1.1696533,-0.91884387,0
15.549263,1.3553653,0
-3.6452043,11.312009,0
11.008922,6.2109337,0
11.005046,6.2120857,0
1.2906613,0.8028005,0
9.582928,4.0236883,0
-1.2018512,4.5580964,0
17.490484,15.237714,0
17.635921,-2.1575685,4
5.552028,2.9297733,0
2.7913024,-17.530558,5
-8.662536,-2.0357518,0
7.3555055,-1.4561337,0
13.042058,4.599095,0
-12.860554,9.801476,0
16.578726,6.327607,0
9.274545,5.121657,0
-2.2379715,12.576795,0
-2.2521405,10.447365,0
3.9707756,-12.7828045,4
1.2827685,0.9696565,0
1.4142485,-1.336835,0
-13.363169,4.372658,0
-7.033058,-3.0421898,0
7.2462044,4.745412,0
-2.8977962,-3.0290275,0
14.058418,-1.0044392,0
10.45156,-5.5547533,2
-2.7687733,1.7068821,0
6.616816,1.8852924,0
-9.658109,8.194244,4
1.8047968,9.621302,0
-8.311661,-2.7391944,0
19.023144,3.378423,0
0.8818157,0.0056402916,0
8.92584,5.132732,0
2.4648383,19.8559,0
9.790772,9.140408,0
5.291187,4.094861,0
8.692607,1.8307958,0
5.4058695,2.992947,0
13.386348,25.296665,0
14.065505,-0.9969275,0
6.5026236,-6.2881875,0
1.5511985,23.053644,2
-4.0026665,-4.860949,0
14.35022,16.85104,4
-8.17224,-2.821185,0
-5.626312,-6.1538415,0
12.022422,5.0372925,0
11.852085,-7.688381,0
4.1162143,3.7297947,0
-11.132877,-5.1292696,0
1.8980507,8.472799,0
-9.649239,8.196431,4
5.1461077,3.8317645,0
2.9587405,-7.1282682,0
9.397066,4.578796,0
-13.384921,4.3514647,0
10.86587,5.8314347,0
19.317347,-5.171926,0
1.1962712,14.101838,4
-5.450773,-10.506625,0
7.9282284,-9.476759,10
19.192842,-5.0438504,0
6.123023,-1.5240067,0
5.930115,20.254831,0
-2.4089503,11.001904,0
6.615773,1.8851315,0
5.0977244,14.181917,0
10.096803,15.263031,0
0.95807064,0.54255396,0
4.0503955,-3.965144,0
8.80522,2.3103292,0
5.642143,2.973526,0
-2.8680987,-15.314292,0
-7.2372746,-2.7445588,0
7.110394,7.114371,0
10.166431,4.1157746,0
6.825052,4.7887416,0
1.7766752,-6.219086,0
7.0459657,-5.7132716,0
8.661735,2.1767712,0
-3.4396644,11.147502,0
-4.1386895,-5.2345853,0
18.16556,4.0431767,0
14.279217,8.081238,0
10.457387,16.757547,0
-1.7882608,18.11904,2
-7.2386503,-2.7515144,0
21.016222,1.8710842,0
19.584408,3.7341485,0
4.2181654,3.6362505,0
13.072188,-2.624096,0
3.616642,16.860687,0
-5.079846,-10.094893,0
6.453718,3.6903136,0
5.915784,13.186654,0
10.0370245,16.139343,0
-2.6010132,-9.823296,0
11.223239,19.982676,0
1.5940102,8.930789,0
8.723349,4.7714543,0
9.928324,11.873469,0
10.715587,-3.7863336,0
3.0549562,-6.3760324,0
9.661289,4.9321756,0
-4.2118454,-2.7882485,0
13.443464,14.585958,0
0.93129706,0.07186404,0
0.7926038,0.61536455,0
7.0668426,-1.7973578,0
-9.646817,8.189436,4
6.615427,1.884358,0
12.909181,-2.4421618,0
10.166799,-6.984947,10
16.848362,9.486394,0
-1.2204058,-8.676512,0
6.8032346,3.0154898,0
4.0840716,-3.9980226,0
-1.7074034,18.131033,2
6.2467995,13.079327,0
7.1159744,7.0714087,0
9.761629,3.5231524,0
-8.549426,-2.4745107,0
-9.487391,8.330569,4
5.9011383,3.4657595,0
10.920961,17.345093,0
-8.623463,-13.376922,0
9.85309,9.380668,0
13.917418,-1.0928954,0
11.991184,-7.8255186,0
10.441809,-5.5777025,2
6.2712774,-1.2211124,0
-1.0642633,-5.0883007,0
7.110998,7.105338,0
8.744526,3.4194922,0
-5.5850487,-6.2637835,0
-2.2494535,10.454517,0
8.30673,4.499781,0
5.273705,14.237778,0
8.355746,3.3528886,0
13.192388,17.851803,0
5.399224,13.450123,0
3.210381,-6.623643,0
-2.6271214,12.930618,0
-3.877532,-4.586791,0
5.4700065,26.74099,10
-8.983286,13.824131,0
-2.5007985,9.831976,0
-1.7899274,18.126032,2
-1.5423424,18.305262,2
1.2855446,-1.0911454,0
2.0838003,23.269245,2
-3.764724,11.910269,0
8.990599,9.116121,0
11.267402,20.09144,0
-1.2088937,-8.687131,0
-6.525365,6.2513266,4
8.686339,5.1127286,0
11.738198,-6.685447,10
9.765036,2.816089,0
19.145494,-4.9947047,0
-2.149291,12.449506,0
6.921613,3.0655446,0
7.199464,-1.7858186,0
4.4778666,15.301928,0
11.839064,-7.6785054,0
-3.5650961,-2.557571,0
17.04343,8.011036,2
8.977667,3.3468604,0
6.4905953,-6.288678,0
6.77756,3.0242245,0
22.20644,-1.9043605,0
19.970646,7.471188,2
5.536173,2.929326,0
9.035781,4.841804,0
3.7985966,3.5864394,0
3.087108,-7.3925776,0
2.5338042,19.924656,0
13.398655,14.532247,0
-9.189732,-6.351914,0
17.45789,15.202973,0
12.9508705,14.658925,0
6.0796843,3.210627,0
14.367064,-0.66925997,0
9.714365,16.4577,0
15.815373,12.80067,7
-3.2429862,12.997981,0
10.329499,16.581682,0
9.932937,5.6036196,0
5.4188933,26.69068,10
9.798956,3.72225,0
6.424389,5.2985644,0
1.6440538,-6.1123714,0
-3.521626,-2.5727797,0
4.793366,15.035674,0
10.404573,15.549604,0
6.3635015,4.716366,0
1.4309057,19.4906,0
23.087626,5.03537,0
8.679503,3.6841695,0
-2.6543274,-9.476089,0
-2.7007124,-9.223341,0
0.3402617,-0.0622318,0
-0.7845422,3.617465,10
1.5397427,23.04493,2
14.267425,7.112991,0
-6.7115006,0.46357423,2
1.6200548,-6.1034713,0
9.824354,9.403251,0
10.090836,15.938385,0
8.728289,3.7094831,0
-3.6590834,12.271373,0
0.3777801,-1.3039588,0
9.876176,16.597748,0
7.6702085,4.04113,0
-3.7479994,11.441072,0
0.84691393,8.12624,0
10.7664,16.897528,0
0.45327833,-1.8540998,0
-5.9387,3.865822,0
9.912151,3.8085995,0
-4.5573354,-2.350426,0
-3.7157762,12.057569,0
6.772039,18.66575,0
-3.4116232,17.04134,2
10.726844,22.955507,2
-4.145702,-6.160354,0
8.647062,1.7176222,0
14.264267,8.085273,0
5.781862,4.45865,0
12.950373,4.676587,0
3.2573898,-6.718493,0
-2.2746015,12.617735,0
-4.5430393,-2.4765916,0
-9.361285,8.39865,4
4.8244843,-13.571052,4
5.9541216,3.0118296,0
5.6573,13.770122,0
19.087862,-4.933376,0
8.225773,5.0169644,0
-0.26942503,5.7595263,0
9.972065,2.508078,0
6.709997,-6.320223,0
8.730098,1.9770259,0
-1.9595484,-0.20603631,0
-4.1107073,-5.046228,0
0.42360622,-1.8844373,0
10.674763,16.68896,0
2.0761366,9.012203,0
1.8852683,-0.9874453,0
-4.4314256,-2.3809035,0
9.842373,3.4483469,0
-1.2112026,4.5538945,0
6.8857126,7.0361857,0
14.202528,8.1600485,0
15.138367,4.147383,0
3.5408351,14.315774,0
15.078784,-12.263247,10
16.131851,-0.10564484,0
10.9810915,-3.8814957,0
0.9417101,0.71073455,0
9.647914,11.627298,0
-2.50358,9.775543,0
-4.637889,-9.685069,0
3.5086756,14.327735,0
15.189837,-11.898788,10
7.487171,4.7079477,0
9.067172,3.0404093,0
1.6468904,7.648252,0
-2.79757,1.6588233,0
17.01375,9.521574,0
19.40228,-5.258234,0
2.2493854,-6.384028,0
0.34066504,-0.06476351,0
-0.93485606,-5.237678,0
23.087564,5.035423,0
-1.8432947,-11.610198,0
-0.1341219,9.682965,0
11.870022,-13.890651,0
12.794416,4.839794,0
14.2641735,8.087914,0
-3.7762203,11.655717,0
13.439878,-3.060742,0
1.2205998,14.103793,4
10.29012,-5.9142647,2
0.92133576,0.045950774,0
15.279205,10.399688,2
8.441681,4.884065,0
-9.188651,-6.3526764,0
12.933082,-2.4775355,0
22.210032,7.6407456,0
0.8833181,17.152277,0
15.949549,0.70212483,0
15.081547,10.225258,2
-5.871369,3.8297095,0
6.533509,15.195453,0
8.966411,4.9779687,0
1.2319713,8.258399,0
3.4228773,14.39784,0
-9.131429,7.9552083,4
-8.652629,-2.0565648,0
13.016582,-2.5642633,0
6.7907324,6.9589252,0
6.5727153,4.445547,0
1.8702546,-0.9615915,0
1.7812684,-0.97522795,0
-0.9991607,-8.764254,0
10.916027,6.004134,0
-4.575039,-2.4781404,0
19.256987,-5.1089864,0
9.179454,3.673454,0
9.8245735,11.713678,0
17.450674,9.559014,0
14.590453,17.095106,4
10.157778,15.827625,0
-4.136741,-6.0354753,0
10.693205,6.29732,0
-6.3934784,-6.062907,0
2.0478837,-6.128677,0
5.6311245,13.532077,0
19.59553,4.2275047,0
-3.3806386,2.4757884,0
10.85929,17.238049,0
2.759405,-7.038785,0
6.4376206,-2.0830164,0
17.019451,9.522376,0
-3.37124,2.4835067,0
9.175019,13.249792,4
14.152154,8.208109,0
6.642189,-2.2067652,0
4.8235774,-13.648054,4
8.783746,2.1662862,0
6.201448,13.203,0
0.935082,0.37276116,0
-4.1561527,-2.8597317,0
-2.5621958,-10.100614,0
-8.184652,-2.8672147,0
1.5359744,23.045486,2
1.5990149,-6.6112475,0
-2.8036516,1.6694986,0
2.8490596,-6.3156066,0
-5.552247,3.1339462,0
-0.86497915,10.102028,0
13.791414,0.1545409,0
23.284832,0.886918,0
-5.9823146,-5.757007,0
11.239631,19.673395,0
18.877317,5.9277945,0
-10.742278,-5.221544,0
-6.6012597,6.313518,4
4.4974227,15.282748,0
6.5220914,5.3113513,0
5.8517337,7.252778,0
-6.6663594,8.55243,0
0.73088425,-0.06702042,0
6.416109,3.2386086,0
10.233096,18.593452,0
-6.8135715,13.153094,4
7.0919843,21.629604,0
-0.2608733,5.7492595,0
-5.725154,-16.445398,0
6.0400815,1.9116917,0
8.640487,5.266273,0
9.206773,2.895624,0
7.194302,-1.6445613,0
2.6603858,-7.005131,0
-1.7806517,18.127926,2
1.4297383,19.490356,0
6.720482,-1.104498,0
-1.4902304,3.8587282,10
15.262373,-11.756432,10
14.227326,8.134936,0
19.186186,-5.0375857,0
-1.8027428,6.818597,0
5.917245,14.384054,0
-2.2551746,12.598532,0
1.51457,-1.1094688,0
10.876696,-4.0287523,0
12.933372,14.693153,0
4.1719813,-2.0649323,10
4.562444,15.240971,0
-1.6452347,-13.808769,0
3.9575293,17.75003,0
6.8787193,-2.7623842,0
3.9350736,17.740091,0
-6.604899,8.489857,0
6.7351766,2.9417813,0
3.9167807,-12.719737,4
5.3127184,14.752652,0
-1.3779733,14.548128,0
2.3091176,10.062723,0
11.992502,5.0590158,0
19.452564,4.0307913,0
20.717716,2.1303692,0
-1.3784984,14.547853,0
-6.602702,8.487377,0
15.8906,0.79325837,0
13.915303,8.3087435,0
8.89035,5.538199,0
13.441207,14.582111,0
10.277973,15.192495,0
-3.6745114,17.240973,2
-5.725158,-16.445404,0
12.755506,4.854456,0
-1.7965244,-6.6450715,0
5.3707795,5.1403313,4
1.5481858,23.063988,2
-0.20867538,5.6958485,0
5.109725,14.225777,0
1.7459904,-0.8770444,0
-0.3201503,9.861247,0
6.3695307,3.2164903,0
7.013385,2.9221468,0
-5.0473313,-5.43433,0
8.917041,-8.230996,10
6.681307,3.5711548,0
8.881127,12.82105,4
6.1635756,8.612716,0
9.116529,5.1993937,0
9.7529745,3.8389602,0
13.023914,4.615156,0
0.32929587,-1.2806575,0
-5.3245096,-5.5855875,0
0.41389441,-1.8326572,0
10.903821,5.9778543,0
13.746404,-0.25344566,0
-0.20726822,9.502519,0
20.270395,3.595447,0
6.1527014,14.180607,0
19.246428,-5.09827,0
4.638401,15.164048,0
10.112197,5.830857,0
5.9855742,5.618973,0
14.080179,16.58409,4
-1.6748133,18.14697,2
1.9720479,8.57049,0
19.449942,4.040895,0
-10.745251,-5.2214327,0
-5.4791965,-5.180851,0
-2.5664237,9.763384,0
-13.590662,4.1470456,12
5.6198163,2.9482825,0
10.194166,16.639578,0
9.897106,3.575634,0
-1.5836756,18.277445,2
10.838662,6.103266,0
0.6692916,-1.7295841,0
-5.5429697,-6.900983,0
8.465869,10.465106,2
-4.788712,14.515462,0
4.059336,17.830477,0
13.341336,14.051208,0
15.265652,3.9960945,0
6.1930876,6.6283226,6
17.680534,6.1914663,0
5.3231,3.3160963,0
8.970721,5.156919,0
-5.9242625,3.842089,0
6.350647,5.100652,0
-4.4864125,-2.3805351,0
-4.3199067,-5.9602084,0
-2.767806,1.7082217,0
6.2410383,8.702652,0
22.209959,7.640723,0
-3.0806935,-2.9559808,0
13.0745,-2.6364706,0
8.385241,24.96423,10
10.763738,22.95875,2
1.6350015,-6.1063323,0
6.676453,3.5264037,0
8.495809,3.5858026,0
7.017117,2.9193861,0
6.773577,3.0229006,0
3.9716625,3.8602042,0
18.886713,0.22452104,0
-5.5992675,3.2138166,0
8.024585,10.251084,4
10.746156,22.976236,2
8.047975,4.534048,0
-7.0243964,-3.0572736,0
6.8728943,16.947414,0
-6.6899233,8.574686,0
1.4833629,-0.23239732,0
-1.0555364,-8.860054,0
1.6152381,-6.691603,0
6.722008,-2.8284056,0
6.8230786,6.9868655,0
7.709214,-5.7507815,0
13.215147,14.030618,7
7.244408,-1.5962082,0
10.909069,2.9246125,0
2.0025191,-6.344914,0
-6.484504,8.362645,0
19.449986,3.4050076,0
-1.9260856,3.411383,10
-1.5335615,18.314177,5
5.731566,4.181375,0
-2.7334533,11.084598,0
-11.099824,-5.0995464,0
14.331073,16.83169,4
19.047123,3.3959358,0
12.020204,5.0391045,0
9.1911545,13.234165,4
6.514098,6.0482626,0
3.8308783,-12.65001,4
7.136488,-2.590441,0
0.8626952,17.090506,0
10.9126,6.002092,0
5.998942,-2.5486977,0
-2.2494397,10.444888,0
8.831146,5.1647506,0
0.052843757,-0.85531336,0
14.143174,16.64531,4
0.45972502,-1.8720084,0
1.3840088,-1.3630061,0
7.0059624,-2.7033129,0
-1.8484629,-11.613459,0
14.299859,-5.6329026,0
-3.5705543,-2.5912917,0
12.647165,14.960718,0
-3.8541965,-4.5588574,0
2.3923705,10.066574,0
8.727146,2.43074,3
17.921083,9.621319,0
0.46844375,-1.9060602,0
-0.561403,-5.706013,0
-3.666774,-4.0882816,0
6.690787,3.5152335,0
14.116417,-0.93846375,0
4.3040285,3.6819127,0
6.8601446,18.755196,0
10.802729,16.730608,0
20.486145,7.091694,2
-4.241911,-5.0851746,0
6.7881427,3.1226187,0
1.8165379,9.66049,0
0.96050364,17.235645,0
-9.427514,4.260573,2
-8.970928,13.830258,0
-5.3068147,-5.6031833,0
-8.478432,-2.5617168,0
-1.1988419,4.561331,0
20.483084,7.0966425,2
10.194982,18.63442,0
5.1239285,14.102059,0
17.65937,-2.1810195,4
10.229029,-3.2547333,0
9.164674,13.267001,4
5.94591,-2.0221121,0
18.935617,0.109410435,0
15.080988,-12.245222,10
5.402477,5.072798,4
0.9650176,0.5137547,0
1.0347949,-0.9445096,0
2.0075538,8.653454,0
7.0639644,4.7090893,0
10.265456,15.146957,0
3.7987633,14.554051,0
2.18806,9.991038,0
-3.708734,-4.2955794,0
8.357517,4.9352574,0
3.5156114,14.387698,0
18.932266,0.12010336,0
3.770733,3.6147904,0
5.3583713,13.460562,0
7.06917,-2.0021234,0
15.617516,9.732,2
7.0742636,6.9611773,0
4.0931244,3.7616644,0
-3.906793,-2.5065768,0
8.088117,4.857734,0
13.911264,-1.1503267,0
4.1788096,3.6167643,0
15.556964,1.3447782,0
-3.8784008,-4.598853,0
6.968955,-1.7846065,0
8.333785,25.016443,10
-5.777034,3.5715203,0
15.138052,4.1435747,0
22.209616,-1.9079382,0
5.998913,13.501868,0
9.63729,11.62286,0
6.958429,4.6291122,0
6.912312,7.0705285,0
5.1324954,9.386167,0
-0.97497976,-8.678008,0
8.895369,-8.188587,10
1.1060022,-1.3539944,0
13.246517,-2.8552835,0
6.805826,3.255632,0
-6.194811,15.319715,0
20.711502,2.1238358,0
-2.517965,9.673702,0
-8.974069,13.809905,0
5.773552,4.663248,0
8.780385,2.1723363,0
6.089773,-1.5561975,0
6.4701796,4.647944,0
-1.9149433,-0.1622442,0
5.1592216,14.996099,0
-6.2044725,15.3315325,0
9.67275,5.0940685,0
-3.068893,-2.9177003,0
9.204545,13.232589,4
19.396969,-5.253408,0
-1.2391778,-8.704226,0
11.670196,10.245963,0
-2.211584,12.511405,0
10.757173,22.981583,2
16.132643,-0.5067156,0
18.920553,0.13467734,0
-8.984116,13.851316,0
9.972956,5.6599784,0
-0.87592626,10.111265,0
5.5146656,26.70933,10
6.785144,18.678547,0
9.368783,5.6778293,0
11.744376,-6.679526,10
2.0433273,9.103531,0
23.450798,0.80104494,0
5.9087906,20.276064,0
5.7189307,4.5434537,0
10.376382,6.017267,0
19.661745,3.349777,0
-1.6172805,18.184698,2
-6.6222143,6.3346434,4
-9.58018,8.723024,4
5.5169973,13.493717,0
5.840758,3.0255265,0
12.832489,-2.405009,0
13.948808,-1.1200101,0
10.7071085,6.295274,0
0.15268068,7.8077292,0
-1.4031382,4.0726376,0
10.578463,-5.16674,2
-1.639955,-13.814317,0
13.991359,-1.0787241,0
1.991168,-6.20578,0
-4.3043666,-6.13362,0
13.744599,-0.25882456,0
10.482249,16.28209,0
11.076204,23.229862,2
11.815711,-7.654707,0
8.30702,25.04087,10
2.029932,23.256771,2
5.3638096,3.028981,0
6.8681893,3.6537926,0
2.4768243,19.868765,0
-7.848028,-2.6675851,0
0.46561182,-0.057651427,0
-12.835465,9.768067,0
-4.393135,-2.8663588,0
-3.7342415,-4.3210206,0
5.0235276,9.488804,0
13.037714,-2.5910735,0
1.2698684,-1.1166493,0
5.506428,26.694717,10
1.5514928,23.071089,2
9.461969,-3.1487663,0
6.947792,-2.4196608,0
3.6443796,16.827173,0
1.8045626,9.618672,0
8.737438,4.803555,0
-1.6729801,-13.782281,0
0.72251254,-1.680147,0
6.6796346,3.5348206,0
5.781484,4.6600595,0
-6.1924396,15.332244,0
-3.4032955,17.037117,2
10.277008,-3.2789903,4
6.074012,4.2345104,0
-2.9624012,-3.0409045,0
1.3409947,11.714008,0
9.467512,3.138782,0
-3.0711763,-2.9077559,0
4.145671,5.1617713,0
4.887946,-13.49964,4
7.3115277,-2.3680098,0
6.1330447,-1.9124068,0
-6.605028,8.490202,0
11.85745,-7.6944947,0
0.61726743,8.001022,0
-12.859346,9.799722,0
8.7687645,4.8126683,0
3.98584,17.796976,0
1.6353621,7.640499,0
3.085087,-6.382954,0
0.8971163,-0.000118373326,0
-12.860294,9.801631,0
-6.557489,0.13036032,2
6.3963437,-1.905272,0
-9.454419,8.530006,4
-3.4732242,17.088795,2
22.825268,0.57461125,0
3.816693,16.762835,0
3.927381,3.7942748,0
-4.5276146,-2.3881283,0
-9.788842,0.9667507,0
0.46417105,-1.876578,0
10.70561,2.9191966,0
9.807935,9.365975,0
0.16198088,7.787937,0
1.7936397,-1.1163027,0
-2.2740397,10.336704,0
10.004409,3.7289245,0
-2.1314044,10.73151,0
2.498339,19.88955,0
-0.68822575,-5.540114,0
1.7186521,-0.9249204,0
9.072864,3.3486254,0
13.965736,-1.1029736,0
8.942003,12.968506,4
-1.5579607,18.295168,2
4.0161552,17.81219,0
-4.362256,-5.891756,0
0.07245509,-0.99101794,0
20.558094,16.534637,0
10.183012,-6.045302,2
20.556831,10.421372,0
-11.129491,-5.126694,0
12.011015,5.0424004,0
6.3691754,3.2090275,0
4.846763,-13.642183,4
6.61952,1.9048755,0
-13.621331,4.1164546,12
6.0930686,-1.6381288,0
9.298759,9.17496,0
12.931778,4.6894875,0
-2.913113,13.058341,0
2.231158,-6.483652,0
3.8386736,5.401384,0
8.944705,5.4952135,0
-5.615029,-6.1520267,0
18.919533,0.13688459,0
17.655582,-2.1772022,4
6.3837023,6.6654463,0
7.1584916,-1.3367801,0
8.085716,4.3369226,0
5.107531,9.410049,0
-4.4480543,-5.8808475,0
5.2644963,14.10341,0
-1.9180436,-0.1562439,0
8.925923,2.3367486,3
8.354607,24.995478,10
14.272502,8.084086,0
-9.5809765,8.71655,4
10.861628,2.9107792,0
10.748281,-4.0408125,0
-0.5760055,-5.659849,0
5.150229,13.918394,0
-0.9768271,-8.604979,0
11.734415,-6.6918526,10
11.842429,-7.6807666,0
13.933837,-1.1406025,0
1.2494849,-1.4981188,0
9.3529005,-2.889289,2
5.3599696,5.072825,4
10.74423,22.97217,2
5.992468,14.409491,0
10.627458,16.943289,0
-11.140802,-5.1384487,0
6.3764763,-6.2004156,0
5.8093476,-2.4490867,0
-11.99365,6.467076,0
-8.169592,-2.8127959,0
3.0106006,10.383234,0
9.192503,13.2366295,4
10.65216,17.20929,0
7.503112,4.2818184,0
7.8435373,3.656261,0
7.7790966,-10.300141,10
-5.510114,-5.99832,0
7.3346996,4.9108076,0
-3.9663632,-2.9250233,0
-9.419794,4.2616124,2
4.023927,14.722199,0
-4.8645296,-9.811054,0
1.428897,-1.3535191,0
-7.527486,0.4392943,0
17.229483,-8.795754,0
6.878712,16.94505,0
-2.7338517,1.7398068,0
17.682611,9.396893,0
20.48488,7.0933022,2
7.7182984,-10.273168,10
4.748208,-13.602651,4
5.843553,14.74003,0
-3.0034685,-3.011187,0
-4.7524276,-9.791155,0
19.945572,7.496186,2
19.234785,13.540266,0
-5.1279335,-5.763669,0
3.9607816,14.648425,0
6.0126815,1.8809264,0
6.4070044,-1.1663901,0
6.390339,6.6567974,0
9.876201,16.582527,0
6.290939,-1.3871759,0
-4.1091766,-2.4300625,0
6.564638,-5.63677,0
6.9017763,5.694089,0
1.4888015,-0.29192436,0
9.196444,13.241536,4
5.8723235,14.009076,0
13.189696,17.84929,0
-7.371744,2.4865127,0
1.3890197,-1.4139153,0
6.1638203,-1.3526335,0
5.7855177,5.626755,0
7.577206,-8.735091,10
19.44589,-5.3033338,0
3.7792451,3.64533,0
-8.601196,-2.1871896,0
6.394012,-2.4084911,0
-2.86815,-15.314346,0
6.033222,1.8916923,0
-13.3831,4.353693,0
6.1690736,8.625803,0
-0.41329727,9.905,0
-0.34104413,5.8292055,0
-7.6598296,10.817427,11
8.647537,1.7144059,0
-3.522441,11.222235,0
14.258551,8.098116,0
4.046105,5.2101617,0
2.4998076,19.889065,0
13.109132,-2.6723251,0
-2.6261508,-9.6713085,0
-5.5796,-6.416498,0
-5.563193,-6.0661693,0
12.966565,-2.5092986,0
0.91847813,17.255644,0
19.966421,7.471447,2
8.8697,12.837204,4
-1.6434729,-13.810995,0
1.5468583,23.063124,2
6.8670063,6.9829683,0
4.0814805,14.75686,0
-5.4107184,-5.6400228,0
13.31903,-2.951117,0
7.4228487,-2.0330372,0
3.8338404,5.4010687,0
5.0314255,9.481949,0
3.8968687,16.656069,0
10.773408,-4.0083385,0
19.686954,3.39061,0
-5.8897266,-5.7278333,0
2.088545,8.859002,0
1.9884337,-7.048246,0
9.844465,11.729481,0
6.2816644,13.914205,0
8.690366,4.763289,0
-5.907889,3.8128586,0
9.016927,5.406305,0
1.8113127,-0.83045524,0
5.516372,13.638503,0
-11.12761,-1.9877696,0
12.945354,4.6841917,0
-3.7835653,11.482051,0
10.906785,2.9353316,0
-11.127682,-1.9875455,0
-6.5635915,6.282087,4
6.338306,6.158791,0
6.2975307,-1.1585689,0
9.796217,3.3792365,0
11.893541,-13.871622,0
-4.0896783,-5.0491796,0
9.601844,4.9247823,0
18.835434,0.22867696,0
10.03799,16.127167,0
4.485092,-13.845679,4
6.7087264,2.9775708,0
1.9270561,-6.9792647,0
1.9731345,-7.079013,0
14.279593,8.073211,0
6.0062633,14.27148,0
-5.1168423,-5.737861,0
20.558094,16.534653,0
10.822593,3.5881479,0
10.774073,-4.009161,0
11.82937,-6.6070695,10
14.284629,8.094976,0
6.035923,14.39057,0
13.299906,-2.9272711,0
9.743462,2.8332272,0
16.402548,6.190122,0
-13.299293,4.4365144,0
-10.937564,-5.0604954,0
1.8167248,14.290049,4
-1.5396585,18.308203,2
15.26616,3.9963045,0
-2.476109,9.760411,0
9.120265,3.04246,0
-6.5844355,6.295184,4
7.5948234,-10.1272955,10
14.610636,17.115301,4
3.0662417,-7.341236,0
9.182559,5.545458,0
12.03475,-7.868606,0
20.496315,7.083336,2
5.9391766,-2.0430577,0
1.8577726,14.310222,4
-5.937417,3.8652935,0
8.623255,1.6774418,0
-2.5032735,12.837245,0
-6.809843,13.147655,4
5.0005455,15.146799,0
-1.378214,14.548387,0
4.014459,3.861902,0
0.09985614,-1.1231788,0
-5.040229,-5.399203,0
-6.5553417,6.2762933,4
3.7721457,16.764393,0
-13.578079,4.1595564,0
8.921975,5.458148,0
-6.730993,0.48378646,0
13.231323,-2.8361955,0
-7.391932,-2.4546647,0
8.635199,5.142318,0
-4.1111197,-2.9789634,0
8.881201,12.822452,4
12.4710045,-0.93975407,0
10.886721,17.250622,0
-5.380332,-10.432284,0
6.8970695,6.9939156,0
-0.78216386,-5.4186206,0
9.642005,9.074358,0
-4.9288554,-9.883367,0
-6.4869885,0.02327872,2
9.114815,3.4603672,0
-9.330547,8.372723,4
9.407779,3.0042043,0
6.544868,15.204214,0
5.506317,26.697163,10
-9.605226,8.641564,4
6.254329,15.027079,0
6.7054534,4.4834566,0
8.597715,1.6311756,0
9.320666,-3.0378115,4
-0.3455353,9.855999,0
7.5570116,-8.7021055,10
-8.973898,13.837159,0
8.986716,3.3776264,0
10.73291,17.113468,0
-0.38586825,9.884502,0
4.7679415,-13.764384,4
2.679003,-6.253648,0
12.989905,15.10817,0
3.5406659,14.338049,0
8.885747,12.792834,4
1.9280775,23.221846,2
10.073686,15.604227,0
9.2986145,9.167069,0
-6.681217,8.566603,0
-6.368054,-6.057122,0
0.07846625,-1.0858933,0
9.663292,4.9524717,0
-1.1987846,4.5613294,0
7.3143196,-1.4444596,0
-5.1547437,-5.6877494,0
3.8913202,14.615232,0
0.92796457,17.265953,0
-6.8938766,13.094434,4
-3.0793295,11.196943,0
3.7695699,16.751814,0
23.52295,0.839065,0
6.5542655,3.4087694,0
9.787031,8.993125,0
3.7530236,14.544939,0
19.967218,7.471825,2
-1.7860854,-11.549147,0
10.361038,3.4798217,0
-3.4010541,-3.2846458,0
13.19185,17.852407,0
10.744027,16.903353,0
1.3054681,14.154467,4
6.2040324,13.059128,0
0.8452828,8.12476,0
-8.206255,-2.8696203,0
13.238835,14.29473,4
5.7885056,13.352706,0
5.862235,7.237446,0
-13.317059,4.419024,0
13.248125,-2.857248,0
5.217008,14.478218,0
1.9085591,9.772261,0
12.951421,4.6777606,0
3.7874897,16.71228,0
11.861675,-13.899679,0
11.203579,-4.0793147,0
9.008337,3.44504,0
1.9607197,-6.166691,0
-3.9480534,-4.759511,0
-5.127978,-10.146669,0
10.742366,6.1915073,0
-0.68495905,3.5429459,10
-9.54736,8.734466,4
-4.6394935,-9.666194,0
9.896272,3.621593,0
0.675203,-1.6994089,0
4.475691,15.34639,0
7.126812,-2.1515746,0
9.885708,3.9839551,0
-3.3908362,11.317044,0
7.44072,-1.4528124,0
-6.7373524,0.69277203,2
6.1541796,13.250272,0
5.734765,14.651456,0
9.0696945,3.353003,0
10.817931,17.35022,0
-5.4860992,-10.531563,0
6.476378,6.0111156,0
6.0351987,14.3913555,0
4.308506,-13.815739,4
5.5746465,13.561843,0
-7.2466006,-2.735354,0
4.8218546,-13.668429,4
4.8517504,15.249347,0
1.4297667,19.491327,0
15.122518,10.260453,2
1.8646121,-1.0110878,0
-3.368013,2.4837832,0
18.935259,0.10802649,0
5.109347,3.7681136,0
-1.3808131,14.543383,0
-6.2318225,15.402135,0
2.519863,19.909676,0
-5.157889,-10.183542,0
0.23465686,-1.2071012,0
-8.032611,-2.5821793,0
9.013485,2.433103,3
-5.3494916,-5.5625777,0
13.929726,-1.1257225,0
9.078491,5.2842765,0
11.019156,6.212884,0
16.069826,-1.4546745,0
10.264245,15.157335,0
6.294628,5.1769915,0
8.319651,25.02989,10
11.32561,2.8266973,0
-5.725183,-16.445402,0
9.8581295,2.695634,0
3.8096395,3.5863175,0
3.8255987,5.3670897,0
19.596914,4.226715,0
2.8986812,-6.37052,0
14.234103,7.557608,0
2.9535275,-6.345703,0
8.048707,-10.547052,10
-5.5482583,-6.908037,0
5.7978144,5.640715,0
-0.5876451,-5.6492586,0
18.516226,4.264168,0
-0.9365247,-5.2332,0
10.936168,-4.6555605,0
-4.0091066,-2.8668945,0
8.384232,24.965298,10
-3.9308598,-2.4607236,0
-11.119882,-5.107125,0
7.664765,-9.918711,10
-2.7701166,1.7134918,0
-2.2483199,10.4537115,0
7.4906387,4.727149,0
-1.7622048,18.136612,2
10.87484,6.0009823,0
5.54968,4.984553,4
-6.2357516,15.404027,0
17.606676,-2.1282125,4
-2.101584,-0.3748951,0
-4.268562,-5.7274795,0
6.869568,18.766314,0
14.776198,6.6387506,0
6.2840605,14.031868,0
-6.7242618,0.37155443,2
10.187215,-6.0424566,2
9.703352,16.406656,0
8.802235,2.1996531,0
1.499248,-0.2698402,0
1.4641603,-0.3038822,0
7.0201306,-1.6438642,0
10.317458,2.0264504,0
8.5771,1.5882598,0
7.7034273,-10.263027,10
3.6615431,16.816095,0
10.91168,17.395191,0
22.203836,-1.8989409,0
-11.993848,6.467045,0
-1.5374726,18.31021,2
17.476105,15.221257,0
-2.8000443,1.674979,0
19.216927,-3.1103451,0
-3.0296707,-3.0264928,0
-4.8844852,-5.6050363,0
17.45985,15.20471,0
5.079334,9.436668,0
6.236337,8.697184,0
0.83830607,16.948515,0
6.1681466,8.621465,0
6.3557386,3.3828464,0
-5.0605984,-5.632216,0
6.6402535,-6.336695,0
9.953381,16.487528,0
5.2170105,14.935277,0
10.380126,5.2104464,0
1.6101346,-6.095475,0
14.189012,8.1753845,0
9.46279,-3.1528456,0
10.522948,15.933943,0
6.227096,13.136482,0
6.5226216,3.3346927,0
-6.4637866,8.340063,0
6.6681576,-6.359244,0
-3.5898938,-2.5725625,0
9.86966,5.58023,0
13.304478,-2.938435,0
-2.5288844,9.687735,0
1.6466111,-1.1708959,0
22.20671,-1.905056,0
9.711563,5.013785,0
3.9677968,17.758482,0
6.3988323,6.6400275,0
6.9060783,4.74367,0
7.129559,7.0777154,0
-3.4237416,12.848712,0
-6.602107,6.3145504,4
-13.342876,4.393449,0
4.187811,3.6195962,0
0.65915143,-1.6671416,0
4.541314,15.2990055,0
10.226182,-6.9536557,10
0.8380828,-0.053095862,0
-6.4872985,0.02646231,2
6.791729,4.5811963,0
6.258296,4.255254,0
-5.5962887,-6.5312796,0
8.082239,10.246036,0
-4.35401,-6.028396,0
-5.0795465,-5.594325,0
13.793586,0.14645575,0
10.298791,-5.89909,2
0.99190587,0.5689683,0
3.8359993,17.420748,0
10.040418,3.7205813,0
8.379211,24.970392,10
9.9651985,2.483205,0
6.9879704,3.665497,0
-6.70072,8.582271,0
5.1144595,9.401951,0
8.75367,4.899633,0
3.8795846,3.7174492,0
15.816409,12.800263,7
3.8069859,-12.629347,4
2.5529122,19.943678,0
9.822262,9.401456,0
5.072187,14.158759,0
14.545435,17.049911,4
1.761976,-0.9631433,0
20.559145,10.422721,0
11.308805,2.7569425,0
6.6475787,17.037262,0
16.13089,-0.11516973,0
3.8530514,-12.699681,4
-3.788424,11.810483,0
-1.0682734,-5.0840974,0
7.3033214,20.330313,0
-3.9326673,-4.746239,0
3.318831,-6.550511,0
-8.623638,-13.377031,0
5.3544664,5.1702027,4
-3.911374,-2.4919558,0
-9.444275,8.318792,4
-5.671295,-5.640427,0
-6.571003,6.2931004,4
2.3195803,-6.5143585,0
-1.0938457,-8.904247,0
-2.549223,12.873725,0
3.9312773,17.729383,0
23.46967,0.81856936,0
4.5348268,-13.341454,4
-0.828985,-5.3633347,0
-13.493254,4.244141,0
11.034823,23.189674,2
5.885713,4.123949,0
0.9388744,17.243029,0
14.326538,16.827795,4
1.974288,-6.1647763,0
6.9051003,3.5868142,0
3.8762205,17.73649,0
8.64781,1.720368,0
-0.3394801,5.8352675,0
-9.60372,8.233274,4
6.788583,2.9990883,0
2.8820674,10.309774,0
3.7864723,3.5679803,0
-1.6390998,-13.814497,0
-3.767521,11.919402,0
-1.7902671,3.556906,10
10.907482,6.0498586,0
-0.59236634,-5.656641,0
3.2258575,-6.7491865,0
-5.5392604,-6.8975863,0
8.5860405,3.537389,0
-2.4993274,9.845435,0
4.9952345,9.512658,0
19.66274,3.341214,0
10.726134,6.2848125,0
-4.5788608,-2.4978163,0
5.4140377,13.48962,0
-4.814381,-9.693034,0
7.024943,-5.704848,0
9.950609,11.883277,0
9.047339,5.4219418,0
-1.4139428,4.179367,0
-5.5618834,-6.119017,0
6.970503,4.7614484,0
-2.868031,-15.313928,0
6.2550163,8.715008,0
10.665087,6.263025,0
-4.8952,-9.91741,0
6.623756,1.9222697,0
6.777299,3.0161405,0
15.625401,9.7174425,2
-7.9679766,-2.555936,0
22.509596,0.6321761,0
8.777967,4.8412085,0
17.681269,6.238454,0
0.2968524,-0.6764928,0
7.5797467,-5.7808437,0
9.797461,3.325592,0
14.371459,16.872791,4
2.054938,23.264872,2
-12.853103,9.791848,0
10.058976,16.255285,0
20.790224,2.0674582,0
5.7868195,14.483214,0
-6.192194,15.332575,0
-7.492027,-2.5784652,0
13.498053,-0.43219125,0
10.684982,16.766209,0
9.390552,4.8615055,0
-6.598389,0.18619105,2
3.1879165,-6.705782,0
10.978109,2.9355159,0
-2.1068919,10.773908,0
20.714817,2.1359775,0
9.6845,16.436808,0
8.591689,1.6187979,0
-8.690946,-2.0113993,0
-5.861391,-5.871378,0
9.261725,13.168312,4
9.993016,2.496948,0
-3.9410543,-2.8218112,0
1.8932694,9.755392,0
4.464105,15.382327,0
9.820226,9.263349,0
19.59597,4.2205887,0
7.4959083,-5.948413,0
-13.385281,4.3513846,0
6.6721654,-6.361121,0
16.390621,6.168755,0
7.3437033,-6.2139096,0
6.3955493,4.9077077,0
-4.4358974,-2.3557065,0
2.0760453,23.270313,2
10.18312,4.084079,0
-2.4943423,9.705861,0
4.398166,-13.736928,4
17.461988,15.206947,0
6.9745045,-1.1262593,0
6.743267,3.0397763,0
-2.100526,-0.37583023,0
8.787129,2.3817956,3
1.4518554,22.988894,2
9.729814,5.027602,0
10.325296,5.93467,0
17.055128,8.001987,2
-3.7714064,11.881271,0
12.627097,4.9272246,0
21.016102,1.8709106,0
-3.2545774,12.991166,0
10.045887,3.6065931,0
6.221422,-1.8950745,0
13.736828,-0.3066706,0
15.935241,0.7251667,0
15.815866,12.79977,7
8.383469,3.6589751,0
6.915404,-6.064475,0
3.8366535,5.3682075,0
7.222268,-6.2952986,0
8.379207,24.970423,10
17.886406,9.433432,0
3.8692675,17.68239,0
15.018766,9.943743,2
3.8379664,-12.653823,4
6.2398653,3.300222,0
4.743272,-13.607387,4
7.1093645,-2.6251664,0
8.57951,1.6235305,0
15.051836,-12.205258,10
0.7953894,16.828108,0
14.464455,16.96722,4
-4.7386565,-9.659232,0
9.376614,-3.0110834,2
6.129809,-1.4824246,0
-13.505074,4.23239,0
-5.44578,-5.193161,0
6.50589,3.623121,0
11.201385,2.8975167,0
10.579783,-5.228589,2
10.277584,-3.2790127,4
4.4507957,15.284116,0
-2.8681529,-15.314323,0
8.456106,-13.92683,10
23.33452,0.88132644,0
4.11919,3.750036,0
19.310913,3.9040046,0
4.169415,3.617491,0
8.664914,4.346101,0
18.851896,0.2114296,0
19.472757,4.003045,0
-2.1662588,12.438887,0
9.237858,3.6025615,0
-5.5543866,-5.2307243,0
10.218331,15.851607,0
18.1641,4.041027,0
-6.435033,8.315651,0
-1.4910601,3.8715317,10
-0.8195676,-5.372314,0
4.0383997,5.2262855,0
22.210218,7.640791,0
19.449535,-5.307211,0
1.8219098,14.284119,4
10.269152,15.146083,0
-4.2971497,-2.5247219,0
9.785298,3.7920504,0
10.659649,6.2770977,0
10.630078,17.027374,0
-5.489879,-10.54661,0
-6.7497816,0.92841744,2
6.449714,4.8811975,0
9.138901,13.312673,4
-2.1566927,12.44995,0
-0.16843691,5.639077,0
-6.5402555,0.10134405,2
6.068709,14.22312,0
15.294547,10.412204,2
6.751774,-1.0617508,0
11.048058,23.204254,2
9.350541,-2.95481,2
20.255299,3.5990038,0
5.1055813,14.129324,0
3.8155224,-12.6310425,4
-3.7936122,-4.2615714,0
6.320253,5.1991124,0
6.7742877,3.0390463,0
10.26807,18.552736,0
-5.5135026,-6.8359275,0
11.297106,-4.1277466,0
1.2562549,8.268433,0
3.9851663,17.76527,0
1.4724098,8.674781,0
13.036881,-2.58783,0
-4.1707473,-6.0039964,0
-6.6134953,8.495755,0
10.740323,22.96998,2
3.8342023,5.3733683,0
-9.335481,8.405631,4
15.082354,10.230953,2
8.51576,-13.991072,10
2.0892415,8.939992,0
10.956444,6.191243,0
19.655432,3.3492856,0
-5.939179,3.8549378,0
11.100388,23.251507,2
8.883968,9.083625,0
2.6116543,-6.228334,0
-10.756746,-5.294033,3
-11.991818,6.4679155,0
4.762002,15.098916,0
10.737029,-4.0471325,0
7.637303,-9.98875,10
5.0069656,9.506957,0
14.582464,17.087547,4
0.44532546,-7.471709,0
20.72947,2.1683655,0
-5.463129,-6.0566874,0
19.38853,3.9853597,0
9.015074,2.3559322,3
-4.7657704,-9.675289,0
-1.706608,3.6424153,10
-3.7315657,17.280504,2
7.129185,7.1137857,0
0.2401154,-1.2179036,0
-6.7024307,0.38511094,2
6.3106103,14.023398,0
4.77727,-13.141467,4
6.886534,7.0184803,0
6.4967766,4.629134,0
0.44455457,-7.471774,0
7.5881934,-8.747264,10
15.904311,0.779462,0
-8.682985,-2.0144398,0
4.723916,-13.137553,4
3.8164058,-12.639146,4
6.2284575,13.12992,0
6.5597315,3.4824443,0
-4.46449,-2.3585114,0
8.313233,25.036947,10
5.401484,2.9932582,0
8.543456,1.5618852,0
2.8116062,-6.277784,0
3.8001091,-12.611207,4
9.868779,16.533285,0
6.7450542,18.643942,0
-9.420839,4.263105,2
-4.1612377,-6.1603193,0
-4.7847123,14.513848,0
0.4443661,-7.472595,0
6.263252,13.053778,0
4.849845,-13.7298,4
-1.6549112,-13.799674,0
9.728134,9.053622,0
2.8683598,-6.3067994,0
1.5353451,-0.18059541,0
11.043093,23.20073,2
7.0918136,21.630322,0
1.440638,-0.35833797,0
6.245816,13.068832,0
-2.86814,-15.314291,0
9.045325,3.4501731,0
-1.9282746,-0.18021742,0
1.2129055,14.100703,4
6.8230395,3.0683587,0
6.328786,-1.3617312,0
-12.184346,-8.676852,0
13.941067,-1.1285673,0
10.769651,3.5660849,0
18.88808,5.9180756,0
9.265376,3.6556666,0
17.83478,9.825096,0
10.411896,4.0975766,0
17.907368,9.777964,0
5.9221663,20.263542,0
-2.005466,-0.25563043,0
14.345321,16.846615,4
5.87558,-2.1479797,0
1.8381249,9.687293,0
5.756678,3.5824127,0
-0.24142633,9.789205,0
-0.40439644,9.898455,0
1.97292,-7.015241,0
-0.53201973,-5.696775,0
20.715494,2.123988,0
14.214132,7.5141597,0
3.8854015,16.667053,0
-2.4464211,11.010949,0
-0.23031245,5.7214966,0
9.365156,-3.0004184,2
10.107691,16.081758,0
-5.4330263,-5.2010646,0
15.551451,1.3530443,0
4.5884113,-13.812154,4
7.0472026,-5.7234826,0
9.946336,16.854494,0
7.047927,-5.7177706,0
6.7962046,18.69172,0
-8.974572,13.829742,0
9.8414545,3.4388492,0
18.519985,4.2600965,0
-2.7479932,11.095998,0
17.659523,-2.181102,4
7.280498,4.7150702,0
6.2787857,13.036408,0
8.916232,5.42265,0
9.392774,2.989299,0
11.026396,23.18406,2
10.835338,5.851834,0
10.241611,4.099972,0
6.2094464,-1.2981281,0
19.208054,-3.1092572,0
-7.417654,-2.5064847,0
12.987642,15.121584,0
6.191744,-2.0100741,0
0.6337564,8.049608,0
17.951859,9.730564,0
2.2232332,-6.2453094,0
-4.832802,-4.9524145,0
0.32489246,-0.09476989,0
0.66195136,8.040996,0
15.27007,10.391098,2
9.833654,3.722293,0
17.492355,-2.0127966,4
5.510871,4.0034633,0
1.9999874,-6.179954,0
7.578165,-8.734883,10
6.5880203,4.638439,0
1.3981034,1.001316,0
11.735905,-6.6877766,10
3.5779684,16.907814,0
-4.5498576,-2.5131621,0
2.757091,-7.078745,0
6.886329,6.111075,0
7.9310803,-9.464905,10
8.735014,4.8692594,0
-3.9746196,17.45787,2
11.166338,19.99404,0
-9.418957,-9.352765,0
15.815945,12.801086,7
1.2916492,-12.158471,6
12.747428,4.8808146,0
0.99734336,0.76144046,0
-8.994247,13.794746,0
10.907239,23.078558,2
5.4948535,2.931427,0
9.044825,3.3650448,0
1.0082455,-0.82733214,0
8.636026,4.802231,0
-1.1791083,-8.902799,0
5.519941,2.9114475,0
1.851341,23.190823,2
19.58332,3.7485142,0
6.150137,2.5323808,0
19.209715,-3.108199,0
2.7711856,-7.0199084,0
10.264894,18.56104,0
-6.214917,15.389114,0
-3.8517382,-4.5471315,0
8.9706545,2.3521674,3
-8.993,13.794412,0
9.281078,3.5391977,0
18.93312,0.11474472,0
18.52077,4.2538753,0
3.9227483,17.738562,0
6.218649,6.631595,0
-4.843249,-5.6293073,0
10.895244,-4.5267367,0
-6.7475595,0.8988404,0
19.239534,13.554955,0
-6.4430485,8.320221,0
-2.770405,1.713313,0
1.8850476,-1.0551909,0
2.0423803,14.296341,4
-1.7635928,18.135128,2
10.841893,5.9539824,0
7.7837663,-10.303866,10
-0.33827353,5.820618,0
-4.5459723,-2.5034723,0
4.743215,-13.13801,4
-0.24070258,5.729501,0
-1.1865242,-8.923995,0
6.6315575,6.3867154,0
18.845936,0.21765207,0
8.709941,5.1581635,0
-3.9285517,-2.5686154,0
19.024208,3.3774717,0
1.3326384,11.72362,0
-6.027853,-5.8232927,0
3.813833,16.726885,0
10.847432,3.5433095,0
2.3910449,19.78798,0
3.9887393,-12.756681,4
-8.68145,-2.0162745,0
1.7942283,9.0145445,0
10.501311,-3.5912752,4
-3.6340714,17.21402,2
0.4394392,-1.8914418,0
16.075956,-1.6162419,6
-2.1134448,10.777908,0
-5.255143,-5.91368,0
6.2152896,13.11215,0
-11.120976,-5.1089597,0
8.087597,4.3036075,0
-5.1751604,-10.198487,0
2.087919,23.269812,2
-5.488469,-10.544098,0
3.4933002,14.352518,0
-3.3773792,2.4453151,0
6.2185116,-1.9031204,0
-1.10888,-8.912808,0
-2.5798626,9.785514,0
-0.69940704,-5.5193973,0
6.9201784,7.0796533,0
-3.608208,17.195534,2
10.882472,5.949801,0
-2.6300056,-9.652283,0
1.2870872,-1.4357811,0
14.301306,-5.63361,0
4.0294695,17.805613,0
-8.906575,13.755625,0
5.305853,5.1171536,4
-1.4627329,3.8979323,10
12.474543,-0.98998475,0
16.77013,9.446859,0
5.859981,7.2398777,0
6.248342,8.708449,0
-4.306431,-6.0563326,0
13.44302,14.584057,0
-13.367875,4.3687344,0
0.94115233,0.029589545,0
6.943169,4.746076,0
1.974822,8.57366,0
9.466916,-3.1541004,0
7.540741,4.7249207,0
9.196175,13.230326,4
10.730751,-4.1225967,0
7.8423667,4.1761045,0
19.21428,-5.063353,0
6.0615335,14.359925,0
10.392872,3.1976833,0
-12.184454,-8.677081,0
3.830449,16.72642,0
11.427725,-4.026439,0
22.213953,-1.9130596,0
14.75261,6.655872,0
5.856611,-2.4541597,0
13.319423,14.456277,0
20.558113,16.534672,0
8.578665,5.094476,0
7.5969,-8.755678,10
3.8392546,5.3865857,0
-9.581403,8.714181,4
-4.869632,-9.845344,0
-2.6917882,-9.25006,0
4.8335443,-13.721618,4
15.136523,4.1491027,0
-3.7577283,11.414914,0
-1.1875846,-8.924308,0
10.9114275,17.406649,0
7.2715487,-6.278816,0
4.015136,5.245168,0
-4.3921156,-2.4207838,0
6.2708774,-6.1119685,0
6.865747,16.958702,0
6.009667,13.4340315,0
1.4307504,19.48914,0
0.9080728,17.156685,0
-11.998707,6.4628015,0
-8.167672,-2.7930174,0
-1.8489357,-11.614003,0
8.75986,4.184927,0
11.834011,-7.672304,0
6.607723,3.4296496,0
-3.8803732,17.394142,2
8.333715,4.503445,0
17.189234,9.542218,0
5.9413667,20.241861,0
3.9601479,3.8231244,0
20.28592,3.5675466,0
15.63242,9.708277,2
3.8179154,-12.639149,4
15.038447,-12.221324,10
6.0545077,14.358336,0
1.4785885,-0.30508435,0
-6.0712605,-5.87464,0
14.34979,16.850142,4
8.853023,5.5203605,0
20.55808,16.534653,0
5.47827,26.722599,10
-6.566251,6.2845225,4
5.50639,26.697216,10
11.074286,23.228199,2
11.00855,5.9225717,0
7.5950866,-7.6488423,0
3.5794363,16.908167,0
5.342251,5.1324,4
5.641705,6.068736,0
9.72394,3.6165142,0
12.894279,4.708074,0
11.680007,10.238209,0
8.244671,-13.700912,10
-2.4728727,9.822672,0
1.8314116,14.286805,4
-1.9194219,3.41799,10
3.8523366,-12.658336,4
4.1795254,-2.0755994,10
3.783471,14.559984,0
5.8412223,-2.575558,0
6.2471805,4.8046303,4
-5.2695737,-5.54505,0
6.8462005,3.7578814,0
4.5289044,-13.35185,4
9.273625,2.9164355,0
16.095911,0.17340633,0
6.623164,1.8862326,0
8.49185,4.5569515,0
10.848007,3.5994568,0
7.1079903,-1.2358805,0
5.371113,3.1140099,0
-2.651451,11.062426,0
10.73287,16.886166,0
14.381773,-0.66122967,0
8.474659,-13.946913,10
1.7815826,-1.0029446,0
8.31587,10.378085,4
9.972826,9.558455,0
6.93146,6.97662,0
-9.270419,4.433371,2
8.741425,4.8165936,0
-13.417835,4.319021,0
10.292917,18.529795,0
6.169966,6.6029887,10
6.57991,-1.8010161,0
-9.56724,8.752355,4
4.856553,15.228053,0
22.824593,0.5546182,0
6.784694,3.5538323,0
-6.662121,8.54769,0
16.798794,9.473264,0
8.15934,4.480226,0
-0.19684662,9.4622755,0
-10.757842,-5.3088264,3
0.9290059,0.078528665,0
19.688469,3.4327095,0
12.058605,-7.893342,0
9.961768,16.864706,0
6.541859,4.4807496,0
11.103728,-4.599437,0
8.859793,4.8954906,0
11.971819,-13.787519,0
-11.999631,6.4616766,0
-3.0388799,13.060407,0
6.001149,1.9218032,0
2.8633657,-7.0739584,0
11.013723,6.2290964,0
-14.034969,6.75623,0
-13.590708,4.146979,14
-6.2361364,15.40505,0
5.103631,9.411741,0
9.075491,3.5500183,0
8.815096,5.4923587,0
4.4818325,15.297182,0
-4.1144795,-2.871258,0
5.94781,5.6384673,0
7.135767,7.118159,0
-1.8494962,-11.614442,0
-1.31948,3.9577816,10
-2.626565,-2.8740902,0
18.525229,4.2634444,0
-3.0002034,-3.0263524,0
-9.319861,8.402139,4
6.2684865,14.065509,0
10.857572,2.9165351,0
-1.7861671,-11.549429,0
-6.5929327,6.3044252,4
-12.184325,-8.676768,0
-2.6485865,12.947564,0
6.320637,6.355105,0
3.9691253,3.8304608,0
-2.6301582,-9.650852,0
6.164534,13.985605,0
7.900569,-10.406426,10
3.97332,16.58626,0
1.1026765,0.85093206,0
-3.658972,11.318622,0
10.612677,16.319157,0
10.414319,16.269321,0
19.449965,-5.3079495,0
10.734176,-4.1318707,0
7.1390305,-1.3663337,0
13.271603,14.0710745,4
-8.623472,-13.376923,0
-13.362688,4.3740683,0
9.959434,11.898896,0
3.8357496,5.37208,0
17.484009,9.58784,0
5.3326902,14.101891,0
9.778705,3.7653089,0
-5.536756,-6.904799,0
17.670973,-2.1922815,4
-3.832115,-2.5994976,0
4.0739765,14.786579,0
13.010134,14.636472,4
-5.4723034,-6.3565907,0
9.79584,3.5660133,0
-2.519628,9.84754,0
0.38422164,-1.2897482,0
6.5076594,6.0151134,0
11.363207,-4.0327964,0
7.6059365,-10.165267,10
4.2183523,14.964692,0
-6.649053,8.518952,0
-2.421481,11.008099,0
6.888067,4.115498,0
6.69547,-2.8257163,0
6.5112634,15.176617,0
0.9306326,0.08318255,0
-9.153218,8.003748,4
5.6932225,13.838386,0
-1.5096047,18.3324,2
10.002812,15.371842,0
-9.409881,8.445733,4
-4.378281,-6.0975966,0
7.747736,3.9815276,0
-6.9053025,13.080898,4
1.3763547,-0.65971744,0
6.168643,5.3865113,0
-4.542126,-9.561054,0
18.8838,5.921915,0
-5.725198,-16.445421,0
-7.5052886,0.4392037,0
-1.0515714,-5.100228,0
5.927803,-2.0490513,0
-5.1768928,-5.5465026,0
-4.7062273,-5.7885876,0
19.234493,13.540823,0
18.935804,0.113239706,0
8.592851,4.911245,0
-5.541867,-6.868035,0
0.8018376,-0.7869529,0
6.5605555,4.465812,0
-7.8782372,-2.6240966,0
2.874036,-7.0740466,0
8.204139,4.238703,0
0.6132471,-0.062148266,0
-6.5538206,6.2802124,4
0.10482053,-1.1406441,0
-6.6525455,8.537149,0
14.30086,16.803139,4
-0.5379113,-5.6867247,0
-6.822492,13.1717615,0
9.145622,5.505639,0
16.59982,6.348758,0
5.7055907,13.865269,0
3.8371992,3.5334105,0
0.564119,0.48895508,0
6.6707788,-6.359904,0
-6.6392937,0.23642789,2
2.2996185,10.050206,0
-1.6991092,18.137447,2
4.8415937,-13.687659,4
7.0500026,6.9021764,0
19.46195,4.000087,0
-3.6427581,-2.5596015,0
-2.7852147,1.6938115,0
11.176622,-4.0210185,0
-0.17341505,5.650269,0
1.3382788,0.9908458,0
7.1055007,-2.6277485,0
13.951904,8.301438,0
3.079991,-6.3644743,0
20.559435,2.196874,0
-4.528827,-2.6239252,0
-3.7499754,11.411457,0
7.052982,7.0018277,0
13.16678,14.448221,0
11.133955,2.8861716,0
6.8665657,6.1702228,0
1.4517753,14.196627,4
7.4544997,4.158916,0
8.623868,5.3146305,0
-5.5294547,3.1340132,0
-6.660121,8.541722,0
17.930685,9.776574,0
9.048917,3.7396002,0
19.451126,-5.308903,0
13.444092,14.584715,0
-5.076688,-5.2957973,0
-11.0931225,-5.1092505,5
-2.6232753,12.929264,0
17.64617,-2.1678011,4
-5.0564203,-5.7140546,0
19.302105,-5.1562414,0
-2.5060682,9.732162,0
1.7005777,-6.7380347,0
2.222267,10.007109,0
-9.271294,4.432707,2
-2.2501934,10.4741535,0
-2.8049765,1.6645947,0
2.4896886,19.880188,0
9.830424,3.815407,0
1.292248,-12.1575165,6
-3.670207,-4.087838,0
17.68229,6.18864,0
6.1165586,4.1120815,0
17.861187,9.484694,0
9.233824,5.556185,0
6.6082907,1.8862599,0
-6.6253996,8.505504,0
6.23599,8.696062,0
15.264847,3.9963186,0
-2.7723668,1.7135391,0
-8.09847,-2.7178657,0
-0.20913868,5.697421,0
5.400554,3.9496133,0
-3.5532646,11.243234,0
8.6323,5.226358,0
19.582483,3.7184606,0
1.552708,23.08228,0
-8.623873,-13.377317,0
3.0784538,-7.37147,0
5.863795,7.231702,0
8.966847,13.10077,4
-3.7531407,11.959756,0
8.627608,5.158907,0
17.050694,8.002719,2
-9.377869,8.413622,4
1.5611746,23.064087,2
14.00322,8.2908535,0
-5.52674,-6.8741217,0
5.908904,4.458299,0
0.6516029,-1.6202803,0
10.776618,16.893244,0
10.293485,4.156308,0
-1.9074017,-0.14352739,0
-6.6105795,6.2938075,4
15.090371,10.241297,2
-9.124231,7.9192963,4
-0.9934507,-8.619506,0
1.008104,-1.1069051,0
14.327772,16.828917,4
9.443562,4.9913282,0
6.264824,15.007451,0
-2.698154,-9.243619,0
-3.1933694,11.2172365,0
6.1701584,5.3990707,0
6.674143,3.5536962,0
16.110792,0.11587178,0
-2.762507,1.7043186,0
7.5885663,-8.745616,10
1.1790578,-0.9916722,0
-7.3830247,-2.4259782,0
-6.6304283,8.515289,0
-1.0818586,-5.0686116,0
8.648886,1.7220961,0
7.072026,-2.6733458,0
7.014573,-5.6789036,0
3.465783,14.353981,0
14.972836,10.061442,2
-8.049301,-2.5253797,0
6.246293,8.705023,0
6.1753373,8.627983,0
0.76420546,-1.7185638,0
6.65486,-6.265083,0
4.8468156,-13.655491,4
0.9769754,-1.3968413,0
4.18094,3.6171906,0
12.010405,-7.8434234,0
-4.138047,-6.1786757,0
-6.4869733,0.027018227,2
11.696553,10.22882,0
6.50881,6.018111,0
-1.1964446,4.5628915,0
13.912725,-1.1419368,0
-6.588167,6.301513,4
0.2415737,7.706259,0
3.4551756,14.38731,0
3.1024091,-7.4057326,0
1.768868,14.272664,4
6.8178225,5.3160768,0
6.029658,3.941328,0
10.869079,17.356657,0
-3.390835,12.883357,0
-11.0920315,-5.094055,5
8.384331,24.965256,10
1.8023132,9.542185,0
10.754322,22.982544,2
-1.7321984,12.422615,0
7.376602,-1.4657695,0
9.745212,5.0312824,0
9.981784,9.56932,0
4.775612,-13.148882,4
-1.6779059,18.217049,2
19.715609,3.5584612,0
-6.7363524,0.66020733,2
17.677738,-2.1996741,4
10.696784,16.851995,0
15.276048,3.9856362,0
6.644389,-1.7935812,0
10.741438,22.971245,2
10.2562685,-5.9551997,2
-2.8683228,-15.314354,0
6.03847,14.37953,0
5.6313095,6.081761,0
11.322958,2.7416291,0
13.751808,-0.24213065,0
3.074831,-7.4075074,0
5.4018245,3.0124106,0
1.572221,-6.0923424,0
23.294123,0.88849074,0
11.250055,2.885141,0
8.297203,5.101717,0
-1.7404808,-13.710776,0
1.2721156,0.95734644,0
3.9909124,3.8499823,0
4.1730456,-2.0666437,10
9.028128,2.426578,0
-3.7280293,17.278284,2
-13.305059,4.4309816,0
-1.3392787,4.055686,0
9.213615,13.213188,4
-4.407354,-6.0425477,0
-3.3868344,11.3281145,0
1.7317746,-0.88116467,0
3.0918767,-7.3947773,0
19.234793,13.540698,0
-8.243109,-2.7921653,0
7.61068,-5.831154,0
14.612308,17.116896,4
6.543655,17.071703,0
17.565289,-2.0864928,4
16.111063,0.11797282,0
3.9933167,-12.761364,4
-10.707632,-4.8627954,0
1.4289587,19.489187,0
5.47208,2.9359257,0
6.9286823,16.905476,0
8.916632,-8.231068,10
10.280946,2.0437863,0
20.51021,7.0688562,2
10.6481905,17.204184,0
16.85554,9.480965,0
9.716946,2.8325782,0
13.23007,14.01972,7
-1.2042273,4.5552096,0
20.558111,16.534689,0
3.8225524,16.75638,0
8.588709,1.6151377,0
6.8087635,-6.3394423,0
6.5416293,5.2960186,0
-1.5492079,18.302126,2
17.229218,-8.795506,0
15.815898,12.799923,7
1.2925451,0.788175,0
1.1063093,-1.2320249,0
-4.847998,-6.181528,0
-5.6424356,-5.75497,0
-9.418742,-9.352585,0
5.966067,13.224529,0
4.3715787,-13.863839,4
8.313829,4.3845453,0
2.1034212,23.270576,2
23.280945,0.8686009,0
-2.562515,-10.137048,0
16.40561,6.1830482,0
20.12382,2.3827677,0
5.7342434,14.627297,0
-5.438072,-10.4928255,0
11.855821,-7.697296,0
-3.5229928,12.70202,0
8.033441,-10.538524,10
22.80249,0.6004222,0
10.062368,3.6554253,0
14.041268,16.544666,4
-1.8476218,-11.61311,0
16.861101,-8.5607195,0
3.8274922,3.5836337,0
-5.919095,3.839468,0
3.8410053,5.364857,0
-7.444265,-2.5611124,0
1.4667217,-0.29140732,0
5.223715,14.051817,0
7.5974994,-10.151371,10
11.884107,-13.880447,0
1.4493957,0.89102995,0
5.466069,3.0038314,0
-6.665014,8.549498,0
-2.0172038,4.5561457,0
9.783948,3.5990863,0
6.518924,5.9593596,0
13.31342,-2.9507422,0
5.8903127,14.444042,0
3.9607599,-12.767086,4
-6.747566,0.9174671,2
2.393715,19.790848,0
-2.8237207,1.7892017,0
16.08467,0.20151305,0
5.9470763,13.655067,0
-1.9809476,-0.22865073,0
3.0068681,-7.0436883,0
6.182912,5.366887,0
1.6127806,-6.526156,0
-3.5666103,12.607523,0
10.844121,3.5822775,0
9.453286,-3.1403196,0
6.570872,4.4677444,0
19.585833,3.7392848,0
6.2338777,13.105088,0
6.6170883,4.4693203,0
-5.973632,-5.7634373,0
17.615704,-2.13761,4
10.18726,-6.0408497,2
-10.634428,-4.774023,0
-8.100427,-2.668958,0
15.971221,0.6826162,0
6.6397996,3.493142,0
1.4842315,-0.29241833,0
10.838713,3.582748,0
-5.0868435,-5.6631126,0
5.992857,1.8484101,0
-0.14978538,9.712144,0
6.426377,5.135926,0
6.5848556,4.463541,0
16.47629,6.2391376,0
-0.21503717,5.701469,0
-6.89089,13.094092,4
0.7397939,-0.106285416,0
0.50508136,-1.0089569,0
13.088376,-2.6515636,0
1.3218588,0.823661,0
9.804768,3.4857242,0
18.885815,5.9187574,0
-8.090326,-2.6974444,0
9.121834,5.2337284,0
7.2540617,4.805841,0
6.1778173,8.633162,0
4.0451665,-3.9582195,0
-2.035159,4.5689363,0
6.411184,6.666342,0
2.5328655,19.924126,0
16.6703,6.4125853,0
-8.977569,13.816115,0
-2.3003182,10.293113,0
-2.8805225,-3.0028486,0
9.664938,3.1772566,0
13.78962,0.14157008,0
-0.41365385,9.908595,0
-4.8792067,-9.696579,0
8.047535,4.3508205,0
-4.4677334,-2.342752,0
11.897234,-13.868208,0
-9.34157,8.388063,4
-0.24872766,9.79203,0
5.4438434,26.753456,10
-12.833979,9.766385,0
13.424248,13.968129,0
0.820638,8.11418,0
1.5504075,23.072002,2
-4.6749363,-2.1817393,0
10.022165,5.129183,0
8.081749,4.232537,0
-1.2100618,4.555506,0
-3.810553,17.336748,2
5.9979515,14.412246,0
6.277387,-5.9094553,0
8.91691,-8.230912,10
-4.035137,-2.6463382,0
16.67884,6.425337,0
-14.034539,6.7525992,0
5.069198,14.196316,0
6.485676,-5.72868,0
6.2634377,-1.8771845,0
4.044305,17.820757,0
20.29666,3.5720198,0
5.8788595,3.7929451,0
2.6988828,10.182854,0
4.851406,-13.591033,4
-4.8496466,-9.651633,0
8.869318,12.834641,4
-4.6924686,-2.140932,0
10.133929,18.696766,0
7.0101995,2.9190722,0
4.624808,15.176924,0
-7.529066,0.44009253,0
18.163729,4.044752,0
-3.440646,11.149941,0
3.2583125,-6.794512,0
9.040152,3.72664,0
15.089277,10.224263,2
13.738349,-0.31559846,0
10.692327,16.81514,0
15.228041,4.0018854,0
14.521577,6.9875345,0
13.386418,25.29674,0
3.5728045,16.907234,0
7.1763077,-1.6590766,0
9.727281,16.424698,0
6.509829,6.01108,0
6.9861298,6.889153,0
12.94581,-2.485342,0
0.47105086,-1.8869951,0
22.209854,7.6407313,0
5.550213,4.0157156,0
-0.541549,-5.6907835,0
-10.6369705,-4.7755513,0
-3.7310967,-4.0574865,0
6.757132,18.652128,0
13.788169,0.13759625,0
10.993874,5.9116273,0
13.392302,13.98833,0
8.671704,5.028394,0
9.974323,16.423311,0
10.915891,3.6343863,0
3.985992,-12.756116,4
6.4211946,5.2990136,0
-6.835037,13.1787195,0
6.5555787,5.0899487,0
9.766375,9.0013685,0
4.4475074,-13.038405,4
-2.5023732,11.027715,0
10.467001,16.754688,0
7.585573,-5.8161407,0
1.9259483,9.778714,0
0.38270655,0.1659649,0
8.231139,-13.68504,10
-4.3733177,-2.3714855,0
-3.5958714,11.258527,0
9.719367,5.012971,0
8.769411,4.8334007,0
-8.506911,-2.3283439,0
2.2403495,-6.307749,0
0.93153906,0.08121326,0
-9.60189,8.732551,4
22.206566,-1.9051924,0
6.6706734,-6.3787956,0
10.921598,23.087181,2
-1.0132006,-8.6359215,0
-6.4764843,8.357527,0
-13.613916,4.1238446,12
-1.2120926,4.5555754,0
22.807434,0.5487315,0
5.081576,14.10866,0
19.591797,3.7423885,0
5.052818,14.7126045,0
2.2368038,-6.5143776,0
-0.5274404,-5.70177,0
-3.1766965,13.034193,0
6.879274,6.035641,0
3.7621427,3.637031,0
6.6906195,3.5315382,0
6.794787,-6.373663,0
-2.2547808,10.420862,0
5.068723,15.099178,0
6.6416383,-1.0933819,0
8.695719,5.507269,0
3.9328384,17.736122,0
-5.54001,-6.8980446,0
3.5299313,14.344867,0
8.7985,4.838905,0
9.981917,3.6173906,0
5.8522415,3.495087,0
7.11107,-1.306092,0
19.16847,-5.0180492,0
10.715656,-4.084548,0
2.7782521,-6.9970093,0
5.9158926,3.0597317,0
2.601885,-6.9628587,0
6.2586946,15.039513,0
11.818494,-6.6186085,10
-6.2338963,15.402876,0
-1.6257017,-13.828638,0
-0.88729054,10.116737,0
-8.623574,-13.376958,0
11.448128,3.3398514,5
-7.247974,-2.73643,0
18.970043,0.073099606,0
10.598842,-5.1914268,2
9.007077,3.4061604,0
-13.485689,4.2516146,0
9.537177,3.040402,0
17.979776,9.719583,0
13.443483,14.584708,0
11.954445,-13.811819,0
-9.426829,4.2622,2
-5.161298,-10.187736,0
15.048443,-12.202185,10
3.73523,16.785973,0
0.026832938,-0.7732956,0
6.9636745,-1.1327728,0
4.326568,-13.843054,4
10.833851,3.5857835,0
2.0908964,23.273998,2
9.947367,16.853987,0
14.2132015,7.549628,0
-1.1912081,-8.68947,0
6.4059396,6.623118,0
-3.2622404,12.990688,0
7.135452,-1.731743,0
6.2501874,14.047277,0
3.8000422,3.5742407,0
7.926541,-9.448435,10
9.061621,5.299408,0
3.9437656,-12.756262,4
1.638151,7.645038,0
0.37437156,0.1908799,0
9.84226,3.6125667,0
8.711142,5.135862,0
-1.9882423,-0.23471868,0
11.070896,23.22706,2
-1.0676919,-5.083629,0
10.919456,17.387535,0
-5.1366553,-10.164244,0
-6.7306714,0.48187652,0
2.4870067,19.876354,0
13.74197,-0.24030843,0
6.6035166,1.8676462,0
9.486672,4.962251,0
9.696149,3.2286444,0
14.317238,16.822502,4
-4.617592,-9.652784,0
-6.8361034,13.187424,0
1.2914102,-12.15805,5
-11.127673,-1.98779,0
-3.7726648,11.934065,0
3.6955967,14.512354,0
-4.664887,-9.699721,0
3.5670695,16.902252,0
11.240401,20.053328,0
4.9933248,9.519059,0
7.2101073,-1.5204843,0
6.2187595,-1.2058057,0
12.471218,-0.9811427,0
-3.5168762,11.179506,0
10.279013,-3.279225,4
8.909046,5.268715,0
9.943805,16.638245,0
-7.6600075,10.8175335,11
6.9234924,16.913317,0
4.235057,16.167099,0
2.5551577,-6.952262,0
8.89871,2.3388255,3
0.34241098,-0.13719568,0
11.233863,20.046833,0
16.075487,-1.616652,6
-4.69526,-6.172486,0
10.27026,16.748055,0
6.4585624,-5.7712107,0
18.905367,0.15325326,0
17.832077,9.842786,0
-6.0592394,-5.7960215,0
5.3496995,13.477161,0
19.659351,3.3423636,0
7.616614,-5.78205,0
1.920859,-1.0218303,0
5.7050405,5.13852,0
4.7711697,-13.764132,4
8.868261,-8.148564,10
6.042263,3.1418476,0
8.949087,5.4524927,0
-2.5378392,9.689175,0
9.977945,2.5175943,0
9.233219,5.5671062,0
-6.470611,0.009233844,2
-3.0273387,-3.0094504,0
5.3023314,14.750515,0
9.714052,3.356973,0
-3.6616383,-4.2804313,0
13.782416,0.14066333,0
7.595216,-10.126336,10
2.7912903,-17.530603,5
8.03159,10.25678,4
12.020727,5.040059,0
10.139876,15.262623,0
6.8612247,18.757095,0
6.659627,3.550305,0
20.558155,10.422178,0
-4.6829486,-5.7406116,0
9.934822,16.60981,0
7.0144367,-5.7443485,0
3.9836423,-12.75519,4
15.548292,1.3574758,4
6.7817826,-6.3753777,0
-1.7782712,18.12718,2
10.764848,16.659588,0
-5.506474,-6.869429,0
6.0249,13.6110935,0
5.252296,14.071161,0
-1.2989697,-8.637095,0
0.79926085,16.839443,0
13.454987,-3.0774627,0
19.446352,-5.303845,0
7.6898813,-5.7548475,0
6.1426888,3.4474723,0
6.386824,4.6773915,0
0.78840125,-1.5119002,0
1.6665221,-6.1192174,0
6.6478815,-2.811604,0
9.257114,5.6019344,0
4.075761,-3.9903235,0
9.686689,9.3144655,0
-1.7870718,3.5582025,10
17.839014,9.839351,0
8.590684,1.6131963,0
7.0961933,-1.7133579,0
-1.7212615,12.422403,0
-9.335607,8.371442,4
8.808538,4.8500657,0
15.115176,10.255354,2
-4.1447916,-6.1377044,0
-0.68615335,3.5436761,10
10.643044,17.089293,0
-1.7896812,3.5579932,10
6.1829805,13.679528,0
-2.653129,-9.482022,0
18.800085,0.26521128,0
12.632212,4.924683,0
20.142418,2.350639,0
-3.4285762,17.057589,2
6.217803,3.3796577,0
1.5482485,23.057741,2
-11.1276455,-1.9875256,0
10.900668,5.964062,0
14.077777,16.581352,4
-6.8997097,13.090291,4
-6.7233562,0.3939417,2
15.158399,-12.385314,10
8.326057,25.0242,10
15.265951,3.9947863,0
-4.784857,-5.8535833,0
3.5313613,14.308989,0
2.5263052,19.917414,0
6.5264583,-2.5936882,0
0.3364532,-0.060026236,0
5.6504965,14.709856,0
-4.1077037,-5.048955,0
-1.2169015,-8.924382,0
12.930014,4.689611,0
20.21122,3.6375113,0
-1.8803632,-0.13324854,0
20.493614,7.0860333,2
11.072337,-4.623899,0
9.840092,3.7727995,0
13.405711,13.978623,0
7.057315,3.5462275,0
10.787647,5.7639046,0
-2.5691946,9.792432,0
20.145481,2.3551803,0
13.29678,14.4358225,0
-6.603871,8.48858,0
3.9734366,17.793688,0
1.2134496,14.105593,4
-2.7539916,1.7283652,0
-8.632938,-2.1066692,0
16.881538,9.493042,0
-12.843602,9.782646,0
-3.3764222,2.4770296,0
-6.663878,0.25446153,2
10.89978,2.9628723,0
-2.5205758,9.691271,0
6.272681,13.036495,0
6.227459,13.778767,0
6.6887565,3.6545482,0
9.747018,4.9978104,0
6.219855,8.680848,0
-2.8340173,-2.9968133,0
18.85937,5.9311967,0
-6.9148407,13.077962,0
15.550925,1.3526489,0
6.5141525,4.947403,0
-3.9140928,-2.4984822,0
6.151746,-5.9847283,0
5.412584,5.0847907,4
3.0838766,-7.402328,0
-8.5431595,-2.3743148,0
6.5643215,4.490793,0
7.091986,21.630167,0
18.864918,0.19730642,0
3.516077,14.38715,0
9.012741,3.384876,0
1.3804368,11.676803,0
18.906666,0.18037423,0
20.556253,10.421515,0
-4.7532086,-6.191548,0
-5.558134,3.1408732,0
-5.4475317,-10.502318,0
12.836693,-2.4125178,0
3.9208546,17.272604,0
6.7496433,-2.814363,0
-1.9040093,-0.15554841,0
-5.074828,-6.1475873,0
-0.30010206,5.789491,0
7.1080475,7.0997424,0
5.7308755,13.7854,0
6.4161954,-2.5140967,0
-2.2399035,12.578513,0
-3.4414446,11.150511,0
0.3252461,-0.10299722,0
20.5564,10.422066,0
11.836804,-7.675203,0
7.091843,21.63028,0
-7.856521,-2.6452677,0
11.86364,-13.897811,0
-8.975891,13.830921,0
2.3375397,10.057922,0
8.981064,2.3643687,3
9.996418,3.6012104,0
13.747955,-4.6035542,10
6.8393188,6.171979,0
5.7805767,14.386129,0
5.9927163,3.044995,0
1.3684137,11.692826,0
8.705909,1.921588,0
5.0899925,14.096273,0
-1.5425066,18.308577,2
-6.408093,8.282588,0
5.794041,14.347894,0
14.969362,9.828339,2
1.9770207,8.5978365,0
7.020807,2.922449,0
-11.9989805,6.46218,0
-3.0129967,-3.0227802,0
-3.7628956,17.304375,2
1.4992336,-0.30800754,0
6.694931,-2.8289037,0
-7.3714967,2.4866598,0
0.5833395,-1.5616268,0
-9.187412,-6.351734,0
-2.481898,9.771965,0
13.970737,8.305973,0
12.958654,4.670744,0
14.299735,-5.632647,0
-5.8304615,3.8142512,0
6.5142145,6.0034304,0
5.3532534,5.1407833,4
6.0408025,-1.8712555,0
-9.25609,4.447116,2
-13.502988,4.234471,0
5.1113763,14.188114,0
-4.247274,-2.9465177,0
6.572147,-5.6383862,0
4.7152176,-13.111604,4
9.245772,5.5768037,0
17.45358,9.556127,0
1.5239208,-6.6433306,0
10.694495,17.246567,0
13.511622,-0.4140939,0
6.2138076,5.3621926,0
5.8450227,4.7060857,0
-8.191059,-2.8296576,0
1.335328,0.7961477,0
10.297825,5.9502497,0
2.276034,-6.3630347,0
14.984315,9.843329,2
3.9360032,16.61935,0
2.9406388,10.3384495,0
3.8775043,3.5793605,0
20.272886,3.5970259,0
19.433174,-5.2903557,0
-8.545918,-2.4688172,0
10.516029,15.931432,0
6.255867,8.717531,0
5.852842,7.2781415,4
6.026399,13.196606,0
-10.750333,-5.290138,3
-3.7019558,12.095377,0
15.163102,-12.387454,10
11.830573,-7.672829,0
-5.9007115,-5.8667326,0
7.5752892,3.6151328,0
1.452688,22.987623,2
-5.518504,-6.0887403,0
4.24059,3.6484966,0
17.476847,15.222125,0
17.683456,6.200929,0
12.88723,-2.3803535,0
8.05213,3.6551275,0
8.923931,2.3342633,3
8.020124,10.2428255,4
-2.039844,-0.29429597,0
6.8074303,2.9897969,0
6.037385,1.8931562,0
14.273757,16.777117,4
1.7848846,-1.1163903,0
10.735225,22.964926,2
20.482962,7.0939856,2
12.487465,-1.0008459,0
13.50259,-0.4108159,0
10.738053,16.8873,0
4.771985,-13.778573,4
-0.6845609,3.542567,10
6.621557,1.9143001,0
11.903819,-13.860045,0
3.8422198,5.3683753,0
5.6497674,13.56537,0
11.647926,10.266411,0
1.0873468,-1.306986,0
4.0177455,5.2424574,0
-4.4815097,-2.4161456,0
8.898317,9.098465,0
20.25279,3.6065931,0
10.258353,16.767406,0
10.315013,-5.8715653,2
-3.7965605,17.327066,2
5.79282,5.616093,0
-2.5639658,-10.122799,0
-8.667163,-2.017241,0
9.597016,3.9879882,0
-3.7632957,11.949286,1
3.8595812,3.622214,0
7.0722795,-1.6936569,0
5.7556005,13.935375,0
9.978156,9.564649,0
15.112218,10.252182,2
0.9269853,0.06789339,0
-6.5447674,6.2770586,4
6.455075,5.210071,0
-1.8427473,3.5075595,10
-2.0043552,4.5435004,0
-9.126548,7.932551,4
0.6477516,-1.6187638,0
20.27842,3.5839667,0
0.070332624,-1.0152612,0
9.235399,13.193531,4
-0.7923493,-5.4106584,0
5.340066,13.496413,0
16.86535,-8.566075,0
14.066844,-0.99623185,0
-0.16556527,9.717932,0
17.952942,9.783616,0
8.362802,-13.827063,10
9.335243,-2.9098194,2
11.024735,6.220848,0
0.3168391,-0.099777564,0
1.2583189,8.268294,0
10.087926,3.388513,0
10.952932,17.306017,0
10.023952,15.350173,0
7.162459,-2.5748734,0
20.137133,2.3570616,0
-1.9645243,-0.22593278,0
6.881217,-1.5838795,0
0.4432868,-7.4732714,0
-0.8594349,10.105366,0
5.2403555,4.092787,0
10.157582,-3.0635982,0
-6.0649242,-5.7776265,0
11.807896,-7.6476917,0
10.083925,3.613077,0
6.9382653,-6.36547,0
1.6402538,7.641141,0
5.5330257,4.0232863,0
16.107298,0.17428067,0
6.6636624,4.513361,0
15.110506,-12.299511,10
6.132586,8.580459,0
-5.0819755,-5.704574,0
8.415325,-13.880782,10
-3.6700654,17.23746,2
17.565918,-2.0866218,4
6.568111,4.4379745,0
9.3143425,2.9183614,0
17.013214,9.516865,0
1.8913417,-1.070487,0
10.0858135,2.2697492,0
-4.9096713,-9.900226,0
6.2964005,14.047988,0
16.076187,-1.6165622,6
-6.602785,8.487604,0
-9.786868,0.9670091,0
1.4526833,22.990242,2
15.814425,12.80061,7
-8.980568,13.813888,0
15.815086,12.799396,7
10.911337,2.933986,0
4.634039,15.166916,0
4.0520706,5.217124,0
18.868835,0.2365768,0
1.4656485,-0.30372047,0
-6.0482802,-5.779081,0
8.039676,4.378025,0
10.926331,23.093773,2
-12.860062,9.801621,0
7.5987687,-8.757337,10
10.461689,-5.5298753,2
20.48242,7.095581,2
7.245258,-2.480569,0
-4.94221,-9.933798,0
9.206582,4.950512,0
6.7937436,4.8859544,0
8.155,-13.60242,10
-5.6033826,-5.7401466,0
15.275969,10.393467,2
1.9343956,23.224285,2
0.9519897,17.241817,0
-8.893114,13.738383,0
16.900341,-8.583695,0
20.685143,2.139108,0
14.381584,-0.65839696,0
-7.658546,10.816806,11
10.156619,2.8750477,0
-6.570119,6.2868013,4
10.012427,15.353491,0
6.2229156,6.6272144,0
5.408467,5.079061,4
9.932001,16.787424,0
5.068048,14.153919,0
9.735948,9.042984,0
3.2469187,-6.53246,0
3.5733445,16.919897,0
-3.5255747,12.6978855,0
-5.9371815,3.8636048,0
6.0035458,3.015135,0
22.214588,-1.9130696,0
10.264954,18.55944,0
6.9381804,6.9937787,0
9.974599,9.562141,0
-1.071131,-8.915188,0
0.34047848,-0.06671446,0
-7.6600976,10.81712,11
-6.746921,0.9064953,2
1.2918754,-12.158391,6
4.360994,14.467192,0
-4.691201,-2.1428854,0
15.908954,0.77079964,0
18.83484,0.2323209,0
-4.903481,-9.89312,0
-7.220949,-2.7615411,0
9.045479,4.6473637,0
-8.531927,-2.3478544,0
3.544483,14.398138,0
10.755731,16.972795,0
4.0235915,17.846321,0
-4.497961,-9.517414,0
-3.7642024,17.308344,2
6.393668,6.6481466,0
-5.6147637,-6.1285377,0
-2.245547,12.585823,0
7.0385327,7.0060043,0
9.709991,3.3464346,0
14.755528,6.653108,0
7.5823684,-10.136054,10
8.139024,5.007786,0
1.586759,-6.681462,0
7.193694,-1.6161782,0
19.013481,3.377288,0
-6.747541,0.9173929,2
0.9544804,0.29299036,0
4.521934,-13.359056,4
-2.763046,1.7101356,0
8.577095,1.5860662,0
-0.14789823,9.71797,0
10.256111,15.161642,0
15.961108,0.6939433,0
8.657086,5.225566,0
15.556578,1.3431038,0
16.655455,6.3978004,0
-4.2479715,-5.789358,0
-3.7633393,11.415834,0
0.98994446,17.321959,0
4.0848966,-3.9998913,0
6.2355065,6.6450377,0
6.372712,5.861192,0
-4.549848,-2.3480237,0
4.830739,-13.6471195,4
0.80706346,16.869062,0
9.779409,2.9919314,0
4.9767885,9.533256,0
17.581963,-2.103248,4
-4.124743,-3.1378584,0
-3.4482396,-2.6407151,0
-2.115198,-0.39021906,0
8.384903,24.964682,10
14.978538,9.817938,2
14.300062,16.80172,4
6.266455,14.001669,0
-6.7453685,0.79235554,2
6.154275,-1.3646129,0
8.730767,3.688488,0
1.1997883,0.90807617,0
1.8292694,-1.0955445,0
9.435443,4.7406373,0
13.418629,13.961959,4
-2.736566,11.091655,0
4.590871,15.212015,0
6.744564,-6.320561,0
-1.3783216,14.548403,0
7.151752,-2.585758,0
11.055637,6.1432853,0
10.215832,-6.0078516,2
15.295306,10.41551,2
5.2471533,3.8736553,0
8.61884,5.266228,0
-2.6547174,12.95616,0
9.969241,9.556533,0
5.837108,13.268529,0
7.9199033,3.8345551,0
-4.9934835,-5.455518,0
17.205067,-8.779812,0
0.31682128,-1.2768214,0
5.5451994,4.0268893,0
-8.004258,-2.571988,0
0.42468032,-1.8756367,0
19.966587,7.4728336,2
-5.5520654,-6.0893764,0
-1.8197893,3.5287578,10
7.1316156,7.0787654,0
-9.306391,8.364239,4
-6.7404027,0.78351593,2
13.706771,8.344539,0
9.381469,5.6798635,0
2.4972465,19.88975,0
13.714543,8.326183,0
-8.027696,-2.5688548,0
-5.9398847,3.8681207,0
10.729299,-4.085032,0
4.1748953,-2.0701234,10
-6.546851,8.426235,0
-6.6653013,8.551595,0
-5.553674,3.136239,0
0.009052703,-0.76146287,0
-9.786061,0.9664618,0
11.810878,-7.6499987,0
1.4299178,19.491114,0
8.00733,10.22772,4
6.7093334,-6.3277307,0
22.2064,-1.9054669,0
6.693031,4.4945498,0
-9.138701,7.9403296,4
-2.558082,-10.066253,0
6.1311975,-5.9649334,0
2.2343473,-6.2407475,0
-0.8987699,3.7088623,10
20.161966,2.3672783,0
-2.2608712,10.404193,0
-4.7021275,-2.1354842,0
4.4859514,-13.339237,4
2.7913015,-17.530603,0
-0.19713998,9.502791,0
15.258819,-11.763823,10
5.397971,5.07423,4
-5.339937,-10.384737,0
7.7037067,-5.761523,0
6.9444366,4.3396745,0
10.275293,-3.277001,4
4.782082,-13.154377,4
6.3789086,6.6647797,0
-1.0973042,-5.0531864,0
5.583056,3.010549,0
1.9909712,-7.056825,0
6.9161267,16.903961,0
-9.313861,8.384631,4
20.121809,2.3368495,0
-1.8488933,-11.614165,0
10.245775,-5.97045,2
-5.1889343,-5.2346025,0
9.866869,11.757536,0
-3.6865287,-4.113559,0
-8.0525465,-2.5573862,0
1.3969567,0.99481815,0
9.856343,9.347639,0
9.733353,3.8123724,0
6.185791,-1.8727876,0
5.8029075,-2.4660127,0
2.534629,19.925377,0
10.182685,15.278276,0
20.810148,2.0488772,0
14.085396,16.589272,4
5.9471874,-2.0482695,0
-9.563761,8.735313,4
5.544428,4.9961066,4
10.119284,16.554848,0
7.4408884,-1.4616691,0
6.157895,2.5409045,0
7.0789742,-1.2617935,0
1.4352098,0.91917104,0
-3.7104177,-4.3044467,0
12.043547,5.0343246,0
10.687243,16.90365,0
3.951189,17.76977,0
10.10864,5.8345537,0
23.49625,0.8320512,0
11.206368,19.996763,0
8.842092,4.8516436,0
-6.8119607,13.160552,0
8.459647,10.464451,2
-6.5627003,8.4428835,0
21.013893,1.8719553,0
11.080512,23.233505,2
0.9439227,0.08788695,0
6.4150224,5.298941,0
17.95999,9.728066,0
6.516485,17.089344,0
5.853448,-2.4439812,0
8.473967,-13.946447,10
-4.146436,-6.1559467,0
10.334394,2.0340683,0
2.5324857,19.92356,0
1.9859295,9.858071,0
20.268085,3.6005716,0
9.347601,9.174257,0
6.7696466,18.669735,0
-8.057232,-2.5574296,0
20.471264,7.1080794,2
7.635799,-5.743709,0
-6.586331,6.2967916,4
10.52619,15.93028,0
-9.779677,0.9675877,0
0.3189304,-1.2741084,0
1.4842654,-0.30213404,0
10.691157,17.200146,0
-2.747037,11.098472,0
12.443558,-0.9243095,0
-9.375656,8.373312,4
0.8006649,16.847305,0
5.472437,26.729841,10
7.112353,7.0736327,0
6.3835773,-2.0461185,0
7.876317,3.7537303,0
20.730957,2.1455607,0
6.9786496,6.924782,0
13.505063,-0.43717715,0
-3.458141,17.079588,2
9.340718,-2.8817835,2
-5.5338883,3.1237524,0
7.091432,21.628965,0
6.3365855,5.344831,0
3.859424,-12.707071,4
10.3443775,16.053528,0
-5.6410885,-5.8086753,0
-5.4619727,-5.2198267,0
9.793557,2.9717498,0
-1.5029216,18.341713,2
5.5873413,13.706646,0
12.506669,-0.91477084,0
3.0299063,-6.3516827,0
-13.353579,4.3826494,0
4.0619197,17.840345,0
-6.603017,8.487992,0
5.9706235,-2.576604,0
-12.859522,9.800089,0
0.92519164,17.265022,0
6.7987337,4.5812645,0
2.8147733,-6.3202763,0
17.223223,-8.791726,0
11.047548,-4.626989,0
6.2391286,8.70088,0
5.4732,26.728779,10
-5.1813836,-5.666685,0
0.4001933,-1.8431587,0
13.970402,-1.1006496,0
-2.9867241,13.067213,0
7.9294524,-9.473258,10
10.781486,6.216812,0
-2.520342,9.658642,0
23.486946,0.8312521,0
5.9573936,3.0532563,0
-0.8429466,10.08578,0
0.23732038,7.728257,0
-11.993576,6.467301,0
-4.904398,-6.210671,0
1.6135932,-6.092896,0
9.867473,3.3203604,0
6.913465,4.698513,0
-11.993617,6.467255,0
10.737634,16.603968,0
3.0468447,-6.410244,0
9.872829,16.531185,0
8.015868,10.23744,4
3.6136556,14.462819,0
1.5751624,-6.092098,0
1.973914,-7.0744534,0
9.914229,11.810034,0
0.9381974,17.271395,0
-0.2012786,9.491142,0
10.300984,2.0425606,0
6.566648,3.6100917,0
16.566395,6.3148675,0
17.228298,-8.794899,0
11.094049,-4.580303,0
12.644588,14.973983,0
13.452763,14.592061,0
6.4413857,3.1009445,0
7.0306983,4.740647,0
-6.015043,-5.7803645,0
14.989858,10.105776,2
19.261194,-5.113803,0
-4.9107156,-6.2091203,0
-0.14185637,9.351116,0
6.2207446,-1.3584625,0
-4.197451,-2.8597493,0
6.5091224,-5.67655,0
5.12046,3.7847524,0
-3.9941127,-4.843251,0
-6.911121,13.083518,0
22.204933,-1.9040604,0
-9.666483,8.185013,4
4.183592,-2.0818956,10
-4.5244627,-2.3240902,0
-1.1257352,-8.747892,0
-7.0503683,-3.0281231,0
5.248872,14.596405,0
10.925744,5.87297,0
18.847736,0.21720132,0
9.396521,4.4211736,0
7.7309585,-5.729004,0
-5.5076056,-6.179329,0
-8.971869,13.824332,0
2.90476,-6.529901,0
9.05628,3.364815,0
9.840697,3.560902,0
-14.034958,6.7562475,0
3.8154244,5.4062443,0
8.313979,25.034168,10
-3.4494016,12.806712,0
-6.568396,6.2894206,4
-1.9325833,-0.17901334,0
-11.127196,-1.9877015,0
-4.347542,-6.007139,0
5.8003035,-2.4422634,0
20.49915,7.0827193,2
9.105306,5.51724,0
8.663789,3.4896157,0
9.805191,11.69623,0
15.630693,9.715175,2
-9.426918,4.262262,2
-3.8073428,17.334995,2
0.4030872,-1.2332852,0
-5.6538033,-6.1165648,0
8.682873,1.7989407,0
8.37875,24.96999,10
-7.6597686,10.817551,11
6.4780116,4.6894155,0
-3.4098587,11.376191,0
4.8507023,-13.710032,4
-1.5142754,3.842784,10
-9.580484,8.714355,4
10.732498,6.2062044,0
5.6365547,6.084481,0
12.649449,14.969835,0
7.1720543,-1.7192585,0
10.152475,4.0777416,0
-0.25398654,5.7435093,0
2.7694004,-6.234383,0
12.46062,-0.9294089,0
8.92167,5.422973,0
11.908872,-13.856024,0
-2.5287864,9.799084,0
5.946583,-2.529091,0
-5.629792,-6.108008,0
4.98973,9.521931,0
-0.5898713,-5.6674438,0
6.906774,7.004298,0
-9.127332,7.926251,4
3.5170212,14.334155,0
8.64251,1.6909016,0
10.26083,4.0714827,0
6.908921,7.079299,0
-0.92733353,3.729296,10
4.08039,-3.9945235,0
6.7997403,6.0221224,13
11.28337,2.777036,0
0.79183483,16.816381,0
0.6350449,-0.80446017,0
14.376323,-0.6607389,0
9.281059,3.3787968,0
3.9657288,17.71515,0
1.0802078,-1.2791911,0
-7.4915524,-2.5788782,0
3.0874572,-7.438166,0
-2.8003478,1.6730063,0
12.457862,-0.95261955,0
14.372527,-0.66486347,0
1.4411378,-0.31872064,0
8.247072,4.4508443,0
14.054168,-1.0152107,0
12.006056,-7.839718,0
-4.1182275,-2.9102907,0
9.998107,3.2344673,0
-1.5160216,3.8450341,10
10.081047,2.8764212,0
0.9244956,17.263676,0
-4.347832,-6.140133,0
-7.3715434,2.4866216,0
9.239,5.610835,0
17.57961,-2.1006498,4
6.986102,6.944108,0
-8.557073,-2.2088382,0
-6.1379676,-5.881842,0
4.4718704,-13.328374,4
8.527784,1.5304734,0
17.4908,15.237896,0
6.90394,16.92554,0
9.407351,4.632527,0
15.612774,9.74243,2
7.559879,-5.834786,0
7.3010755,20.329191,0
9.035862,5.0837502,0
10.247799,15.175331,0
5.932916,3.0554762,0
3.0656838,-7.405652,0
13.294773,-2.9193792,0
11.327694,2.747945,0
6.6923256,3.5213828,0
-5.9382815,3.865751,0
6.9545584,6.980675,0
10.344461,16.734997,0
17.584951,-2.1071348,4
8.410281,4.8377376,0
13.191171,17.852669,0
-3.7609293,11.9633,0
6.216306,13.54653,0
5.6428866,13.809314,0
9.8461075,16.541237,0
-0.83762646,-5.3548455,0
7.326848,5.455503,0
12.087804,5.017642,0
-2.11196,-0.38757113,0
10.315275,-5.851378,2
-5.4514294,-5.2069545,0
1.8891499,9.747828,0
6.1249104,3.4910564,0
9.002874,3.79737,0
-3.1214502,13.052392,0
17.572134,9.472796,0
3.2967095,-6.678741,0
13.24917,14.04315,4
-2.052123,4.5852313,0
14.298114,16.799736,4
9.997506,5.668702,0
7.130101,-2.6097536,0
12.9377,4.686815,0
14.150376,16.652376,4
-0.24299492,9.788846,0
22.213968,-1.9123588,0
-4.0775185,-5.047487,0
-2.66332,-9.399747,0
-4.8522787,-9.771993,0
-5.7379084,-16.448622,0
14.263033,7.5909624,0
0.4344242,-1.890436,0
1.8816955,-0.97801465,0
3.8566458,5.3557878,0
1.8599688,9.713529,0
-4.315116,-6.1453977,0
1.329146,11.72275,0
10.402619,5.9995255,0
5.892224,3.434921,0
-3.6720872,-4.1083083,0
-2.8681364,-15.314187,0
8.005737,10.228556,4
-3.7496953,11.977776,0
6.439631,-5.6471863,0
14.180438,8.187176,0
5.898583,7.1907916,0
11.311314,2.7521105,0
6.17057,13.080431,0
2.7899063,-6.235763,0
8.482507,3.6119037,0
10.265899,2.050036,0
-1.7985996,-6.6485267,0
7.308256,-6.254192,0
7.6717625,-5.7620606,0
17.518847,15.265763,0
-3.7727165,-4.2484207,0
8.896332,5.493344,0
10.599275,-3.7182052,4
5.628613,2.9752657,0
15.126751,-12.326265,10
0.7716868,-0.9217935,0
7.876413,4.5270853,0
-11.998736,6.4628797,0
17.085506,9.5182,0
2.9696739,-6.3686814,0
23.06453,5.020202,0
-4.419482,-2.8085268,0
13.009504,-2.5558314,0
12.511095,4.942047,0
-3.5337262,12.690767,0
-5.559645,-6.7746706,0
1.7266585,14.263622,4
1.9751625,-7.0838175,0
10.065674,2.8716857,0
-8.623469,-13.376935,0
15.957098,0.6941757,0
8.854859,5.520568,0
10.961508,-3.8578775,0
-2.7642663,1.710698,0
-3.56177,-2.5610151,0
-5.288813,-6.167124,0
16.698608,6.4377894,0
10.77154,16.96214,0
6.8401637,6.1928344,0
-6.817722,13.197955,0
6.9645896,6.8932853,0
18.54321,4.2296143,0
14.373424,-0.663652,0
5.1627784,3.8426766,0
-2.8682065,-15.313919,0
-2.1415079,12.425124,0
-11.127867,-1.9876297,0
-0.7950508,-5.402707,0
2.3621714,-6.2682414,0
1.6413722,-6.1311736,0
11.438888,3.324653,0
8.828981,9.093673,0
14.591277,17.096212,4
-4.863416,-6.147541,0
10.258404,18.564152,0
6.118308,4.4123263,0
10.947877,6.0754766,0
14.144451,16.646084,4
17.044355,8.014588,2
9.40501,4.612103,0
6.6282783,-5.638041,0
-9.786122,0.9665846,0
13.789954,0.14928974,0
1.3518956,-1.3477291,0
3.816821,-12.628274,4
6.5467806,17.068602,0
10.912288,17.393827,0
4.081992,-3.995756,0
6.31268,13.987551,0
6.174292,-2.0080898,0
2.9467325,10.340521,0
15.632512,9.709321,2
-13.379395,4.357445,0
-0.9653769,-8.680949,0
15.559874,1.3400781,0
21.012829,1.8712417,0
6.749567,-2.845239,0
11.041751,23.199337,2
9.35261,3.6148067,0
7.597707,-10.099471,10
-2.562754,-10.031201,0
16.395994,6.175363,0
3.8104641,16.753967,0
9.920083,16.553402,0
11.065648,23.219631,2
8.163545,-13.612526,10
-3.6747928,11.415055,0
1.813071,9.491962,0
8.018219,10.242138,4
16.457918,6.224536,0
-2.2378294,12.573468,0
11.291311,20.118048,0
-3.9059443,-2.5651,0
-5.1948357,-10.174173,0
8.814317,9.120832,0
6.05624,1.8858073,0
0.02940821,-0.76974845,0
16.133282,-0.4865167,0
-14.035011,6.75619,0
-9.786154,0.96676236,0
22.80063,0.6034444,0
-4.1140566,-2.9557054,0
22.82799,0.5786145,0
5.492043,26.74768,10
15.895737,0.785272,0
-4.519705,-9.54566,0
9.459683,-3.14861,0
20.279818,3.598646,0
2.086024,9.034126,0
20.723957,2.137677,0
2.9180431,10.324939,0
18.931454,0.12206785,0
13.436452,-3.0571203,0
4.7272816,-13.807901,4
2.7451253,10.217427,0
-6.232814,15.402305,0
5.711857,14.636538,0
-6.2364492,15.405271,0
-1.4834486,3.8758492,10
-3.0303006,13.059016,0
5.9745603,-2.5209985,0
17.048124,8.021562,2
5.9721217,3.382798,0
4.791159,-13.158533,4
0.8155111,-1.532239,0
22.210514,7.640837,0
7.672772,-10.233636,10
6.063493,-1.6103812,0
5.423012,5.0713105,4
19.390392,3.9694254,0
10.114472,5.827773,0
-8.619324,-2.2006972,0
7.328754,-6.2307353,0
16.072357,0.25279278,0
-4.158642,-5.278599,0
1.3124353,14.157224,4
-0.90622836,3.7114213,10
6.078799,4.811235,0
-3.4721963,17.089342,2
1.6403213,7.6396556,0
11.453777,3.3427584,5
3.832419,3.5179198,0
-1.2161561,-8.933616,0
-8.977801,13.80734,0
-3.5771139,17.16764,2
11.881684,-13.882722,0
4.0583057,-3.970413,0
19.659761,3.346607,0
22.682526,0.66368794,0
9.736425,3.7541733,0
10.096367,3.6560001,0
22.210285,7.6408367,0
5.865176,-2.5985727,0
-3.9430804,17.437664,2
18.16393,4.0441833,0
1.8465537,14.294733,4
15.8158865,12.8005,7
2.8465934,-6.2810035,0
5.800725,-2.5578504,0
18.892899,0.24018493,0
-1.1927717,4.566748,0
10.110504,2.8866959,0
2.7039678,-7.00594,0
7.0783243,-2.659245,0
17.48929,9.536841,0
7.0329638,7.0014415,0
4.4823856,15.295363,0
5.7536254,5.892003,0
9.976892,3.330868,0
5.0033236,9.50885,0
10.338421,15.411706,0
-0.87658876,10.124508,0
5.8837028,14.451132,0
1.3150901,0.99075925,0
14.538039,17.042336,4
6.3533206,3.2092,0
17.697674,9.389281,0
8.741564,3.7038562,0
6.774163,-1.0751909,0
0.68319434,-1.6664068,0
8.685768,1.8236696,0
5.1238875,13.99463,0
20.489344,7.090713,2
1.8506866,14.296759,4
5.472946,26.728815,10
14.319081,16.819216,4
-2.6219153,-9.719686,0
-9.421259,4.264243,2
6.7219996,3.0005054,0
3.9326406,-12.732106,4
11.285123,20.110945,0
9.97267,5.655137,0
6.922824,4.78206,0
6.8738422,18.771072,0
5.946434,7.125787,0
4.463927,-13.308526,4
7.350688,-6.1933665,0
14.262938,16.770693,4
4.7205496,-13.631091,4
-0.87458634,10.112001,0
0.89617187,-0.79065883,0
1.5464885,23.058178,2
5.937684,-2.5905197,0
-6.7370133,0.6787201,2
-3.7640014,11.95753,0
-5.6567307,-6.2057652,0
-1.8470968,3.5019052,10
7.583688,-5.8143263,0
0.163341,7.8008237,0
9.025937,3.379955,0
-12.849276,9.78642,0
-6.832187,13.179603,0
5.8166785,4.0532165,0
8.213361,5.1561623,0
7.031816,6.958014,0
6.5914617,-2.447887,0
5.3313785,5.122025,4
-1.6507922,-13.806805,0
1.5493331,23.07034,2
9.337867,-3.0275369,4
5.725945,13.789578,0
11.081451,-4.6338344,0
8.720687,3.6488085,0
20.701319,2.1306026,0
-0.2859582,5.775424,0
5.7889576,13.25932,0
14.984738,10.117589,2
4.7667265,-13.7526,4
10.428381,15.667499,0
6.3822126,-1.7985232,0
3.9927886,5.2692795,0
8.794763,4.832996,0
-3.373284,2.485991,0
10.924318,2.9466934,0
15.202212,-12.43576,10
0.7914702,16.816074,0
10.242173,18.584602,0
19.574532,3.3778129,0
4.8574014,-13.660672,4
8.045354,-10.552398,10
-8.8896055,13.740521,0
6.5330925,3.6385972,0
12.500067,-1.0079974,0
19.329538,3.8621876,0
4.3609,-13.852741,4
-0.5963261,-5.656937,0
8.344021,25.006422,10
3.915043,14.619187,0
10.926776,5.992466,0
0.9396617,0.5098693,0
7.129707,3.7636886,0
1.4234936,22.966028,2
-13.494548,4.2428346,0
2.396905,19.793293,0
10.713447,17.063284,0
-8.623509,-13.377023,0
8.8298,3.5923114,0
17.731329,9.768725,0
-0.3519838,5.8332486,0
10.901259,17.276403,0
-6.831858,13.181444,0
19.268484,-5.121443,0
2.9789643,-7.3299055,0
8.789196,4.510656,0
-1.536891,18.31153,2
-1.1959027,4.5649805,0
4.1815667,3.6071062,0
16.091063,0.20173521,0
20.274347,3.5505087,0
17.485355,-2.006203,4
8.882017,12.826348,4
-3.4064302,12.838133,0
8.612107,3.5365248,0
19.207905,-3.1090043,0
19.4036,-5.2599244,0
18.913317,0.14822936,0
22.49362,0.625713,0
2.2136939,-6.4846683,0
10.733254,-4.0540767,0
-3.9652114,17.451557,2
10.830058,3.5273304,0
-1.0688576,-5.0832815,0
11.853733,-13.908066,0
20.558243,16.534729,0
6.1362667,-1.4267117,0
-4.1525636,-6.153742,0
18.185667,4.0706706,0
18.813086,0.25574997,0
9.880523,16.582758,0
-7.2248883,-2.7622457,0
-0.40482134,9.9077635,0
10.029232,3.6849735,0
9.790817,5.0533605,0
1.9817609,-6.162524,0
8.576019,-14.056705,10
0.34404105,-1.2418282,0
12.705325,4.8387103,0
13.710366,8.339212,0
-2.9737635,-2.9538636,0
3.5880733,16.882414,0
5.2642655,5.142634,4
-5.9289665,3.856107,0
1.5504404,23.065588,2
5.4018846,14.23852,0
1.756662,-6.1996913,0
6.875905,18.774416,0
14.623871,17.128637,4
3.9867778,3.8701649,0
5.815512,4.6429677,0
6.231335,6.6469636,0
6.2387996,8.70028,0
-8.623514,-13.377,0
3.0678592,-7.3871436,0
-4.2027645,-2.502813,0
2.1025562,23.284885,2
9.459222,4.962709,0
19.04833,3.3684201,0
-2.868116,-15.314355,0
11.245495,-4.332916,0
3.7965608,3.5907626,0
6.57072,4.6035933,0
8.883432,12.790077,4
-2.0149083,4.5541863,0
12.470103,-0.98387223,0
5.8621655,4.9292655,4
10.1317215,18.70011,0
5.7927594,13.220871,0
2.1811585,-6.2705173,0
2.9050012,-7.137929,0
1.0572766,-1.2272118,0
6.7249436,3.495034,0
20.28681,3.5678003,0
5.515588,4.0065007,0
15.890103,0.77056444,0
10.032513,15.350206,0
-1.6714858,18.143204,2
-1.4737514,3.884679,10
8.465028,4.917209,0
15.053407,10.182564,2
13.727632,8.355273,0
3.5338569,14.37135,0
22.484823,0.6291485,0
-6.5923367,0.18058804,2
10.148333,16.562067,0
3.9065714,14.612365,0
-4.4333415,-2.3796437,0
6.985163,5.7342615,0
10.297835,-5.9025965,2
5.9186077,-2.0636966,0
11.0209055,6.2272806,0
1.4944288,-0.31201082,0
10.021126,15.395112,0
14.270377,7.1078606,0
1.6150279,-6.096732,0
-3.4363759,11.177682,0
14.213127,16.714336,4
-5.3856626,-5.5828514,0
5.203286,14.28697,0
17.466328,15.211985,0
3.2200992,-6.632666,0
14.015134,8.290215,0
1.8250189,14.289127,4
-5.016364,-5.3946705,0
11.9041605,-7.741358,0
11.836283,-7.6750107,0
10.283193,15.836613,0
-1.9198558,3.4179316,10
1.5577933,23.08076,0
6.899069,7.0272546,0
-1.7883393,18.11972,2
-6.5966654,6.3144255,4
6.7955456,-6.388542,0
-2.5645838,-10.031711,0
0.9116231,17.21959,0
8.757464,3.7217164,0
-3.0292926,11.177626,0
-5.939628,3.8659225,0
8.80806,4.62699,0
16.035763,0.34836105,0
5.6327343,2.967622,0
8.758534,4.9333215,0
-5.0245776,-6.198265,0
2.0737123,23.270031,2
12.906955,-2.4504013,0
-5.9835362,-5.952088,0
2.606622,-7.0001936,0
5.6679144,14.7401495,0
16.785872,9.46269,0
-13.54952,4.1881566,0
-6.22178,15.397976,0
6.3405824,3.154833,0
5.7728305,4.655133,0
5.940378,20.243624,0
16.856556,-8.556132,0
-4.7787175,14.509833,0
11.233816,-4.0760536,0
14.329962,16.830275,4
-4.6991878,-2.1356654,0
-0.55716294,-5.714952,0
-1.3614879,4.0104623,0
17.629148,-2.1503968,4
1.8185645,-6.2769303,0
6.8633037,5.851876,0
1.3548034,8.220225,0
5.9140406,14.2370825,0
8.579621,3.5477397,0
3.846388,16.820457,0
0.084463045,-1.1087439,0
-0.5637342,-5.692233,0
19.59273,3.7186496,0
-5.469486,-10.524648,0
-8.291866,-2.7767444,0
10.958848,5.8378057,0
10.736764,5.7948217,0
15.001922,9.85024,2
6.3070035,4.3507986,0
2.043705,-6.283189,0
-1.4084702,14.517288,0
-7.393625,-2.4485445,0
1.9113557,9.776816,0
1.3733568,-1.4194496,0
13.700946,8.341977,0
-3.747883,-4.2215533,0
19.967438,7.47184,2
6.0007224,13.475838,0
6.5453773,15.199535,0
-0.17255652,9.622807,0
10.701006,16.928164,0
0.794816,16.824804,0
16.08188,0.23586103,0
9.452138,5.6852164,0
13.2975855,-2.9231546,0
3.9684587,17.766514,0
5.8435326,-2.5025897,0
6.583498,-2.4705682,0
12.649726,14.968561,0
9.946567,3.6533039,0
4.631362,15.169709,0
9.183804,2.873568,0
-4.980511,-5.3061604,0
-5.490067,-10.542592,0
10.266869,18.555365,0
5.775944,4.6794195,0
-10.975147,-5.2013927,0
-4.784807,14.513967,0
8.803609,9.114222,0
6.316472,5.3118815,0
7.0637026,3.6336231,0
1.209137,14.092318,4
5.1435566,3.8264275,0
-6.581964,6.2940702,4
-6.3495126,-6.061303,0
10.018699,3.6814866,0
4.0019836,3.860553,0
12.471874,-0.9835804,0
1.9179891,-1.0580709,0
11.281495,20.107801,0
-8.007046,-2.5307417,0
-5.5862737,-6.0363154,0
16.799913,9.472138,0
-8.557151,-2.354615,0
14.997885,10.115625,2
6.6930847,3.500496,0
-2.1056755,10.795418,0
-2.5606174,9.770623,0
-1.7175198,12.40973,0
4.0946407,17.872364,0
2.729797,-7.0189276,0
-13.308987,4.4269876,0
4.5831485,-13.807922,4
0.58778596,-0.7284453,0
10.327641,-5.8670163,2
3.2640202,-6.744421,0
10.105165,15.24795,0
9.089326,5.3794503,0
8.046249,-10.549609,10
8.190449,4.793725,0
16.085442,0.22870685,0
-4.1372194,-6.1633224,0
1.849746,14.295502,4
14.604222,17.108883,4
-6.525572,8.407162,0
-2.7920487,1.6854912,0
-3.6290205,11.352398,0
5.9652066,2.9850504,0
12.943179,-2.4888053,0
0.15282238,7.8074074,0
-4.7815175,-9.6691675,0
-9.29858,8.331565,4
10.87958,5.9064775,0
-3.4468675,-2.6462686,0
7.4783387,-1.5574892,0
14.158612,16.659704,4
2.013624,9.881653,0
14.304368,16.80632,4
8.284989,4.4688516,0
9.802071,9.388051,0
11.701707,10.223463,0
13.018955,14.625584,0
-6.2560143,15.425821,0
-10.752217,-5.289036,3
12.512077,-0.90857506,0
11.911735,-13.852641,0
-9.425413,4.26275,2
18.51977,4.261124,0
3.0553877,-7.42172,0
7.177206,4.7461114,0
14.2944975,16.79531,4
14.051308,-1.0146444,0
-9.189405,-6.3522143,0
7.336896,20.275604,0
-3.9757285,17.459692,2
5.3500614,13.725923,0
-5.934564,3.8603804,0
19.679281,3.5254557,0
10.582455,16.245132,0
6.0398436,13.270429,0
-5.787165,3.6041465,0
6.426383,5.3005586,0
14.140138,16.641754,4
14.753618,6.657882,0
7.6058536,-10.166217,10
5.988931,-2.0121005,0
6.803855,-6.3733935,0
1.3757356,0.9885417,0
5.627638,2.9471822,0
7.0936956,21.63013,0
6.4634566,-5.669919,0
0.94649017,0.05861729,0
5.880445,-2.3150342,0
16.400122,6.1772275,0
-0.26681837,5.7542806,0
0.79511666,16.819717,0
6.50793,4.936588,0
8.847358,5.515522,0
8.74977,3.5482433,0
12.836261,-2.4184318,0
8.791498,4.865766,0
18.883232,5.920748,0
-13.313685,4.422475,0
5.124235,14.0161705,0
9.987152,9.573338,0
15.265856,3.9942644,0
-6.5271435,6.269931,4
3.8370752,-12.646707,4
10.168678,-3.0651603,0
18.932587,0.11154331,0
1.3947926,0.84376836,0
4.776386,-13.148103,4
9.652285,16.362387,0
4.84916,-13.72435,4
-0.73004353,-5.4944882,0
10.708343,6.2699385,0
-3.774188,11.464476,0
9.309244,-3.0321045,4
5.627781,6.0905223,0
-4.7861104,14.515095,0
1.4890655,-0.3029886,0
9.776465,9.002629,0
-2.270558,10.905949,0
-5.1787753,-10.194378,0
6.206078,-1.4235983,0
-8.579427,-2.3580382,0
-2.562812,-10.089286,0
12.967523,4.663464,0
-2.6323233,-2.8793895,0
7.6826406,4.3266873,0
8.465326,10.464824,2
-2.9860265,-2.9382632,0
13.452511,14.5934925,0
5.5708456,4.0474124,0
8.65548,3.598466,0
-7.2554865,-2.728402,0
-6.8321614,13.180727,0
5.9247823,20.259811,0
2.3786197,-6.210662,0
6.8512816,6.1510987,0
23.460041,0.8142785,0
18.895357,5.9081526,0
4.776788,-13.149394,4
9.776538,8.994009,0
1.3491442,0.28353235,0
13.311291,-2.9485607,0
8.788149,5.3503404,0
10.0682335,15.529785,0
13.022983,4.616221,0
6.204916,13.139641,0
6.5849977,-1.0978128,0
2.86781,-7.127805,0
-0.91053677,3.719951,10
3.8349495,3.5080664,0
17.493946,-2.0139918,4
3.8163345,3.5439675,0
5.217104,13.90534,0
10.966125,-4.6521072,0
5.973068,-2.377548,0
-3.7049255,-4.041684,0
6.5737767,-1.1010596,0
16.629211,6.376448,0
11.461414,-3.9803166,0
20.51126,7.072311,2
17.626919,-2.1488822,4
7.983127,10.241717,0
-1.0816809,-5.0702825,0
11.259319,2.8649023,0
11.6495285,10.264182,0
-1.6402996,-13.814299,0
8.301807,5.0982924,0
4.965063,9.545709,0
1.3680198,11.69236,0
6.4720745,-6.274385,0
2.9207344,10.326184,0
9.959206,3.4180396,0
19.115553,-4.9630294,0
-1.3772204,14.543793,0
-1.0577865,-5.0952415,0
8.657478,1.8586292,0
6.5459595,-6.310949,0
15.55912,1.341718,0
9.967849,3.601849,0
6.24904,8.707818,0
-4.1236415,-2.997608,0
0.6164663,-0.76326203,0
2.044003,-6.3623323,0
3.047244,-7.3757796,0
-3.7454805,11.864152,0
9.313833,5.598494,0
5.644043,13.813049,0
5.7126102,4.564832,0
6.7689457,-2.803814,0
6.612119,-2.7901444,0
-8.969076,13.813877,0
6.9707103,-5.640764,0
-6.815239,13.163025,0
6.5473437,17.06927,0
0.84697855,16.949375,0
8.698705,5.1667705,0
9.732002,9.039082,0
0.29337746,-0.7143963,0
-7.65912,10.817387,11
7.5186286,-5.931995,0
-0.94697434,-8.628699,0
6.197827,5.3827972,0
6.0065494,14.508646,0
9.055692,4.729374,0
-5.547736,3.1260505,0
9.443349,5.3231926,0
-1.0926858,-5.0570507,0
6.2415514,8.701031,0
9.459732,-3.1515052,0
8.8472185,4.855345,0
1.4451041,22.983374,2
15.131194,10.280676,2
1.8731121,-1.0209657,0
6.699275,4.546324,0
5.66691,3.007614,0
17.580757,-2.1030223,4
10.699329,6.296161,0
0.41480795,-1.8085883,0
6.792424,18.685944,0
13.307002,-2.9379492,0
-12.184148,-8.676695,0
5.30746,4.1261544,0
-4.169682,-2.808543,0
14.268119,7.112184,0
15.258565,-11.764377,10
6.4376254,-6.254963,0
5.8136387,-2.5161073,0
1.4310112,0.19870232,0
1.4305252,19.489351,0
-5.0323067,-5.313658,0
-4.9069853,-9.877765,0
3.8228877,-12.653927,4
6.304701,14.017544,0
16.39402,6.173433,0
11.205878,19.854364,0
8.650308,1.7237512,0
5.4325533,13.700246,0
5.101316,14.071849,0
6.79955,4.4285464,0
6.9857926,6.789263,0
-6.544504,6.2823935,4
-9.400195,8.393293,4
4.523879,15.328511,0
11.456603,3.3415794,5
5.352479,3.1266518,0
14.261364,16.763128,4
6.6065373,3.462376,0
3.0615385,-7.42221,0
6.8132243,4.7716804,0
9.452854,4.5221443,0
20.469778,7.1078525,2
5.640373,13.5357,0
7.133848,-1.3014544,0
10.858486,-4.0392256,0
4.0946383,-4.0095816,0
6.4666233,5.1850486,0
-9.580635,8.28933,4
-8.15716,-2.7937713,0
10.432534,16.216927,0
0.42095852,-1.8649508,0
0.6903424,-1.6839478,0
-1.2233446,-8.8240185,0
0.79921776,16.84147,0
10.323588,15.866541,0
6.374256,3.2155297,0
2.3610916,-6.3155465,0
10.339288,16.73064,0
-13.361708,4.374991,0
1.1764176,-0.9353887,0
5.799452,5.6714406,0
6.914015,3.7166295,0
8.66433,5.103401,0
1.3246884,0.98185474,0
1.8088517,9.629714,0
-6.083573,-5.7929163,0
9.268896,9.192575,0
6.788388,18.683603,0
10.058219,15.306227,0
0.34430805,-0.12618928,0
-9.195485,-6.34808,0
15.549567,1.3557022,0
17.68793,9.418594,0
10.206039,15.199775,0
13.392422,13.99559,4
17.474024,15.220199,0
6.4023733,3.2511554,0
11.429851,-4.019508,0
-1.8009839,18.1123,2
21.023508,1.8648753,0
2.2961679,-6.2468166,0
0.44179234,-7.474992,0
-1.8034253,3.5424984,10
-3.4935958,17.10688,2
6.74914,3.831998,0
-3.74468,11.997654,0
12.4631195,-0.97033596,0
22.83396,0.5536389,0
3.783736,-12.607674,4
6.4017153,-1.2090678,0
0.52555317,-1.8714446,0
-4.1575336,-2.8989706,0
-3.7624872,11.427248,0
3.8821938,16.661512,0
17.687157,6.1745267,0
0.9266154,0.055247374,0
-2.6302109,-9.651727,0
18.177237,4.0512896,0
-1.8000586,3.5509965,10
-2.621972,-2.8722632,0
11.797956,-7.6403894,0
10.135786,3.6515083,0
16.823559,9.464299,0
-6.6526327,8.537997,0
18.839962,0.22598413,0
5.9128494,3.0336444,0
0.17136279,7.7845984,0
6.1259694,-1.4556088,0
0.87794584,-0.0011235122,0
-3.4328668,11.175901,0
4.8588953,-13.697353,4
15.008197,10.127225,2
1.3474483,0.9980707,0
3.823433,-12.633019,4
12.914617,4.698869,0
12.471398,-0.98159647,0
6.671117,-1.7992953,0
5.847268,3.7791643,0
5.448355,26.718346,10
1.8229444,14.290643,4
-8.981728,13.825767,0
2.2884214,-6.568559,0
23.086233,5.034347,0
0.75639844,-1.7076477,0
14.209578,7.557335,0
5.388391,3.0129561,0
7.3056674,-2.386266,0
-1.6674857,-13.788394,0
3.9200957,-12.721606,4
-1.101086,-8.73875,0
9.589127,4.0129704,0
5.408233,13.52811,0
14.969408,10.046283,2
-9.427242,4.2624764,2
14.242023,16.743443,4
1.3480909,8.215392,0
19.23489,13.54055,0
1.8264333,8.966028,0
8.88678,12.801671,4
-0.5783263,-5.6739564,0
10.214834,-6.9548974,10
-6.80607,13.153547,0
-4.1074452,-5.143386,0
9.739686,9.127494,0
9.017711,3.3696115,0
10.850856,16.84158,0
22.798351,0.6026076,0
14.241899,7.551922,0
11.240896,-4.344807,0
6.314006,-6.1085,0
-0.15494825,9.390385,0
2.7028604,10.187849,0
0.27032942,-1.2441438,0
12.020752,-7.8540206,0
1.3816484,14.184955,4
-1.0838733,-5.0670652,0
7.1831,-2.4240804,0
17.664457,-2.1860378,4
-5.299642,-5.5825086,0
11.656926,10.260786,0
7.6361084,-5.7735767,0
4.1636796,3.6029487,0
-1.3749053,14.5387335,0
13.314771,-2.955754,0
3.0475414,-7.390073,0
10.807977,5.8013735,0
1.7952704,9.612134,0
6.7909045,18.685648,0
-1.6686075,-13.786111,0
-8.208078,-2.8624072,0
-2.4203694,11.015253,0
6.547421,4.463105,0
1.369465,11.692135,0
1.5486045,23.036457,2
15.0445385,-12.206882,10
3.9311934,17.73882,0
4.204041,3.6292124,0
18.874525,5.9254913,0
8.1743,4.339187,0
0.23812136,7.720296,0
1.3383621,11.720969,0
9.29861,9.181354,0
5.6278725,6.089681,10
-2.8016365,1.6727227,0
-11.138779,-5.1274843,0
8.913264,-8.238733,10
9.206224,3.0269568,0
5.3297315,13.857391,0
4.851206,-13.726167,4
1.4526111,22.988039,2
9.106661,3.029678,0
8.649167,3.6117668,0
5.624361,6.0921855,0
-2.1565776,-0.4321509,0
3.7592947,14.514051,0
10.9885845,-3.8654048,0
5.9086633,13.202308,0
-4.0920787,-2.4380307,0
11.0419655,5.959805,0
16.753588,9.437958,0
-13.362109,4.3746386,0
22.823252,0.61278474,0
11.239186,19.672298,0
17.456446,9.556676,0
4.024534,3.85077,0
-0.5672836,-5.7050147,0
9.0395975,3.3350554,0
9.3684225,5.6738753,0
5.266621,5.115476,4
-5.5307245,-6.862814,0
-1.8423061,-11.609236,0
12.648848,14.971355,0
5.328546,3.3313837,0
-1.6468053,-13.807966,0
9.880253,5.323632,0
5.454299,2.9819431,0
9.756174,9.008212,0
1.9263875,9.793055,0
19.234762,13.540368,0
9.356823,-2.9433057,2
-2.8752263,-3.018638,0
9.812584,5.5631533,0
6.9543943,-1.1377565,0
13.412616,13.967297,4
16.117704,0.118484646,0
-9.5784025,8.7015085,4
0.4261999,7.9756217,0
9.7536125,9.030768,0
8.216533,4.649595,0
10.083594,3.6302428,0
-0.39890054,9.898716,0
-2.0087996,4.553913,0
5.287916,4.1156635,0
17.815947,9.847426,0
6.6249285,5.372924,0
5.3896017,3.054471,0
9.55628,3.0529826,0
11.182201,-4.355454,0
-8.193895,-2.8288064,0
-5.7530107,3.5411053,0
5.6260667,5.014903,0
1.6368331,7.6472673,0
11.817933,-7.6572165,0
-0.51846224,-5.689358,0
19.568188,3.7507188,0
5.2659802,5.1019535,4
-4.4244175,-6.146531,0
10.208852,-6.015893,2
1.1060191,-1.093484,0
7.431507,-1.5019854,0
4.530772,-13.487107,4
9.091496,13.198243,4
4.011863,17.810678,0
6.84797,6.163475,0
11.016761,6.213957,0
14.196366,7.531987,0
2.0736573,9.039108,0
2.9553158,-7.086339,0
16.667868,6.411164,0
-0.55774146,-5.7100663,0
16.486217,6.2470503,0
5.82673,-2.5745082,0
17.470608,15.215821,0
11.047679,6.206479,0
1.8305365,9.670776,0
-1.4885209,3.867713,10
0.43233028,-1.8276514,0
10.069292,2.9006488,0
5.435408,2.9964461,0
6.991942,-2.3415625,0
-2.868191,-15.3143015,0
-2.620095,-2.8689067,0
-4.149829,-6.045378,0
8.16006,4.3674517,0
6.1536064,2.6666312,0
1.4999769,-0.36932927,0
-2.5631626,-10.122499,0
7.016191,3.5952568,0
0.98418206,0.04602522,0
3.9168885,17.745121,0
-2.7379174,11.082667,0
10.942465,6.0660295,0
13.386765,25.297184,0
6.2962947,-1.4179434,0
10.213205,16.581766,0
-9.661713,8.207366,4
-0.1580776,5.628796,0
-1.9275333,3.4096518,10
-5.5892572,-6.081928,0
6.8944774,16.934408,0
-1.2044204,-8.942731,0
6.2157125,-2.5796177,0
14.525034,17.029211,4
7.693676,-9.873184,10
6.242528,8.703231,0
-2.542952,11.031806,0
5.8325415,7.266708,1
6.277113,14.066508,0
4.188188,-2.0943408,10
21.017138,1.8711009,0
13.790993,0.14254287,0
5.69053,13.6446085,0
16.082443,0.22988054,0
9.149786,5.1847615,0
-2.5643787,-10.035302,0
4.0887785,14.815334,0
3.91278,3.775845,0
6.462057,4.695662,4
6.2439017,13.038581,0
-2.5492425,9.626821,0
3.493916,14.324655,0
9.185928,5.176992,0
9.323479,3.659593,0
6.88949,7.000577,0
3.76042,16.77572,0
-2.1219563,10.741487,0
10.264048,15.148151,0
13.505148,-0.43929854,0
8.426291,4.6968474,0
2.349281,10.013971,0
5.20559,3.8525145,0
4.6587377,15.144216,0
9.008719,3.4018621,0
5.157093,14.424098,0
-5.9945307,-6.006628,0
9.756711,9.013017,0
0.93800634,17.225113,0
1.5969676,-6.0940447,0
-9.328624,8.391084,4
9.450405,4.9936223,0
4.1555943,14.895233,0
-6.667659,0.2878338,4
5.067595,14.162234,0
10.977428,2.98794,0
3.7973611,3.6731012,0
1.3669074,11.687391,0
3.0262442,-6.9550433,0
-5.250003,-5.589955,0
-6.7169914,8.601787,0
-6.394098,-6.0628004,0
9.1149,3.7175746,0
10.226263,-5.9960423,2
0.8054981,16.86084,0
-3.4011307,2.5429087,0
2.628695,-7.024331,0
-0.5613004,-5.7051516,0
-4.3304243,-2.8097942,0
5.7801576,4.4284115,0
-7.371361,2.4868894,0
-3.3105528,12.95641,0
5.7841277,4.6663136,0
6.922501,7.0795517,0
7.6907034,-5.753713,0
-0.52967626,-5.6940427,0
6.883274,16.942186,0
6.4935875,17.099766,0
8.004249,4.2835903,0
7.098416,-1.6420305,0
6.756124,-5.629531,0
-1.3660791,14.560835,0
-4.188233,-5.9447803,0
4.0474496,-3.960145,0
6.853565,6.16652,0
-5.3659143,-5.200496,0
-2.519838,9.77833,0
19.460278,4.0017843,0
9.130142,4.7766147,0
6.0550346,-1.9552606,0
-9.3745165,4.3155785,2
-3.4044187,2.547265,0
9.197604,4.7860136,0
-7.659763,10.817664,11
6.542441,17.067623,0
2.3929734,19.78972,0
11.122807,-4.580976,0
10.144546,4.0713067,0
4.7734523,-13.770559,4
-2.6324923,-2.8777785,0
-5.4580684,-5.213888,0
8.308697,25.039324,10
1.9688233,8.5603695,0
-8.218218,-2.8696332,0
10.622682,-5.1688485,0
7.9523196,-10.457702,10
3.8482225,5.4009423,0
8.157409,4.363175,0
-1.0712755,-8.884382,0
3.8727753,17.718943,0
-6.519245,6.2682195,4
-2.7038634,-9.224153,0
9.847408,3.3272736,0
5.7708807,5.6451035,0
4.033688,-3.942854,0
3.086427,-7.412887,0
2.0237856,14.297264,4
-10.6363325,-4.7745204,0
-5.3461623,-5.9247904,0
4.7912827,-13.138753,4
14.3875475,-0.64840114,0
14.300078,7.634404,0
4.021019,17.810738,0
1.6239368,-6.721187,0
6.0387087,13.236515,0
20.49313,7.0869613,2
0.40701017,-1.8777331,0
5.1616964,3.818752,0
-1.3479455,4.0424294,0
17.212132,-8.779448,0
1.8082074,9.494633,0
5.3480034,14.851375,0
8.889472,12.79338,4
13.742612,-0.25867522,11
5.1373487,3.824144,0
6.803685,6.2909455,0
-3.7601576,11.942749,0
6.0267043,14.36519,0
15.258585,-11.76432,10
-2.031299,-0.28148717,0
13.193375,17.85351,0
-6.4673157,6.3748116,4
3.9779575,5.2933817,0
20.962114,1.9171546,0
-2.8717473,-3.0267835,0
-1.7444263,18.158379,2
-6.027217,-5.938765,0
-8.045422,-2.5983863,0
-4.864673,-9.809968,0
6.08863,14.323,0
6.023255,1.9971018,0
0.93696547,17.229624,0
6.244937,5.3582077,0
7.671571,-9.9098625,10
12.677863,4.8704753,0
10.588222,-5.194645,2
9.765508,3.441231,0
8.311129,25.039095,10
1.3851159,0.84225607,0
23.316433,0.8837125,0
10.425525,16.586393,0
5.6320577,5.037429,0
1.0720241,-1.1917971,0
10.955012,-4.6622915,0
-11.12654,-1.9874169,0
6.8996215,16.930042,0
0.15888621,7.7976775,0
-4.861904,-9.7132435,0
17.682436,6.1918993,0
3.056691,-7.377754,0
5.73774,14.741598,0
6.237156,8.695205,0
5.2805185,5.1016054,4
-9.270892,4.4327693,2
8.171996,-13.622325,10
8.977234,3.4700658,0
-7.5288424,0.440906,0
13.42167,-3.0416937,0
6.8623986,18.760185,0
9.221953,4.6925583,0
1.0113138,-0.84134436,0
3.9021974,3.7968767,0
5.3279133,14.164478,0
3.9153185,16.637749,0
6.2669024,13.055671,0
7.348896,4.2859645,0
9.164103,5.2617755,0
0.236382,7.7224374,0
11.076294,23.228827,2
8.642169,1.7038313,0
8.807129,9.113821,0
3.2848704,-6.5651245,0
10.427814,-5.5893636,2
-0.5544424,-5.663016,0
6.144017,2.5595686,5
-5.7606,3.5527778,0
17.889202,9.430853,0
16.006023,0.4953338,0
9.057942,5.41388,0
-5.543026,-5.309715,0
-8.671235,-2.016515,0
-6.552233,6.280154,4
17.0405,8.013995,2
6.4522467,-6.2395024,0
-5.73789,-16.448656,0
11.238027,20.051723,0
6.561407,-1.8298547,0
6.038408,1.8946164,0
-10.774662,-5.1836743,0
10.906796,5.9437013,0
3.8365946,5.3959355,0
7.7234926,-5.7596426,0
10.286663,-3.2849154,4
7.0962243,7.127723,0
-4.508122,-2.6815896,0
1.3322141,11.724044,0
19.159336,-5.009562,0
13.488512,-0.4299069,0
1.9617505,8.5624485,0
-0.16811319,5.6380215,0
23.49432,0.8341089,0
1.3692613,11.692142,0
2.8743925,-6.2972035,0
8.285945,-13.7456045,10
8.508387,4.557639,0
9.703336,16.389196,0
21.013218,1.8735021,0
-2.010374,4.5517273,0
11.363183,-4.0332236,0
2.9889078,-6.3692775,0
10.181509,18.644867,0
0.15838766,7.795977,0
13.198275,-2.7973905,0
7.593673,-7.648445,0
-2.6751192,-2.8866684,0
1.9454552,-7.0003805,0
9.449571,3.137734,0
22.212826,-1.9118364,0
6.359637,3.2215383,0
9.259512,3.1140454,0
-8.884326,13.731072,0
8.766762,4.8116217,0
16.802914,9.47354,0
20.558132,16.534676,0
9.524759,4.947803,0
-2.5099578,9.831552,0
9.951665,3.7340362,0
10.387057,16.9856,0
-9.132265,7.941044,4
5.2142053,14.960479,0
1.3087319,14.155247,4
0.31125873,-1.2865949,0
18.520563,4.2624493,0
3.1454935,-6.6455336,0
7.4664493,3.6923685,0
5.2159114,3.8599837,0
8.904078,-8.262177,10
6.633007,-2.8488355,0
13.2953825,-2.916973,0
5.506557,26.697023,10
-6.8298187,13.177354,0
-4.8709917,-9.631628,0
8.304838,-13.765057,10
8.886822,5.5439687,0
10.022635,15.369349,0
22.816914,0.5513557,0
5.9721546,13.313331,0
14.300337,-5.633198,0
-4.308456,-6.025336,0
19.36745,3.970462,0
6.7658916,-6.3087397,0
12.763835,14.861479,0
6.7051425,4.5190344,0
6.230208,3.3838544,0
16.452705,6.2216024,0
6.1599665,2.5969927,0
-3.618021,17.202375,2
10.892609,5.969447,0
-1.1293027,-8.703145,0
0.48755538,-1.7809663,0
8.893273,5.583713,0
1.0811538,-1.3130342,0
-5.6084437,-5.731943,0
14.285139,8.080572,0
11.5020685,-3.9870892,0
13.917204,-1.1492649,0
8.81948,9.09919,0
16.085835,0.22313362,0
6.443992,3.6435585,0
5.3562193,5.162317,4
16.850756,-8.552489,0
-4.115628,-6.1957407,0
1.9702617,9.81958,0
6.223911,6.65189,0
10.225365,4.166089,0
6.9362426,7.086864,0
1.2418679,-1.3612783,0
15.178831,-11.920155,10
-2.680075,11.086869,0
13.193551,17.849617,0
4.778861,-13.139397,4
7.153206,-1.6657356,0
19.206148,-3.1079328,0
16.06923,-1.4545401,0
-9.435825,4.2483544,2
3.1535244,-6.414826,0
-0.24278058,9.8009205,0
17.660435,9.427996,0
8.68983,5.4869184,0
-10.8712,-5.1512475,0
9.304265,9.173709,0
3.0352564,-6.3518653,0
-5.795366,3.6243749,0
1.2864329,0.9664387,0
7.9250684,-9.501281,10
9.879259,11.766168,0
-1.2315431,-8.911766,0
6.5641418,-1.1116403,0
-11.127749,-1.9876833,0
-8.97636,13.805082,0
6.7729025,-5.6320477,0
7.2904835,-2.4192226,0
7.9882374,5.0460453,0
3.8503833,16.693386,0
10.290165,-5.9131184,2
10.448097,-5.5628457,2
9.730113,4.9988737,0
-1.0802397,-5.0712414,0
1.6174717,-6.097344,0
4.78394,-13.14299,4
5.6494055,13.564692,0
2.000518,23.246979,2
7.298047,20.334538,0
6.040444,1.8954749,0
6.5114613,6.008483,0
5.4307933,13.77433,0
11.943593,-13.82298,0
9.809995,3.7822802,0
17.63242,-2.1540341,4
8.590985,3.5106502,0
11.254745,2.822293,0
10.844368,3.5890942,0
5.0790777,9.43653,0
9.103152,5.4007506,0
9.032291,3.4471185,0
11.754878,-6.6714444,10
-0.42178607,9.915762,0
2.892725,-6.4606404,0
-2.9350927,13.06279,0
7.0029664,2.9220135,0
18.92704,0.12985061,0
8.615629,3.6162877,0
17.469881,15.215247,0
18.770615,0.3000856,0
-1.8823702,-0.13066362,0
2.85667,-6.9335685,0
7.971739,-10.479029,10
6.912406,16.920198,0
-4.172401,-5.0688906,0
6.2709904,4.243777,0
11.458425,3.3555164,5
11.684683,10.238046,0
10.133903,18.697172,0
-5.7250333,-16.44534,0
19.972864,7.4703627,2
20.494627,7.0853014,2
-3.9678504,-2.9280958,0
8.960179,2.343608,3
3.8087459,3.5331542,0
2.9674485,10.348725,0
10.266943,18.556318,0
3.1381917,-6.4170666,0
11.874573,-13.885842,0
1.9952146,-6.9937644,0
13.450701,-3.0726242,0
9.61788,11.614019,0
5.771874,4.591723,0
6.0866046,4.057214,0
-9.345957,8.389163,4
0.9608921,17.29623,0
-3.4299235,11.141215,0
5.7937274,5.639499,0
2.9880562,-6.3280416,0
-9.65638,8.204781,4
-9.424734,4.259928,2
11.032729,-3.937125,0
-8.220377,-2.8560858,0
-0.3898602,9.8862705,0
-1.0206103,-5.1381626,0
6.5861063,3.3275907,0
11.457504,3.3384154,0
-4.531625,-9.548816,0
-0.6838317,-5.528012,0
3.8401182,5.3890333,0
14.263895,7.112243,0
6.563683,15.211829,0
15.050537,10.189348,2
8.21975,4.4534698,0
-4.4889245,-2.3155859,0
4.048298,17.824314,0
6.5085034,-6.301441,0
-5.7250867,-16.44537,0
-4.089518,-2.9134889,0
6.5186014,17.079933,0
0.033013843,-0.77148664,0
6.4111896,4.6029143,0
